solid OpenSCAD_Model
  facet normal 0.99693 0.0782977 0
    outer loop
      vertex 103.2 74.5 8.8
      vertex 103.157 75.0475 2.8
      vertex 103.157 75.0475 8.8
    endloop
  endfacet
  facet normal 0.99693 0.0782977 0
    outer loop
      vertex 103.157 75.0475 2.8
      vertex 103.2 74.5 8.8
      vertex 103.2 74.5 2.8
    endloop
  endfacet
  facet normal -0.0784787 0.996916 0
    outer loop
      vertex 99.7 78 2.8
      vertex 99.1525 77.9569 8.8
      vertex 99.7 78 8.8
    endloop
  endfacet
  facet normal -0.0784787 0.996916 0
    outer loop
      vertex 99.1525 77.9569 8.8
      vertex 99.7 78 2.8
      vertex 99.1525 77.9569 2.8
    endloop
  endfacet
  facet normal 0.649126 0.760681 -0
    outer loop
      vertex 102.175 76.9749 2.8
      vertex 101.757 77.3316 8.8
      vertex 102.175 76.9749 8.8
    endloop
  endfacet
  facet normal 0.649126 0.760681 0
    outer loop
      vertex 101.757 77.3316 8.8
      vertex 102.175 76.9749 2.8
      vertex 101.757 77.3316 2.8
    endloop
  endfacet
  facet normal -0.760374 0.649486 0
    outer loop
      vertex 96.8684 76.5573 2.8
      vertex 97.2251 76.9749 8.8
      vertex 97.2251 76.9749 2.8
    endloop
  endfacet
  facet normal -0.760374 0.649486 0
    outer loop
      vertex 97.2251 76.9749 8.8
      vertex 96.8684 76.5573 2.8
      vertex 96.8684 76.5573 8.8
    endloop
  endfacet
  facet normal -0.382727 0.923861 0
    outer loop
      vertex 98.6184 77.8287 2.8
      vertex 98.111 77.6185 8.8
      vertex 98.6184 77.8287 8.8
    endloop
  endfacet
  facet normal -0.382727 0.923861 0
    outer loop
      vertex 98.111 77.6185 8.8
      vertex 98.6184 77.8287 2.8
      vertex 98.111 77.6185 2.8
    endloop
  endfacet
  facet normal 0.85262 -0.522532 0
    outer loop
      vertex 102.532 72.4427 8.8
      vertex 102.819 72.911 2.8
      vertex 102.819 72.911 8.8
    endloop
  endfacet
  facet normal 0.85262 -0.522532 0
    outer loop
      vertex 102.819 72.911 2.8
      vertex 102.532 72.4427 8.8
      vertex 102.532 72.4427 2.8
    endloop
  endfacet
  facet normal -0.649396 -0.76045 0
    outer loop
      vertex 97.2251 72.0251 2.8
      vertex 97.6428 71.6684 8.8
      vertex 97.2251 72.0251 8.8
    endloop
  endfacet
  facet normal -0.649396 -0.76045 -0
    outer loop
      vertex 97.6428 71.6684 8.8
      vertex 97.2251 72.0251 2.8
      vertex 97.6428 71.6684 2.8
    endloop
  endfacet
  facet normal 0.92399 0.382416 0
    outer loop
      vertex 103.029 75.5816 8.8
      vertex 102.819 76.089 2.8
      vertex 102.819 76.089 8.8
    endloop
  endfacet
  facet normal 0.92399 0.382416 0
    outer loop
      vertex 102.819 76.089 2.8
      vertex 103.029 75.5816 8.8
      vertex 103.029 75.5816 2.8
    endloop
  endfacet
  facet normal 0.972463 0.233056 0
    outer loop
      vertex 103.157 75.0475 8.8
      vertex 103.029 75.5816 2.8
      vertex 103.029 75.5816 8.8
    endloop
  endfacet
  facet normal 0.972463 0.233056 0
    outer loop
      vertex 103.029 75.5816 2.8
      vertex 103.157 75.0475 8.8
      vertex 103.157 75.0475 2.8
    endloop
  endfacet
  facet normal 0.233442 0.972371 -0
    outer loop
      vertex 100.782 77.8287 2.8
      vertex 100.248 77.9569 8.8
      vertex 100.782 77.8287 8.8
    endloop
  endfacet
  facet normal 0.233442 0.972371 0
    outer loop
      vertex 100.248 77.9569 8.8
      vertex 100.782 77.8287 2.8
      vertex 100.248 77.9569 2.8
    endloop
  endfacet
  facet normal 0.0784075 0.996921 -0
    outer loop
      vertex 100.248 77.9569 2.8
      vertex 99.7 78 8.8
      vertex 100.248 77.9569 8.8
    endloop
  endfacet
  facet normal 0.0784075 0.996921 0
    outer loop
      vertex 99.7 78 8.8
      vertex 100.248 77.9569 2.8
      vertex 99.7 78 2.8
    endloop
  endfacet
  facet normal 0.522643 0.852552 -0
    outer loop
      vertex 101.757 77.3316 2.8
      vertex 101.289 77.6185 8.8
      vertex 101.757 77.3316 8.8
    endloop
  endfacet
  facet normal 0.522643 0.852552 0
    outer loop
      vertex 101.289 77.6185 8.8
      vertex 101.757 77.3316 2.8
      vertex 101.289 77.6185 2.8
    endloop
  endfacet
  facet normal -0.923861 0.382727 0
    outer loop
      vertex 96.3713 75.5816 2.8
      vertex 96.5815 76.089 8.8
      vertex 96.5815 76.089 2.8
    endloop
  endfacet
  facet normal -0.923861 0.382727 0
    outer loop
      vertex 96.5815 76.089 8.8
      vertex 96.3713 75.5816 2.8
      vertex 96.3713 75.5816 8.8
    endloop
  endfacet
  facet normal 0 0 -1
    outer loop
      vertex 101.2 74.5 2.8
      vertex 103.2 74.5 2.8
      vertex 103.157 73.9525 2.8
    endloop
  endfacet
  facet normal 0 0 -1
    outer loop
      vertex 101.182 74.2654 2.8
      vertex 103.157 73.9525 2.8
      vertex 103.029 73.4184 2.8
    endloop
  endfacet
  facet normal 0 0 -1
    outer loop
      vertex 103.2 74.5 2.8
      vertex 101.2 74.5 2.8
      vertex 103.157 75.0475 2.8
    endloop
  endfacet
  facet normal 0 0 -1
    outer loop
      vertex 101.127 74.0365 2.8
      vertex 103.029 73.4184 2.8
      vertex 102.819 72.911 2.8
    endloop
  endfacet
  facet normal 0 0 -1
    outer loop
      vertex 101.182 74.7346 2.8
      vertex 103.157 75.0475 2.8
      vertex 101.2 74.5 2.8
    endloop
  endfacet
  facet normal 0 0 -1
    outer loop
      vertex 101.037 73.819 2.8
      vertex 102.819 72.911 2.8
      vertex 102.532 72.4427 2.8
    endloop
  endfacet
  facet normal -0 0 -1
    outer loop
      vertex 103.157 75.0475 2.8
      vertex 101.182 74.7346 2.8
      vertex 103.029 75.5816 2.8
    endloop
  endfacet
  facet normal 0 0 -1
    outer loop
      vertex 100.914 73.6183 2.8
      vertex 102.532 72.4427 2.8
      vertex 102.175 72.0251 2.8
    endloop
  endfacet
  facet normal 0 0 -1
    outer loop
      vertex 101.127 74.9635 2.8
      vertex 103.029 75.5816 2.8
      vertex 101.182 74.7346 2.8
    endloop
  endfacet
  facet normal 0 0 -1
    outer loop
      vertex 100.761 73.4393 2.8
      vertex 102.175 72.0251 2.8
      vertex 101.757 71.6684 2.8
    endloop
  endfacet
  facet normal -0 0 -1
    outer loop
      vertex 103.029 75.5816 2.8
      vertex 101.127 74.9635 2.8
      vertex 102.819 76.089 2.8
    endloop
  endfacet
  facet normal 0 0 -1
    outer loop
      vertex 100.582 73.2865 2.8
      vertex 101.757 71.6684 2.8
      vertex 101.289 71.3815 2.8
    endloop
  endfacet
  facet normal 0 0 -1
    outer loop
      vertex 101.037 75.181 2.8
      vertex 102.819 76.089 2.8
      vertex 101.127 74.9635 2.8
    endloop
  endfacet
  facet normal -0 0 -1
    outer loop
      vertex 102.819 76.089 2.8
      vertex 101.037 75.181 2.8
      vertex 102.532 76.5573 2.8
    endloop
  endfacet
  facet normal 0 0 -1
    outer loop
      vertex 103.157 73.9525 2.8
      vertex 101.182 74.2654 2.8
      vertex 101.2 74.5 2.8
    endloop
  endfacet
  facet normal 0 0 -1
    outer loop
      vertex 103.029 73.4184 2.8
      vertex 101.127 74.0365 2.8
      vertex 101.182 74.2654 2.8
    endloop
  endfacet
  facet normal 0 0 -1
    outer loop
      vertex 102.819 72.911 2.8
      vertex 101.037 73.819 2.8
      vertex 101.127 74.0365 2.8
    endloop
  endfacet
  facet normal 0 0 -1
    outer loop
      vertex 102.532 72.4427 2.8
      vertex 100.914 73.6183 2.8
      vertex 101.037 73.819 2.8
    endloop
  endfacet
  facet normal 0 0 -1
    outer loop
      vertex 100.381 73.1635 2.8
      vertex 101.289 71.3815 2.8
      vertex 100.782 71.1713 2.8
    endloop
  endfacet
  facet normal 0 0 -1
    outer loop
      vertex 102.175 72.0251 2.8
      vertex 100.761 73.4393 2.8
      vertex 100.914 73.6183 2.8
    endloop
  endfacet
  facet normal 0 0 -1
    outer loop
      vertex 101.757 71.6684 2.8
      vertex 100.582 73.2865 2.8
      vertex 100.761 73.4393 2.8
    endloop
  endfacet
  facet normal 0 0 -1
    outer loop
      vertex 101.289 71.3815 2.8
      vertex 100.381 73.1635 2.8
      vertex 100.582 73.2865 2.8
    endloop
  endfacet
  facet normal 0 0 -1
    outer loop
      vertex 100.164 73.0734 2.8
      vertex 100.782 71.1713 2.8
      vertex 100.248 71.0431 2.8
    endloop
  endfacet
  facet normal 0 0 -1
    outer loop
      vertex 100.782 71.1713 2.8
      vertex 100.164 73.0734 2.8
      vertex 100.381 73.1635 2.8
    endloop
  endfacet
  facet normal 0 0 -1
    outer loop
      vertex 100.248 71.0431 2.8
      vertex 99.9347 73.0185 2.8
      vertex 100.164 73.0734 2.8
    endloop
  endfacet
  facet normal 0 0 -1
    outer loop
      vertex 99.7 71 2.8
      vertex 99.9347 73.0185 2.8
      vertex 100.248 71.0431 2.8
    endloop
  endfacet
  facet normal 0 0 -1
    outer loop
      vertex 99.7 71 2.8
      vertex 99.7 73 2.8
      vertex 99.9347 73.0185 2.8
    endloop
  endfacet
  facet normal 0 0 -1
    outer loop
      vertex 99.7 71 2.8
      vertex 99.4653 73.0185 2.8
      vertex 99.7 73 2.8
    endloop
  endfacet
  facet normal 0 0 -1
    outer loop
      vertex 99.1525 71.0431 2.8
      vertex 99.4653 73.0185 2.8
      vertex 99.7 71 2.8
    endloop
  endfacet
  facet normal -0 0 -1
    outer loop
      vertex 99.4653 73.0185 2.8
      vertex 99.1525 71.0431 2.8
      vertex 99.2365 73.0734 2.8
    endloop
  endfacet
  facet normal 0 0 -1
    outer loop
      vertex 98.6184 71.1713 2.8
      vertex 99.2365 73.0734 2.8
      vertex 99.1525 71.0431 2.8
    endloop
  endfacet
  facet normal -0 0 -1
    outer loop
      vertex 99.2365 73.0734 2.8
      vertex 98.6184 71.1713 2.8
      vertex 99.019 73.1635 2.8
    endloop
  endfacet
  facet normal 0 0 -1
    outer loop
      vertex 98.111 71.3815 2.8
      vertex 99.019 73.1635 2.8
      vertex 98.6184 71.1713 2.8
    endloop
  endfacet
  facet normal -0 0 -1
    outer loop
      vertex 99.019 73.1635 2.8
      vertex 98.111 71.3815 2.8
      vertex 98.8183 73.2865 2.8
    endloop
  endfacet
  facet normal 0 0 -1
    outer loop
      vertex 97.6428 71.6684 2.8
      vertex 98.8183 73.2865 2.8
      vertex 98.111 71.3815 2.8
    endloop
  endfacet
  facet normal -0 0 -1
    outer loop
      vertex 98.8183 73.2865 2.8
      vertex 97.6428 71.6684 2.8
      vertex 98.6393 73.4393 2.8
    endloop
  endfacet
  facet normal 0 0 -1
    outer loop
      vertex 97.2251 72.0251 2.8
      vertex 98.6393 73.4393 2.8
      vertex 97.6428 71.6684 2.8
    endloop
  endfacet
  facet normal -0 0 -1
    outer loop
      vertex 98.6393 73.4393 2.8
      vertex 97.2251 72.0251 2.8
      vertex 98.4865 73.6183 2.8
    endloop
  endfacet
  facet normal -0 0 -1
    outer loop
      vertex 98.4865 73.6183 2.8
      vertex 96.8684 72.4427 2.8
      vertex 98.3635 73.819 2.8
    endloop
  endfacet
  facet normal 0 0 -1
    outer loop
      vertex 96.8684 72.4427 2.8
      vertex 98.4865 73.6183 2.8
      vertex 97.2251 72.0251 2.8
    endloop
  endfacet
  facet normal 0 0 -1
    outer loop
      vertex 100.914 75.3817 2.8
      vertex 102.532 76.5573 2.8
      vertex 101.037 75.181 2.8
    endloop
  endfacet
  facet normal -0 0 -1
    outer loop
      vertex 102.532 76.5573 2.8
      vertex 100.914 75.3817 2.8
      vertex 102.175 76.9749 2.8
    endloop
  endfacet
  facet normal 0 0 -1
    outer loop
      vertex 100.761 75.5607 2.8
      vertex 102.175 76.9749 2.8
      vertex 100.914 75.3817 2.8
    endloop
  endfacet
  facet normal -0 0 -1
    outer loop
      vertex 102.175 76.9749 2.8
      vertex 100.761 75.5607 2.8
      vertex 101.757 77.3316 2.8
    endloop
  endfacet
  facet normal 0 0 -1
    outer loop
      vertex 100.582 75.7135 2.8
      vertex 101.757 77.3316 2.8
      vertex 100.761 75.5607 2.8
    endloop
  endfacet
  facet normal -0 0 -1
    outer loop
      vertex 101.757 77.3316 2.8
      vertex 100.582 75.7135 2.8
      vertex 101.289 77.6185 2.8
    endloop
  endfacet
  facet normal 0 0 -1
    outer loop
      vertex 100.381 75.8365 2.8
      vertex 101.289 77.6185 2.8
      vertex 100.582 75.7135 2.8
    endloop
  endfacet
  facet normal -0 0 -1
    outer loop
      vertex 101.289 77.6185 2.8
      vertex 100.381 75.8365 2.8
      vertex 100.782 77.8287 2.8
    endloop
  endfacet
  facet normal 0 0 -1
    outer loop
      vertex 100.164 75.9266 2.8
      vertex 100.782 77.8287 2.8
      vertex 100.381 75.8365 2.8
    endloop
  endfacet
  facet normal -0 0 -1
    outer loop
      vertex 100.782 77.8287 2.8
      vertex 100.164 75.9266 2.8
      vertex 100.248 77.9569 2.8
    endloop
  endfacet
  facet normal 0 0 -1
    outer loop
      vertex 99.9347 75.9815 2.8
      vertex 100.248 77.9569 2.8
      vertex 100.164 75.9266 2.8
    endloop
  endfacet
  facet normal 0 0 -1
    outer loop
      vertex 99.7 76 2.8
      vertex 100.248 77.9569 2.8
      vertex 99.9347 75.9815 2.8
    endloop
  endfacet
  facet normal 0 0 -1
    outer loop
      vertex 99.7 76 2.8
      vertex 99.7 78 2.8
      vertex 100.248 77.9569 2.8
    endloop
  endfacet
  facet normal 0 0 -1
    outer loop
      vertex 99.4653 75.9815 2.8
      vertex 99.7 78 2.8
      vertex 99.7 76 2.8
    endloop
  endfacet
  facet normal 0 0 -1
    outer loop
      vertex 99.1525 77.9569 2.8
      vertex 99.4653 75.9815 2.8
      vertex 99.2365 75.9266 2.8
    endloop
  endfacet
  facet normal 0 0 -1
    outer loop
      vertex 99.4653 75.9815 2.8
      vertex 99.1525 77.9569 2.8
      vertex 99.7 78 2.8
    endloop
  endfacet
  facet normal 0 0 -1
    outer loop
      vertex 98.6184 77.8287 2.8
      vertex 99.2365 75.9266 2.8
      vertex 99.019 75.8365 2.8
    endloop
  endfacet
  facet normal 0 0 -1
    outer loop
      vertex 98.111 77.6185 2.8
      vertex 99.019 75.8365 2.8
      vertex 98.8183 75.7135 2.8
    endloop
  endfacet
  facet normal 0 0 -1
    outer loop
      vertex 97.6428 77.3316 2.8
      vertex 98.8183 75.7135 2.8
      vertex 98.6393 75.5607 2.8
    endloop
  endfacet
  facet normal 0 0 -1
    outer loop
      vertex 99.2365 75.9266 2.8
      vertex 98.6184 77.8287 2.8
      vertex 99.1525 77.9569 2.8
    endloop
  endfacet
  facet normal 0 0 -1
    outer loop
      vertex 97.2251 76.9749 2.8
      vertex 98.6393 75.5607 2.8
      vertex 98.4865 75.3817 2.8
    endloop
  endfacet
  facet normal 0 0 -1
    outer loop
      vertex 96.8684 76.5573 2.8
      vertex 98.4865 75.3817 2.8
      vertex 98.3635 75.181 2.8
    endloop
  endfacet
  facet normal 0 0 -1
    outer loop
      vertex 96.5815 76.089 2.8
      vertex 98.3635 75.181 2.8
      vertex 98.2734 74.9635 2.8
    endloop
  endfacet
  facet normal 0 0 -1
    outer loop
      vertex 96.3713 75.5816 2.8
      vertex 98.2734 74.9635 2.8
      vertex 98.2185 74.7346 2.8
    endloop
  endfacet
  facet normal 0 0 -1
    outer loop
      vertex 99.019 75.8365 2.8
      vertex 98.111 77.6185 2.8
      vertex 98.6184 77.8287 2.8
    endloop
  endfacet
  facet normal 0 0 -1
    outer loop
      vertex 96.2431 75.0475 2.8
      vertex 98.2185 74.7346 2.8
      vertex 98.2 74.5 2.8
    endloop
  endfacet
  facet normal 0 0 -1
    outer loop
      vertex 96.5815 72.911 2.8
      vertex 98.3635 73.819 2.8
      vertex 96.8684 72.4427 2.8
    endloop
  endfacet
  facet normal -0 0 -1
    outer loop
      vertex 98.3635 73.819 2.8
      vertex 96.5815 72.911 2.8
      vertex 98.2734 74.0365 2.8
    endloop
  endfacet
  facet normal 0 0 -1
    outer loop
      vertex 98.8183 75.7135 2.8
      vertex 97.6428 77.3316 2.8
      vertex 98.111 77.6185 2.8
    endloop
  endfacet
  facet normal 0 0 -1
    outer loop
      vertex 96.3713 73.4184 2.8
      vertex 98.2734 74.0365 2.8
      vertex 96.5815 72.911 2.8
    endloop
  endfacet
  facet normal 0 0 -1
    outer loop
      vertex 98.6393 75.5607 2.8
      vertex 97.2251 76.9749 2.8
      vertex 97.6428 77.3316 2.8
    endloop
  endfacet
  facet normal -0 0 -1
    outer loop
      vertex 98.2734 74.0365 2.8
      vertex 96.3713 73.4184 2.8
      vertex 98.2185 74.2654 2.8
    endloop
  endfacet
  facet normal 0 0 -1
    outer loop
      vertex 98.4865 75.3817 2.8
      vertex 96.8684 76.5573 2.8
      vertex 97.2251 76.9749 2.8
    endloop
  endfacet
  facet normal 0 0 -1
    outer loop
      vertex 96.2431 73.9525 2.8
      vertex 98.2185 74.2654 2.8
      vertex 96.3713 73.4184 2.8
    endloop
  endfacet
  facet normal 0 0 -1
    outer loop
      vertex 98.3635 75.181 2.8
      vertex 96.5815 76.089 2.8
      vertex 96.8684 76.5573 2.8
    endloop
  endfacet
  facet normal -0 0 -1
    outer loop
      vertex 98.2185 74.2654 2.8
      vertex 96.2431 73.9525 2.8
      vertex 98.2 74.5 2.8
    endloop
  endfacet
  facet normal 0 0 -1
    outer loop
      vertex 98.2734 74.9635 2.8
      vertex 96.3713 75.5816 2.8
      vertex 96.5815 76.089 2.8
    endloop
  endfacet
  facet normal 0 0 -1
    outer loop
      vertex 96.2 74.5 2.8
      vertex 98.2 74.5 2.8
      vertex 96.2431 73.9525 2.8
    endloop
  endfacet
  facet normal 0 0 -1
    outer loop
      vertex 98.2185 74.7346 2.8
      vertex 96.2431 75.0475 2.8
      vertex 96.3713 75.5816 2.8
    endloop
  endfacet
  facet normal 0 0 -1
    outer loop
      vertex 98.2 74.5 2.8
      vertex 96.2 74.5 2.8
      vertex 96.2431 75.0475 2.8
    endloop
  endfacet
  facet normal -0.852701 0.5224 0
    outer loop
      vertex 96.5815 76.089 2.8
      vertex 96.8684 76.5573 8.8
      vertex 96.8684 76.5573 2.8
    endloop
  endfacet
  facet normal -0.852701 0.5224 0
    outer loop
      vertex 96.8684 76.5573 8.8
      vertex 96.5815 76.089 2.8
      vertex 96.5815 76.089 8.8
    endloop
  endfacet
  facet normal -0.996916 0.0784787 0
    outer loop
      vertex 96.2 74.5 2.8
      vertex 96.2431 75.0475 8.8
      vertex 96.2431 75.0475 2.8
    endloop
  endfacet
  facet normal -0.996916 0.0784787 0
    outer loop
      vertex 96.2431 75.0475 8.8
      vertex 96.2 74.5 2.8
      vertex 96.2 74.5 8.8
    endloop
  endfacet
  facet normal -0.649396 0.76045 0
    outer loop
      vertex 97.6428 77.3316 2.8
      vertex 97.2251 76.9749 8.8
      vertex 97.6428 77.3316 8.8
    endloop
  endfacet
  facet normal -0.649396 0.76045 0
    outer loop
      vertex 97.2251 76.9749 8.8
      vertex 97.6428 77.3316 2.8
      vertex 97.2251 76.9749 2.8
    endloop
  endfacet
  facet normal -0.2334 0.972381 0
    outer loop
      vertex 99.1525 77.9569 2.8
      vertex 98.6184 77.8287 8.8
      vertex 99.1525 77.9569 8.8
    endloop
  endfacet
  facet normal -0.2334 0.972381 0
    outer loop
      vertex 98.6184 77.8287 8.8
      vertex 99.1525 77.9569 2.8
      vertex 98.6184 77.8287 2.8
    endloop
  endfacet
  facet normal 0.649126 -0.760681 0
    outer loop
      vertex 101.757 71.6684 2.8
      vertex 102.175 72.0251 8.8
      vertex 101.757 71.6684 8.8
    endloop
  endfacet
  facet normal 0.649126 -0.760681 0
    outer loop
      vertex 102.175 72.0251 8.8
      vertex 101.757 71.6684 2.8
      vertex 102.175 72.0251 2.8
    endloop
  endfacet
  facet normal -0.522481 -0.852651 0
    outer loop
      vertex 97.6428 71.6684 2.8
      vertex 98.111 71.3815 8.8
      vertex 97.6428 71.6684 8.8
    endloop
  endfacet
  facet normal -0.522481 -0.852651 -0
    outer loop
      vertex 98.111 71.3815 8.8
      vertex 97.6428 71.6684 2.8
      vertex 98.111 71.3815 2.8
    endloop
  endfacet
  facet normal -0.0784787 -0.996916 0
    outer loop
      vertex 99.1525 71.0431 2.8
      vertex 99.7 71 8.8
      vertex 99.1525 71.0431 8.8
    endloop
  endfacet
  facet normal -0.0784787 -0.996916 -0
    outer loop
      vertex 99.7 71 8.8
      vertex 99.1525 71.0431 2.8
      vertex 99.7 71 2.8
    endloop
  endfacet
  facet normal -0.972381 -0.2334 0
    outer loop
      vertex 96.3713 73.4184 2.8
      vertex 96.2431 73.9525 8.8
      vertex 96.2431 73.9525 2.8
    endloop
  endfacet
  facet normal -0.972381 -0.2334 0
    outer loop
      vertex 96.2431 73.9525 8.8
      vertex 96.3713 73.4184 2.8
      vertex 96.3713 73.4184 8.8
    endloop
  endfacet
  facet normal -0.760374 -0.649486 0
    outer loop
      vertex 97.2251 72.0251 2.8
      vertex 96.8684 72.4427 8.8
      vertex 96.8684 72.4427 2.8
    endloop
  endfacet
  facet normal -0.760374 -0.649486 0
    outer loop
      vertex 96.8684 72.4427 8.8
      vertex 97.2251 72.0251 2.8
      vertex 97.2251 72.0251 8.8
    endloop
  endfacet
  facet normal 0.85262 0.522532 0
    outer loop
      vertex 102.819 76.089 8.8
      vertex 102.532 76.5573 2.8
      vertex 102.532 76.5573 8.8
    endloop
  endfacet
  facet normal 0.85262 0.522532 0
    outer loop
      vertex 102.532 76.5573 2.8
      vertex 102.819 76.089 8.8
      vertex 102.819 76.089 2.8
    endloop
  endfacet
  facet normal 0.760104 0.649802 0
    outer loop
      vertex 102.532 76.5573 8.8
      vertex 102.175 76.9749 2.8
      vertex 102.175 76.9749 8.8
    endloop
  endfacet
  facet normal 0.760104 0.649802 0
    outer loop
      vertex 102.175 76.9749 2.8
      vertex 102.532 76.5573 8.8
      vertex 102.532 76.5573 2.8
    endloop
  endfacet
  facet normal -0.996916 -0.0784787 0
    outer loop
      vertex 96.2431 73.9525 2.8
      vertex 96.2 74.5 8.8
      vertex 96.2 74.5 2.8
    endloop
  endfacet
  facet normal -0.996916 -0.0784787 0
    outer loop
      vertex 96.2 74.5 8.8
      vertex 96.2431 73.9525 2.8
      vertex 96.2431 73.9525 8.8
    endloop
  endfacet
  facet normal 0.522643 -0.852552 0
    outer loop
      vertex 101.289 71.3815 2.8
      vertex 101.757 71.6684 8.8
      vertex 101.289 71.3815 8.8
    endloop
  endfacet
  facet normal 0.522643 -0.852552 0
    outer loop
      vertex 101.757 71.6684 8.8
      vertex 101.289 71.3815 2.8
      vertex 101.757 71.6684 2.8
    endloop
  endfacet
  facet normal 0.233442 -0.972371 0
    outer loop
      vertex 100.248 71.0431 2.8
      vertex 100.782 71.1713 8.8
      vertex 100.248 71.0431 8.8
    endloop
  endfacet
  facet normal 0.233442 -0.972371 0
    outer loop
      vertex 100.782 71.1713 8.8
      vertex 100.248 71.0431 2.8
      vertex 100.782 71.1713 2.8
    endloop
  endfacet
  facet normal 0.382985 -0.923755 0
    outer loop
      vertex 100.782 71.1713 2.8
      vertex 101.289 71.3815 8.8
      vertex 100.782 71.1713 8.8
    endloop
  endfacet
  facet normal 0.382985 -0.923755 0
    outer loop
      vertex 101.289 71.3815 8.8
      vertex 100.782 71.1713 2.8
      vertex 101.289 71.3815 2.8
    endloop
  endfacet
  facet normal 0.760104 -0.649802 0
    outer loop
      vertex 102.175 72.0251 8.8
      vertex 102.532 72.4427 2.8
      vertex 102.532 72.4427 8.8
    endloop
  endfacet
  facet normal 0.760104 -0.649802 0
    outer loop
      vertex 102.532 72.4427 2.8
      vertex 102.175 72.0251 8.8
      vertex 102.175 72.0251 2.8
    endloop
  endfacet
  facet normal -0.382727 -0.923861 0
    outer loop
      vertex 98.111 71.3815 2.8
      vertex 98.6184 71.1713 8.8
      vertex 98.111 71.3815 8.8
    endloop
  endfacet
  facet normal -0.382727 -0.923861 -0
    outer loop
      vertex 98.6184 71.1713 8.8
      vertex 98.111 71.3815 2.8
      vertex 98.6184 71.1713 2.8
    endloop
  endfacet
  facet normal -0.2334 -0.972381 0
    outer loop
      vertex 98.6184 71.1713 2.8
      vertex 99.1525 71.0431 8.8
      vertex 98.6184 71.1713 8.8
    endloop
  endfacet
  facet normal -0.2334 -0.972381 -0
    outer loop
      vertex 99.1525 71.0431 8.8
      vertex 98.6184 71.1713 2.8
      vertex 99.1525 71.0431 2.8
    endloop
  endfacet
  facet normal 0.0784075 -0.996921 0
    outer loop
      vertex 99.7 71 2.8
      vertex 100.248 71.0431 8.8
      vertex 99.7 71 8.8
    endloop
  endfacet
  facet normal 0.0784075 -0.996921 0
    outer loop
      vertex 100.248 71.0431 8.8
      vertex 99.7 71 2.8
      vertex 100.248 71.0431 2.8
    endloop
  endfacet
  facet normal -0.923861 -0.382727 0
    outer loop
      vertex 96.5815 72.911 2.8
      vertex 96.3713 73.4184 8.8
      vertex 96.3713 73.4184 2.8
    endloop
  endfacet
  facet normal -0.923861 -0.382727 0
    outer loop
      vertex 96.3713 73.4184 8.8
      vertex 96.5815 72.911 2.8
      vertex 96.5815 72.911 8.8
    endloop
  endfacet
  facet normal -0.852701 -0.5224 0
    outer loop
      vertex 96.8684 72.4427 2.8
      vertex 96.5815 72.911 8.8
      vertex 96.5815 72.911 2.8
    endloop
  endfacet
  facet normal -0.852701 -0.5224 0
    outer loop
      vertex 96.5815 72.911 8.8
      vertex 96.8684 72.4427 2.8
      vertex 96.8684 72.4427 8.8
    endloop
  endfacet
  facet normal 0.382985 0.923755 -0
    outer loop
      vertex 101.289 77.6185 2.8
      vertex 100.782 77.8287 8.8
      vertex 101.289 77.6185 8.8
    endloop
  endfacet
  facet normal 0.382985 0.923755 0
    outer loop
      vertex 100.782 77.8287 8.8
      vertex 101.289 77.6185 2.8
      vertex 100.782 77.8287 2.8
    endloop
  endfacet
  facet normal 0 0 1
    outer loop
      vertex 101.2 74.5 8.8
      vertex 103.2 74.5 8.8
      vertex 103.157 75.0475 8.8
    endloop
  endfacet
  facet normal 0 0 1
    outer loop
      vertex 101.182 74.7346 8.8
      vertex 103.157 75.0475 8.8
      vertex 103.029 75.5816 8.8
    endloop
  endfacet
  facet normal 0 0 1
    outer loop
      vertex 103.2 74.5 8.8
      vertex 101.2 74.5 8.8
      vertex 103.157 73.9525 8.8
    endloop
  endfacet
  facet normal 0 0 1
    outer loop
      vertex 101.127 74.9635 8.8
      vertex 103.029 75.5816 8.8
      vertex 102.819 76.089 8.8
    endloop
  endfacet
  facet normal -0 0 1
    outer loop
      vertex 101.182 74.2654 8.8
      vertex 103.157 73.9525 8.8
      vertex 101.2 74.5 8.8
    endloop
  endfacet
  facet normal 0 0 1
    outer loop
      vertex 101.037 75.181 8.8
      vertex 102.819 76.089 8.8
      vertex 102.532 76.5573 8.8
    endloop
  endfacet
  facet normal 0 0 1
    outer loop
      vertex 103.157 73.9525 8.8
      vertex 101.182 74.2654 8.8
      vertex 103.029 73.4184 8.8
    endloop
  endfacet
  facet normal 0 0 1
    outer loop
      vertex 100.914 75.3817 8.8
      vertex 102.532 76.5573 8.8
      vertex 102.175 76.9749 8.8
    endloop
  endfacet
  facet normal -0 0 1
    outer loop
      vertex 101.127 74.0365 8.8
      vertex 103.029 73.4184 8.8
      vertex 101.182 74.2654 8.8
    endloop
  endfacet
  facet normal 0 0 1
    outer loop
      vertex 100.761 75.5607 8.8
      vertex 102.175 76.9749 8.8
      vertex 101.757 77.3316 8.8
    endloop
  endfacet
  facet normal 0 0 1
    outer loop
      vertex 103.029 73.4184 8.8
      vertex 101.127 74.0365 8.8
      vertex 102.819 72.911 8.8
    endloop
  endfacet
  facet normal 0 0 1
    outer loop
      vertex 100.582 75.7135 8.8
      vertex 101.757 77.3316 8.8
      vertex 101.289 77.6185 8.8
    endloop
  endfacet
  facet normal -0 0 1
    outer loop
      vertex 101.037 73.819 8.8
      vertex 102.819 72.911 8.8
      vertex 101.127 74.0365 8.8
    endloop
  endfacet
  facet normal 0 0 1
    outer loop
      vertex 102.819 72.911 8.8
      vertex 101.037 73.819 8.8
      vertex 102.532 72.4427 8.8
    endloop
  endfacet
  facet normal 0 0 1
    outer loop
      vertex 103.157 75.0475 8.8
      vertex 101.182 74.7346 8.8
      vertex 101.2 74.5 8.8
    endloop
  endfacet
  facet normal 0 0 1
    outer loop
      vertex 103.029 75.5816 8.8
      vertex 101.127 74.9635 8.8
      vertex 101.182 74.7346 8.8
    endloop
  endfacet
  facet normal 0 0 1
    outer loop
      vertex 102.819 76.089 8.8
      vertex 101.037 75.181 8.8
      vertex 101.127 74.9635 8.8
    endloop
  endfacet
  facet normal 0 0 1
    outer loop
      vertex 102.532 76.5573 8.8
      vertex 100.914 75.3817 8.8
      vertex 101.037 75.181 8.8
    endloop
  endfacet
  facet normal 0 0 1
    outer loop
      vertex 100.381 75.8365 8.8
      vertex 101.289 77.6185 8.8
      vertex 100.782 77.8287 8.8
    endloop
  endfacet
  facet normal 0 0 1
    outer loop
      vertex 102.175 76.9749 8.8
      vertex 100.761 75.5607 8.8
      vertex 100.914 75.3817 8.8
    endloop
  endfacet
  facet normal 0 0 1
    outer loop
      vertex 101.757 77.3316 8.8
      vertex 100.582 75.7135 8.8
      vertex 100.761 75.5607 8.8
    endloop
  endfacet
  facet normal 0 0 1
    outer loop
      vertex 101.289 77.6185 8.8
      vertex 100.381 75.8365 8.8
      vertex 100.582 75.7135 8.8
    endloop
  endfacet
  facet normal 0 0 1
    outer loop
      vertex 100.164 75.9266 8.8
      vertex 100.782 77.8287 8.8
      vertex 100.248 77.9569 8.8
    endloop
  endfacet
  facet normal 0 0 1
    outer loop
      vertex 100.782 77.8287 8.8
      vertex 100.164 75.9266 8.8
      vertex 100.381 75.8365 8.8
    endloop
  endfacet
  facet normal 0 0 1
    outer loop
      vertex 100.248 77.9569 8.8
      vertex 99.9347 75.9815 8.8
      vertex 100.164 75.9266 8.8
    endloop
  endfacet
  facet normal 0 0 1
    outer loop
      vertex 99.7 78 8.8
      vertex 99.9347 75.9815 8.8
      vertex 100.248 77.9569 8.8
    endloop
  endfacet
  facet normal 0 0 1
    outer loop
      vertex 99.7 78 8.8
      vertex 99.7 76 8.8
      vertex 99.9347 75.9815 8.8
    endloop
  endfacet
  facet normal 0 0 1
    outer loop
      vertex 99.7 78 8.8
      vertex 99.4653 75.9815 8.8
      vertex 99.7 76 8.8
    endloop
  endfacet
  facet normal -0 0 1
    outer loop
      vertex 99.1525 77.9569 8.8
      vertex 99.4653 75.9815 8.8
      vertex 99.7 78 8.8
    endloop
  endfacet
  facet normal 0 0 1
    outer loop
      vertex 99.4653 75.9815 8.8
      vertex 99.1525 77.9569 8.8
      vertex 99.2365 75.9266 8.8
    endloop
  endfacet
  facet normal -0 0 1
    outer loop
      vertex 98.6184 77.8287 8.8
      vertex 99.2365 75.9266 8.8
      vertex 99.1525 77.9569 8.8
    endloop
  endfacet
  facet normal 0 0 1
    outer loop
      vertex 99.2365 75.9266 8.8
      vertex 98.6184 77.8287 8.8
      vertex 99.019 75.8365 8.8
    endloop
  endfacet
  facet normal -0 0 1
    outer loop
      vertex 98.111 77.6185 8.8
      vertex 99.019 75.8365 8.8
      vertex 98.6184 77.8287 8.8
    endloop
  endfacet
  facet normal 0 0 1
    outer loop
      vertex 99.019 75.8365 8.8
      vertex 98.111 77.6185 8.8
      vertex 98.8183 75.7135 8.8
    endloop
  endfacet
  facet normal -0 0 1
    outer loop
      vertex 97.6428 77.3316 8.8
      vertex 98.8183 75.7135 8.8
      vertex 98.111 77.6185 8.8
    endloop
  endfacet
  facet normal 0 0 1
    outer loop
      vertex 98.8183 75.7135 8.8
      vertex 97.6428 77.3316 8.8
      vertex 98.6393 75.5607 8.8
    endloop
  endfacet
  facet normal -0 0 1
    outer loop
      vertex 97.2251 76.9749 8.8
      vertex 98.6393 75.5607 8.8
      vertex 97.6428 77.3316 8.8
    endloop
  endfacet
  facet normal 0 0 1
    outer loop
      vertex 98.6393 75.5607 8.8
      vertex 97.2251 76.9749 8.8
      vertex 98.4865 75.3817 8.8
    endloop
  endfacet
  facet normal 0 0 1
    outer loop
      vertex 98.4865 75.3817 8.8
      vertex 96.8684 76.5573 8.8
      vertex 98.3635 75.181 8.8
    endloop
  endfacet
  facet normal -0 0 1
    outer loop
      vertex 96.8684 76.5573 8.8
      vertex 98.4865 75.3817 8.8
      vertex 97.2251 76.9749 8.8
    endloop
  endfacet
  facet normal -0 0 1
    outer loop
      vertex 100.914 73.6183 8.8
      vertex 102.532 72.4427 8.8
      vertex 101.037 73.819 8.8
    endloop
  endfacet
  facet normal 0 0 1
    outer loop
      vertex 102.532 72.4427 8.8
      vertex 100.914 73.6183 8.8
      vertex 102.175 72.0251 8.8
    endloop
  endfacet
  facet normal -0 0 1
    outer loop
      vertex 100.761 73.4393 8.8
      vertex 102.175 72.0251 8.8
      vertex 100.914 73.6183 8.8
    endloop
  endfacet
  facet normal 0 0 1
    outer loop
      vertex 102.175 72.0251 8.8
      vertex 100.761 73.4393 8.8
      vertex 101.757 71.6684 8.8
    endloop
  endfacet
  facet normal -0 0 1
    outer loop
      vertex 100.582 73.2865 8.8
      vertex 101.757 71.6684 8.8
      vertex 100.761 73.4393 8.8
    endloop
  endfacet
  facet normal 0 0 1
    outer loop
      vertex 101.757 71.6684 8.8
      vertex 100.582 73.2865 8.8
      vertex 101.289 71.3815 8.8
    endloop
  endfacet
  facet normal -0 0 1
    outer loop
      vertex 100.381 73.1635 8.8
      vertex 101.289 71.3815 8.8
      vertex 100.582 73.2865 8.8
    endloop
  endfacet
  facet normal 0 0 1
    outer loop
      vertex 101.289 71.3815 8.8
      vertex 100.381 73.1635 8.8
      vertex 100.782 71.1713 8.8
    endloop
  endfacet
  facet normal -0 0 1
    outer loop
      vertex 100.164 73.0734 8.8
      vertex 100.782 71.1713 8.8
      vertex 100.381 73.1635 8.8
    endloop
  endfacet
  facet normal 0 0 1
    outer loop
      vertex 100.782 71.1713 8.8
      vertex 100.164 73.0734 8.8
      vertex 100.248 71.0431 8.8
    endloop
  endfacet
  facet normal -0 0 1
    outer loop
      vertex 99.9347 73.0185 8.8
      vertex 100.248 71.0431 8.8
      vertex 100.164 73.0734 8.8
    endloop
  endfacet
  facet normal -0 0 1
    outer loop
      vertex 99.7 73 8.8
      vertex 100.248 71.0431 8.8
      vertex 99.9347 73.0185 8.8
    endloop
  endfacet
  facet normal 0 0 1
    outer loop
      vertex 99.7 73 8.8
      vertex 99.7 71 8.8
      vertex 100.248 71.0431 8.8
    endloop
  endfacet
  facet normal 0 0 1
    outer loop
      vertex 99.4653 73.0185 8.8
      vertex 99.7 71 8.8
      vertex 99.7 73 8.8
    endloop
  endfacet
  facet normal 0 0 1
    outer loop
      vertex 99.1525 71.0431 8.8
      vertex 99.4653 73.0185 8.8
      vertex 99.2365 73.0734 8.8
    endloop
  endfacet
  facet normal 0 0 1
    outer loop
      vertex 99.4653 73.0185 8.8
      vertex 99.1525 71.0431 8.8
      vertex 99.7 71 8.8
    endloop
  endfacet
  facet normal 0 0 1
    outer loop
      vertex 98.6184 71.1713 8.8
      vertex 99.2365 73.0734 8.8
      vertex 99.019 73.1635 8.8
    endloop
  endfacet
  facet normal 0 0 1
    outer loop
      vertex 98.111 71.3815 8.8
      vertex 99.019 73.1635 8.8
      vertex 98.8183 73.2865 8.8
    endloop
  endfacet
  facet normal 0 0 1
    outer loop
      vertex 97.6428 71.6684 8.8
      vertex 98.8183 73.2865 8.8
      vertex 98.6393 73.4393 8.8
    endloop
  endfacet
  facet normal 0 0 1
    outer loop
      vertex 99.2365 73.0734 8.8
      vertex 98.6184 71.1713 8.8
      vertex 99.1525 71.0431 8.8
    endloop
  endfacet
  facet normal 0 0 1
    outer loop
      vertex 97.2251 72.0251 8.8
      vertex 98.6393 73.4393 8.8
      vertex 98.4865 73.6183 8.8
    endloop
  endfacet
  facet normal 0 0 1
    outer loop
      vertex 96.8684 72.4427 8.8
      vertex 98.4865 73.6183 8.8
      vertex 98.3635 73.819 8.8
    endloop
  endfacet
  facet normal 0 0 1
    outer loop
      vertex 96.5815 72.911 8.8
      vertex 98.3635 73.819 8.8
      vertex 98.2734 74.0365 8.8
    endloop
  endfacet
  facet normal 0 0 1
    outer loop
      vertex 96.3713 73.4184 8.8
      vertex 98.2734 74.0365 8.8
      vertex 98.2185 74.2654 8.8
    endloop
  endfacet
  facet normal 0 0 1
    outer loop
      vertex 99.019 73.1635 8.8
      vertex 98.111 71.3815 8.8
      vertex 98.6184 71.1713 8.8
    endloop
  endfacet
  facet normal 0 0 1
    outer loop
      vertex 96.2431 73.9525 8.8
      vertex 98.2185 74.2654 8.8
      vertex 98.2 74.5 8.8
    endloop
  endfacet
  facet normal -0 0 1
    outer loop
      vertex 96.5815 76.089 8.8
      vertex 98.3635 75.181 8.8
      vertex 96.8684 76.5573 8.8
    endloop
  endfacet
  facet normal 0 0 1
    outer loop
      vertex 98.3635 75.181 8.8
      vertex 96.5815 76.089 8.8
      vertex 98.2734 74.9635 8.8
    endloop
  endfacet
  facet normal 0 0 1
    outer loop
      vertex 98.8183 73.2865 8.8
      vertex 97.6428 71.6684 8.8
      vertex 98.111 71.3815 8.8
    endloop
  endfacet
  facet normal -0 0 1
    outer loop
      vertex 96.3713 75.5816 8.8
      vertex 98.2734 74.9635 8.8
      vertex 96.5815 76.089 8.8
    endloop
  endfacet
  facet normal 0 0 1
    outer loop
      vertex 98.6393 73.4393 8.8
      vertex 97.2251 72.0251 8.8
      vertex 97.6428 71.6684 8.8
    endloop
  endfacet
  facet normal 0 0 1
    outer loop
      vertex 98.2734 74.9635 8.8
      vertex 96.3713 75.5816 8.8
      vertex 98.2185 74.7346 8.8
    endloop
  endfacet
  facet normal 0 0 1
    outer loop
      vertex 98.4865 73.6183 8.8
      vertex 96.8684 72.4427 8.8
      vertex 97.2251 72.0251 8.8
    endloop
  endfacet
  facet normal -0 0 1
    outer loop
      vertex 96.2431 75.0475 8.8
      vertex 98.2185 74.7346 8.8
      vertex 96.3713 75.5816 8.8
    endloop
  endfacet
  facet normal 0 0 1
    outer loop
      vertex 98.3635 73.819 8.8
      vertex 96.5815 72.911 8.8
      vertex 96.8684 72.4427 8.8
    endloop
  endfacet
  facet normal 0 0 1
    outer loop
      vertex 98.2185 74.7346 8.8
      vertex 96.2431 75.0475 8.8
      vertex 98.2 74.5 8.8
    endloop
  endfacet
  facet normal 0 0 1
    outer loop
      vertex 98.2734 74.0365 8.8
      vertex 96.3713 73.4184 8.8
      vertex 96.5815 72.911 8.8
    endloop
  endfacet
  facet normal 0 0 1
    outer loop
      vertex 96.2 74.5 8.8
      vertex 98.2 74.5 8.8
      vertex 96.2431 75.0475 8.8
    endloop
  endfacet
  facet normal 0 0 1
    outer loop
      vertex 98.2185 74.2654 8.8
      vertex 96.2431 73.9525 8.8
      vertex 96.3713 73.4184 8.8
    endloop
  endfacet
  facet normal 0 0 1
    outer loop
      vertex 98.2 74.5 8.8
      vertex 96.2 74.5 8.8
      vertex 96.2431 73.9525 8.8
    endloop
  endfacet
  facet normal -0.972381 0.2334 0
    outer loop
      vertex 96.2431 75.0475 2.8
      vertex 96.3713 75.5816 8.8
      vertex 96.3713 75.5816 2.8
    endloop
  endfacet
  facet normal -0.972381 0.2334 0
    outer loop
      vertex 96.3713 75.5816 8.8
      vertex 96.2431 75.0475 2.8
      vertex 96.2431 75.0475 8.8
    endloop
  endfacet
  facet normal -0.522481 0.852651 0
    outer loop
      vertex 98.111 77.6185 2.8
      vertex 97.6428 77.3316 8.8
      vertex 98.111 77.6185 8.8
    endloop
  endfacet
  facet normal -0.522481 0.852651 0
    outer loop
      vertex 97.6428 77.3316 8.8
      vertex 98.111 77.6185 2.8
      vertex 97.6428 77.3316 2.8
    endloop
  endfacet
  facet normal 0.92399 -0.382416 0
    outer loop
      vertex 102.819 72.911 8.8
      vertex 103.029 73.4184 2.8
      vertex 103.029 73.4184 8.8
    endloop
  endfacet
  facet normal 0.92399 -0.382416 0
    outer loop
      vertex 103.029 73.4184 2.8
      vertex 102.819 72.911 8.8
      vertex 102.819 72.911 2.8
    endloop
  endfacet
  facet normal 0.972463 -0.233056 0
    outer loop
      vertex 103.029 73.4184 8.8
      vertex 103.157 73.9525 2.8
      vertex 103.157 73.9525 8.8
    endloop
  endfacet
  facet normal 0.972463 -0.233056 0
    outer loop
      vertex 103.157 73.9525 2.8
      vertex 103.029 73.4184 8.8
      vertex 103.029 73.4184 2.8
    endloop
  endfacet
  facet normal 0.99693 -0.0782977 0
    outer loop
      vertex 103.157 73.9525 8.8
      vertex 103.2 74.5 2.8
      vertex 103.2 74.5 8.8
    endloop
  endfacet
  facet normal 0.99693 -0.0782977 0
    outer loop
      vertex 103.2 74.5 2.8
      vertex 103.157 73.9525 8.8
      vertex 103.157 73.9525 2.8
    endloop
  endfacet
  facet normal 0.996916 0.0784787 0
    outer loop
      vertex -96.2 74.5 8.8
      vertex -96.2431 75.0475 2.8
      vertex -96.2431 75.0475 8.8
    endloop
  endfacet
  facet normal 0.996916 0.0784787 0
    outer loop
      vertex -96.2431 75.0475 2.8
      vertex -96.2 74.5 8.8
      vertex -96.2 74.5 2.8
    endloop
  endfacet
  facet normal -0.0784075 0.996921 0
    outer loop
      vertex -99.7 78 2.8
      vertex -100.248 77.9569 8.8
      vertex -99.7 78 8.8
    endloop
  endfacet
  facet normal -0.0784075 0.996921 0
    outer loop
      vertex -100.248 77.9569 8.8
      vertex -99.7 78 2.8
      vertex -100.248 77.9569 2.8
    endloop
  endfacet
  facet normal 0.0784787 -0.996916 0
    outer loop
      vertex -99.7 71 2.8
      vertex -99.1525 71.0431 8.8
      vertex -99.7 71 8.8
    endloop
  endfacet
  facet normal 0.0784787 -0.996916 0
    outer loop
      vertex -99.1525 71.0431 8.8
      vertex -99.7 71 2.8
      vertex -99.1525 71.0431 2.8
    endloop
  endfacet
  facet normal -0.649126 -0.760681 0
    outer loop
      vertex -102.175 72.0251 2.8
      vertex -101.757 71.6684 8.8
      vertex -102.175 72.0251 8.8
    endloop
  endfacet
  facet normal -0.649126 -0.760681 -0
    outer loop
      vertex -101.757 71.6684 8.8
      vertex -102.175 72.0251 2.8
      vertex -101.757 71.6684 2.8
    endloop
  endfacet
  facet normal 0.649396 0.76045 -0
    outer loop
      vertex -97.2251 76.9749 2.8
      vertex -97.6428 77.3316 8.8
      vertex -97.2251 76.9749 8.8
    endloop
  endfacet
  facet normal 0.649396 0.76045 0
    outer loop
      vertex -97.6428 77.3316 8.8
      vertex -97.2251 76.9749 2.8
      vertex -97.6428 77.3316 2.8
    endloop
  endfacet
  facet normal -0.760104 0.649802 0
    outer loop
      vertex -102.532 76.5573 2.8
      vertex -102.175 76.9749 8.8
      vertex -102.175 76.9749 2.8
    endloop
  endfacet
  facet normal -0.760104 0.649802 0
    outer loop
      vertex -102.175 76.9749 8.8
      vertex -102.532 76.5573 2.8
      vertex -102.532 76.5573 8.8
    endloop
  endfacet
  facet normal -0.522643 0.852552 0
    outer loop
      vertex -101.289 77.6185 2.8
      vertex -101.757 77.3316 8.8
      vertex -101.289 77.6185 8.8
    endloop
  endfacet
  facet normal -0.522643 0.852552 0
    outer loop
      vertex -101.757 77.3316 8.8
      vertex -101.289 77.6185 2.8
      vertex -101.757 77.3316 2.8
    endloop
  endfacet
  facet normal 0.760374 -0.649486 0
    outer loop
      vertex -97.2251 72.0251 8.8
      vertex -96.8684 72.4427 2.8
      vertex -96.8684 72.4427 8.8
    endloop
  endfacet
  facet normal 0.760374 -0.649486 0
    outer loop
      vertex -96.8684 72.4427 2.8
      vertex -97.2251 72.0251 8.8
      vertex -97.2251 72.0251 2.8
    endloop
  endfacet
  facet normal 0.852701 0.5224 0
    outer loop
      vertex -96.5815 76.089 8.8
      vertex -96.8684 76.5573 2.8
      vertex -96.8684 76.5573 8.8
    endloop
  endfacet
  facet normal 0.852701 0.5224 0
    outer loop
      vertex -96.8684 76.5573 2.8
      vertex -96.5815 76.089 8.8
      vertex -96.5815 76.089 2.8
    endloop
  endfacet
  facet normal 0.972381 0.2334 0
    outer loop
      vertex -96.2431 75.0475 8.8
      vertex -96.3713 75.5816 2.8
      vertex -96.3713 75.5816 8.8
    endloop
  endfacet
  facet normal 0.972381 0.2334 0
    outer loop
      vertex -96.3713 75.5816 2.8
      vertex -96.2431 75.0475 8.8
      vertex -96.2431 75.0475 2.8
    endloop
  endfacet
  facet normal 0.760374 0.649486 0
    outer loop
      vertex -96.8684 76.5573 8.8
      vertex -97.2251 76.9749 2.8
      vertex -97.2251 76.9749 8.8
    endloop
  endfacet
  facet normal 0.760374 0.649486 0
    outer loop
      vertex -97.2251 76.9749 2.8
      vertex -96.8684 76.5573 8.8
      vertex -96.8684 76.5573 2.8
    endloop
  endfacet
  facet normal 0.2334 0.972381 -0
    outer loop
      vertex -98.6184 77.8287 2.8
      vertex -99.1525 77.9569 8.8
      vertex -98.6184 77.8287 8.8
    endloop
  endfacet
  facet normal 0.2334 0.972381 0
    outer loop
      vertex -99.1525 77.9569 8.8
      vertex -98.6184 77.8287 2.8
      vertex -99.1525 77.9569 2.8
    endloop
  endfacet
  facet normal 0.0784787 0.996916 -0
    outer loop
      vertex -99.1525 77.9569 2.8
      vertex -99.7 78 8.8
      vertex -99.1525 77.9569 8.8
    endloop
  endfacet
  facet normal 0.0784787 0.996916 0
    outer loop
      vertex -99.7 78 8.8
      vertex -99.1525 77.9569 2.8
      vertex -99.7 78 2.8
    endloop
  endfacet
  facet normal 0.522481 0.852651 -0
    outer loop
      vertex -97.6428 77.3316 2.8
      vertex -98.111 77.6185 8.8
      vertex -97.6428 77.3316 8.8
    endloop
  endfacet
  facet normal 0.522481 0.852651 0
    outer loop
      vertex -98.111 77.6185 8.8
      vertex -97.6428 77.3316 2.8
      vertex -98.111 77.6185 2.8
    endloop
  endfacet
  facet normal -0.972463 0.233056 0
    outer loop
      vertex -103.157 75.0475 2.8
      vertex -103.029 75.5816 8.8
      vertex -103.029 75.5816 2.8
    endloop
  endfacet
  facet normal -0.972463 0.233056 0
    outer loop
      vertex -103.029 75.5816 8.8
      vertex -103.157 75.0475 2.8
      vertex -103.157 75.0475 8.8
    endloop
  endfacet
  facet normal 0 0 -1
    outer loop
      vertex -98.2 74.5 2.8
      vertex -96.2 74.5 2.8
      vertex -96.2431 73.9525 2.8
    endloop
  endfacet
  facet normal 0 0 -1
    outer loop
      vertex -98.2185 74.2654 2.8
      vertex -96.2431 73.9525 2.8
      vertex -96.3713 73.4184 2.8
    endloop
  endfacet
  facet normal 0 0 -1
    outer loop
      vertex -96.2 74.5 2.8
      vertex -98.2 74.5 2.8
      vertex -96.2431 75.0475 2.8
    endloop
  endfacet
  facet normal 0 0 -1
    outer loop
      vertex -98.2734 74.0365 2.8
      vertex -96.3713 73.4184 2.8
      vertex -96.5815 72.911 2.8
    endloop
  endfacet
  facet normal 0 0 -1
    outer loop
      vertex -98.2185 74.7346 2.8
      vertex -96.2431 75.0475 2.8
      vertex -98.2 74.5 2.8
    endloop
  endfacet
  facet normal 0 0 -1
    outer loop
      vertex -98.3635 73.819 2.8
      vertex -96.5815 72.911 2.8
      vertex -96.8684 72.4427 2.8
    endloop
  endfacet
  facet normal -0 0 -1
    outer loop
      vertex -96.2431 75.0475 2.8
      vertex -98.2185 74.7346 2.8
      vertex -96.3713 75.5816 2.8
    endloop
  endfacet
  facet normal 0 0 -1
    outer loop
      vertex -98.4865 73.6183 2.8
      vertex -96.8684 72.4427 2.8
      vertex -97.2251 72.0251 2.8
    endloop
  endfacet
  facet normal 0 0 -1
    outer loop
      vertex -98.2734 74.9635 2.8
      vertex -96.3713 75.5816 2.8
      vertex -98.2185 74.7346 2.8
    endloop
  endfacet
  facet normal 0 0 -1
    outer loop
      vertex -98.6393 73.4393 2.8
      vertex -97.2251 72.0251 2.8
      vertex -97.6428 71.6684 2.8
    endloop
  endfacet
  facet normal -0 0 -1
    outer loop
      vertex -96.3713 75.5816 2.8
      vertex -98.2734 74.9635 2.8
      vertex -96.5815 76.089 2.8
    endloop
  endfacet
  facet normal 0 0 -1
    outer loop
      vertex -98.8183 73.2865 2.8
      vertex -97.6428 71.6684 2.8
      vertex -98.111 71.3815 2.8
    endloop
  endfacet
  facet normal 0 0 -1
    outer loop
      vertex -98.3635 75.181 2.8
      vertex -96.5815 76.089 2.8
      vertex -98.2734 74.9635 2.8
    endloop
  endfacet
  facet normal -0 0 -1
    outer loop
      vertex -96.5815 76.089 2.8
      vertex -98.3635 75.181 2.8
      vertex -96.8684 76.5573 2.8
    endloop
  endfacet
  facet normal 0 0 -1
    outer loop
      vertex -96.2431 73.9525 2.8
      vertex -98.2185 74.2654 2.8
      vertex -98.2 74.5 2.8
    endloop
  endfacet
  facet normal 0 0 -1
    outer loop
      vertex -96.3713 73.4184 2.8
      vertex -98.2734 74.0365 2.8
      vertex -98.2185 74.2654 2.8
    endloop
  endfacet
  facet normal 0 0 -1
    outer loop
      vertex -96.5815 72.911 2.8
      vertex -98.3635 73.819 2.8
      vertex -98.2734 74.0365 2.8
    endloop
  endfacet
  facet normal 0 0 -1
    outer loop
      vertex -96.8684 72.4427 2.8
      vertex -98.4865 73.6183 2.8
      vertex -98.3635 73.819 2.8
    endloop
  endfacet
  facet normal 0 0 -1
    outer loop
      vertex -99.019 73.1635 2.8
      vertex -98.111 71.3815 2.8
      vertex -98.6184 71.1713 2.8
    endloop
  endfacet
  facet normal 0 0 -1
    outer loop
      vertex -97.2251 72.0251 2.8
      vertex -98.6393 73.4393 2.8
      vertex -98.4865 73.6183 2.8
    endloop
  endfacet
  facet normal 0 0 -1
    outer loop
      vertex -97.6428 71.6684 2.8
      vertex -98.8183 73.2865 2.8
      vertex -98.6393 73.4393 2.8
    endloop
  endfacet
  facet normal 0 0 -1
    outer loop
      vertex -98.111 71.3815 2.8
      vertex -99.019 73.1635 2.8
      vertex -98.8183 73.2865 2.8
    endloop
  endfacet
  facet normal 0 0 -1
    outer loop
      vertex -99.2365 73.0734 2.8
      vertex -98.6184 71.1713 2.8
      vertex -99.1525 71.0431 2.8
    endloop
  endfacet
  facet normal 0 0 -1
    outer loop
      vertex -98.6184 71.1713 2.8
      vertex -99.2365 73.0734 2.8
      vertex -99.019 73.1635 2.8
    endloop
  endfacet
  facet normal 0 0 -1
    outer loop
      vertex -99.1525 71.0431 2.8
      vertex -99.4653 73.0185 2.8
      vertex -99.2365 73.0734 2.8
    endloop
  endfacet
  facet normal 0 0 -1
    outer loop
      vertex -99.7 71 2.8
      vertex -99.4653 73.0185 2.8
      vertex -99.1525 71.0431 2.8
    endloop
  endfacet
  facet normal 0 0 -1
    outer loop
      vertex -99.7 71 2.8
      vertex -99.7 73 2.8
      vertex -99.4653 73.0185 2.8
    endloop
  endfacet
  facet normal 0 0 -1
    outer loop
      vertex -99.7 71 2.8
      vertex -99.9347 73.0185 2.8
      vertex -99.7 73 2.8
    endloop
  endfacet
  facet normal 0 0 -1
    outer loop
      vertex -100.248 71.0431 2.8
      vertex -99.9347 73.0185 2.8
      vertex -99.7 71 2.8
    endloop
  endfacet
  facet normal -0 0 -1
    outer loop
      vertex -99.9347 73.0185 2.8
      vertex -100.248 71.0431 2.8
      vertex -100.164 73.0734 2.8
    endloop
  endfacet
  facet normal 0 0 -1
    outer loop
      vertex -100.782 71.1713 2.8
      vertex -100.164 73.0734 2.8
      vertex -100.248 71.0431 2.8
    endloop
  endfacet
  facet normal -0 0 -1
    outer loop
      vertex -100.164 73.0734 2.8
      vertex -100.782 71.1713 2.8
      vertex -100.381 73.1635 2.8
    endloop
  endfacet
  facet normal 0 0 -1
    outer loop
      vertex -101.289 71.3815 2.8
      vertex -100.381 73.1635 2.8
      vertex -100.782 71.1713 2.8
    endloop
  endfacet
  facet normal -0 0 -1
    outer loop
      vertex -100.381 73.1635 2.8
      vertex -101.289 71.3815 2.8
      vertex -100.582 73.2865 2.8
    endloop
  endfacet
  facet normal 0 0 -1
    outer loop
      vertex -101.757 71.6684 2.8
      vertex -100.582 73.2865 2.8
      vertex -101.289 71.3815 2.8
    endloop
  endfacet
  facet normal -0 0 -1
    outer loop
      vertex -100.582 73.2865 2.8
      vertex -101.757 71.6684 2.8
      vertex -100.761 73.4393 2.8
    endloop
  endfacet
  facet normal 0 0 -1
    outer loop
      vertex -102.175 72.0251 2.8
      vertex -100.761 73.4393 2.8
      vertex -101.757 71.6684 2.8
    endloop
  endfacet
  facet normal -0 0 -1
    outer loop
      vertex -100.761 73.4393 2.8
      vertex -102.175 72.0251 2.8
      vertex -100.914 73.6183 2.8
    endloop
  endfacet
  facet normal -0 0 -1
    outer loop
      vertex -100.914 73.6183 2.8
      vertex -102.532 72.4427 2.8
      vertex -101.037 73.819 2.8
    endloop
  endfacet
  facet normal 0 0 -1
    outer loop
      vertex -102.532 72.4427 2.8
      vertex -100.914 73.6183 2.8
      vertex -102.175 72.0251 2.8
    endloop
  endfacet
  facet normal 0 0 -1
    outer loop
      vertex -98.4865 75.3817 2.8
      vertex -96.8684 76.5573 2.8
      vertex -98.3635 75.181 2.8
    endloop
  endfacet
  facet normal -0 0 -1
    outer loop
      vertex -96.8684 76.5573 2.8
      vertex -98.4865 75.3817 2.8
      vertex -97.2251 76.9749 2.8
    endloop
  endfacet
  facet normal 0 0 -1
    outer loop
      vertex -98.6393 75.5607 2.8
      vertex -97.2251 76.9749 2.8
      vertex -98.4865 75.3817 2.8
    endloop
  endfacet
  facet normal -0 0 -1
    outer loop
      vertex -97.2251 76.9749 2.8
      vertex -98.6393 75.5607 2.8
      vertex -97.6428 77.3316 2.8
    endloop
  endfacet
  facet normal 0 0 -1
    outer loop
      vertex -98.8183 75.7135 2.8
      vertex -97.6428 77.3316 2.8
      vertex -98.6393 75.5607 2.8
    endloop
  endfacet
  facet normal -0 0 -1
    outer loop
      vertex -97.6428 77.3316 2.8
      vertex -98.8183 75.7135 2.8
      vertex -98.111 77.6185 2.8
    endloop
  endfacet
  facet normal 0 0 -1
    outer loop
      vertex -99.019 75.8365 2.8
      vertex -98.111 77.6185 2.8
      vertex -98.8183 75.7135 2.8
    endloop
  endfacet
  facet normal -0 0 -1
    outer loop
      vertex -98.111 77.6185 2.8
      vertex -99.019 75.8365 2.8
      vertex -98.6184 77.8287 2.8
    endloop
  endfacet
  facet normal 0 0 -1
    outer loop
      vertex -99.2365 75.9266 2.8
      vertex -98.6184 77.8287 2.8
      vertex -99.019 75.8365 2.8
    endloop
  endfacet
  facet normal -0 0 -1
    outer loop
      vertex -98.6184 77.8287 2.8
      vertex -99.2365 75.9266 2.8
      vertex -99.1525 77.9569 2.8
    endloop
  endfacet
  facet normal 0 0 -1
    outer loop
      vertex -99.4653 75.9815 2.8
      vertex -99.1525 77.9569 2.8
      vertex -99.2365 75.9266 2.8
    endloop
  endfacet
  facet normal 0 0 -1
    outer loop
      vertex -99.7 76 2.8
      vertex -99.1525 77.9569 2.8
      vertex -99.4653 75.9815 2.8
    endloop
  endfacet
  facet normal 0 0 -1
    outer loop
      vertex -99.7 76 2.8
      vertex -99.7 78 2.8
      vertex -99.1525 77.9569 2.8
    endloop
  endfacet
  facet normal 0 0 -1
    outer loop
      vertex -99.9347 75.9815 2.8
      vertex -99.7 78 2.8
      vertex -99.7 76 2.8
    endloop
  endfacet
  facet normal 0 0 -1
    outer loop
      vertex -100.248 77.9569 2.8
      vertex -99.9347 75.9815 2.8
      vertex -100.164 75.9266 2.8
    endloop
  endfacet
  facet normal 0 0 -1
    outer loop
      vertex -99.9347 75.9815 2.8
      vertex -100.248 77.9569 2.8
      vertex -99.7 78 2.8
    endloop
  endfacet
  facet normal 0 0 -1
    outer loop
      vertex -100.782 77.8287 2.8
      vertex -100.164 75.9266 2.8
      vertex -100.381 75.8365 2.8
    endloop
  endfacet
  facet normal 0 0 -1
    outer loop
      vertex -101.289 77.6185 2.8
      vertex -100.381 75.8365 2.8
      vertex -100.582 75.7135 2.8
    endloop
  endfacet
  facet normal 0 0 -1
    outer loop
      vertex -101.757 77.3316 2.8
      vertex -100.582 75.7135 2.8
      vertex -100.761 75.5607 2.8
    endloop
  endfacet
  facet normal 0 0 -1
    outer loop
      vertex -100.164 75.9266 2.8
      vertex -100.782 77.8287 2.8
      vertex -100.248 77.9569 2.8
    endloop
  endfacet
  facet normal 0 0 -1
    outer loop
      vertex -102.175 76.9749 2.8
      vertex -100.761 75.5607 2.8
      vertex -100.914 75.3817 2.8
    endloop
  endfacet
  facet normal 0 0 -1
    outer loop
      vertex -102.532 76.5573 2.8
      vertex -100.914 75.3817 2.8
      vertex -101.037 75.181 2.8
    endloop
  endfacet
  facet normal 0 0 -1
    outer loop
      vertex -102.819 76.089 2.8
      vertex -101.037 75.181 2.8
      vertex -101.127 74.9635 2.8
    endloop
  endfacet
  facet normal 0 0 -1
    outer loop
      vertex -103.029 75.5816 2.8
      vertex -101.127 74.9635 2.8
      vertex -101.182 74.7346 2.8
    endloop
  endfacet
  facet normal 0 0 -1
    outer loop
      vertex -100.381 75.8365 2.8
      vertex -101.289 77.6185 2.8
      vertex -100.782 77.8287 2.8
    endloop
  endfacet
  facet normal 0 0 -1
    outer loop
      vertex -103.157 75.0475 2.8
      vertex -101.182 74.7346 2.8
      vertex -101.2 74.5 2.8
    endloop
  endfacet
  facet normal 0 0 -1
    outer loop
      vertex -102.819 72.911 2.8
      vertex -101.037 73.819 2.8
      vertex -102.532 72.4427 2.8
    endloop
  endfacet
  facet normal -0 0 -1
    outer loop
      vertex -101.037 73.819 2.8
      vertex -102.819 72.911 2.8
      vertex -101.127 74.0365 2.8
    endloop
  endfacet
  facet normal 0 0 -1
    outer loop
      vertex -100.582 75.7135 2.8
      vertex -101.757 77.3316 2.8
      vertex -101.289 77.6185 2.8
    endloop
  endfacet
  facet normal 0 0 -1
    outer loop
      vertex -103.029 73.4184 2.8
      vertex -101.127 74.0365 2.8
      vertex -102.819 72.911 2.8
    endloop
  endfacet
  facet normal 0 0 -1
    outer loop
      vertex -100.761 75.5607 2.8
      vertex -102.175 76.9749 2.8
      vertex -101.757 77.3316 2.8
    endloop
  endfacet
  facet normal -0 0 -1
    outer loop
      vertex -101.127 74.0365 2.8
      vertex -103.029 73.4184 2.8
      vertex -101.182 74.2654 2.8
    endloop
  endfacet
  facet normal 0 0 -1
    outer loop
      vertex -100.914 75.3817 2.8
      vertex -102.532 76.5573 2.8
      vertex -102.175 76.9749 2.8
    endloop
  endfacet
  facet normal 0 0 -1
    outer loop
      vertex -103.157 73.9525 2.8
      vertex -101.182 74.2654 2.8
      vertex -103.029 73.4184 2.8
    endloop
  endfacet
  facet normal 0 0 -1
    outer loop
      vertex -101.037 75.181 2.8
      vertex -102.819 76.089 2.8
      vertex -102.532 76.5573 2.8
    endloop
  endfacet
  facet normal -0 0 -1
    outer loop
      vertex -101.182 74.2654 2.8
      vertex -103.157 73.9525 2.8
      vertex -101.2 74.5 2.8
    endloop
  endfacet
  facet normal 0 0 -1
    outer loop
      vertex -101.127 74.9635 2.8
      vertex -103.029 75.5816 2.8
      vertex -102.819 76.089 2.8
    endloop
  endfacet
  facet normal 0 0 -1
    outer loop
      vertex -103.2 74.5 2.8
      vertex -101.2 74.5 2.8
      vertex -103.157 73.9525 2.8
    endloop
  endfacet
  facet normal 0 0 -1
    outer loop
      vertex -101.182 74.7346 2.8
      vertex -103.157 75.0475 2.8
      vertex -103.029 75.5816 2.8
    endloop
  endfacet
  facet normal 0 0 -1
    outer loop
      vertex -101.2 74.5 2.8
      vertex -103.2 74.5 2.8
      vertex -103.157 75.0475 2.8
    endloop
  endfacet
  facet normal -0.85262 0.522532 0
    outer loop
      vertex -102.819 76.089 2.8
      vertex -102.532 76.5573 8.8
      vertex -102.532 76.5573 2.8
    endloop
  endfacet
  facet normal -0.85262 0.522532 0
    outer loop
      vertex -102.532 76.5573 8.8
      vertex -102.819 76.089 2.8
      vertex -102.819 76.089 8.8
    endloop
  endfacet
  facet normal -0.99693 0.0782977 0
    outer loop
      vertex -103.2 74.5 2.8
      vertex -103.157 75.0475 8.8
      vertex -103.157 75.0475 2.8
    endloop
  endfacet
  facet normal -0.99693 0.0782977 0
    outer loop
      vertex -103.157 75.0475 8.8
      vertex -103.2 74.5 2.8
      vertex -103.2 74.5 8.8
    endloop
  endfacet
  facet normal 0 0 1
    outer loop
      vertex -98.2 74.5 8.8
      vertex -96.2 74.5 8.8
      vertex -96.2431 75.0475 8.8
    endloop
  endfacet
  facet normal 0 0 1
    outer loop
      vertex -98.2185 74.7346 8.8
      vertex -96.2431 75.0475 8.8
      vertex -96.3713 75.5816 8.8
    endloop
  endfacet
  facet normal 0 0 1
    outer loop
      vertex -96.2 74.5 8.8
      vertex -98.2 74.5 8.8
      vertex -96.2431 73.9525 8.8
    endloop
  endfacet
  facet normal 0 0 1
    outer loop
      vertex -98.2734 74.9635 8.8
      vertex -96.3713 75.5816 8.8
      vertex -96.5815 76.089 8.8
    endloop
  endfacet
  facet normal -0 0 1
    outer loop
      vertex -98.2185 74.2654 8.8
      vertex -96.2431 73.9525 8.8
      vertex -98.2 74.5 8.8
    endloop
  endfacet
  facet normal 0 0 1
    outer loop
      vertex -98.3635 75.181 8.8
      vertex -96.5815 76.089 8.8
      vertex -96.8684 76.5573 8.8
    endloop
  endfacet
  facet normal 0 0 1
    outer loop
      vertex -96.2431 73.9525 8.8
      vertex -98.2185 74.2654 8.8
      vertex -96.3713 73.4184 8.8
    endloop
  endfacet
  facet normal 0 0 1
    outer loop
      vertex -98.4865 75.3817 8.8
      vertex -96.8684 76.5573 8.8
      vertex -97.2251 76.9749 8.8
    endloop
  endfacet
  facet normal -0 0 1
    outer loop
      vertex -98.2734 74.0365 8.8
      vertex -96.3713 73.4184 8.8
      vertex -98.2185 74.2654 8.8
    endloop
  endfacet
  facet normal 0 0 1
    outer loop
      vertex -98.6393 75.5607 8.8
      vertex -97.2251 76.9749 8.8
      vertex -97.6428 77.3316 8.8
    endloop
  endfacet
  facet normal 0 0 1
    outer loop
      vertex -96.3713 73.4184 8.8
      vertex -98.2734 74.0365 8.8
      vertex -96.5815 72.911 8.8
    endloop
  endfacet
  facet normal 0 0 1
    outer loop
      vertex -98.8183 75.7135 8.8
      vertex -97.6428 77.3316 8.8
      vertex -98.111 77.6185 8.8
    endloop
  endfacet
  facet normal -0 0 1
    outer loop
      vertex -98.3635 73.819 8.8
      vertex -96.5815 72.911 8.8
      vertex -98.2734 74.0365 8.8
    endloop
  endfacet
  facet normal 0 0 1
    outer loop
      vertex -96.5815 72.911 8.8
      vertex -98.3635 73.819 8.8
      vertex -96.8684 72.4427 8.8
    endloop
  endfacet
  facet normal 0 0 1
    outer loop
      vertex -96.2431 75.0475 8.8
      vertex -98.2185 74.7346 8.8
      vertex -98.2 74.5 8.8
    endloop
  endfacet
  facet normal 0 0 1
    outer loop
      vertex -96.3713 75.5816 8.8
      vertex -98.2734 74.9635 8.8
      vertex -98.2185 74.7346 8.8
    endloop
  endfacet
  facet normal 0 0 1
    outer loop
      vertex -96.5815 76.089 8.8
      vertex -98.3635 75.181 8.8
      vertex -98.2734 74.9635 8.8
    endloop
  endfacet
  facet normal 0 0 1
    outer loop
      vertex -96.8684 76.5573 8.8
      vertex -98.4865 75.3817 8.8
      vertex -98.3635 75.181 8.8
    endloop
  endfacet
  facet normal 0 0 1
    outer loop
      vertex -99.019 75.8365 8.8
      vertex -98.111 77.6185 8.8
      vertex -98.6184 77.8287 8.8
    endloop
  endfacet
  facet normal 0 0 1
    outer loop
      vertex -97.2251 76.9749 8.8
      vertex -98.6393 75.5607 8.8
      vertex -98.4865 75.3817 8.8
    endloop
  endfacet
  facet normal 0 0 1
    outer loop
      vertex -97.6428 77.3316 8.8
      vertex -98.8183 75.7135 8.8
      vertex -98.6393 75.5607 8.8
    endloop
  endfacet
  facet normal 0 0 1
    outer loop
      vertex -98.111 77.6185 8.8
      vertex -99.019 75.8365 8.8
      vertex -98.8183 75.7135 8.8
    endloop
  endfacet
  facet normal 0 0 1
    outer loop
      vertex -99.2365 75.9266 8.8
      vertex -98.6184 77.8287 8.8
      vertex -99.1525 77.9569 8.8
    endloop
  endfacet
  facet normal 0 0 1
    outer loop
      vertex -98.6184 77.8287 8.8
      vertex -99.2365 75.9266 8.8
      vertex -99.019 75.8365 8.8
    endloop
  endfacet
  facet normal 0 0 1
    outer loop
      vertex -99.1525 77.9569 8.8
      vertex -99.4653 75.9815 8.8
      vertex -99.2365 75.9266 8.8
    endloop
  endfacet
  facet normal 0 0 1
    outer loop
      vertex -99.7 78 8.8
      vertex -99.4653 75.9815 8.8
      vertex -99.1525 77.9569 8.8
    endloop
  endfacet
  facet normal 0 0 1
    outer loop
      vertex -99.7 78 8.8
      vertex -99.7 76 8.8
      vertex -99.4653 75.9815 8.8
    endloop
  endfacet
  facet normal 0 0 1
    outer loop
      vertex -99.7 78 8.8
      vertex -99.9347 75.9815 8.8
      vertex -99.7 76 8.8
    endloop
  endfacet
  facet normal -0 0 1
    outer loop
      vertex -100.248 77.9569 8.8
      vertex -99.9347 75.9815 8.8
      vertex -99.7 78 8.8
    endloop
  endfacet
  facet normal 0 0 1
    outer loop
      vertex -99.9347 75.9815 8.8
      vertex -100.248 77.9569 8.8
      vertex -100.164 75.9266 8.8
    endloop
  endfacet
  facet normal -0 0 1
    outer loop
      vertex -100.782 77.8287 8.8
      vertex -100.164 75.9266 8.8
      vertex -100.248 77.9569 8.8
    endloop
  endfacet
  facet normal 0 0 1
    outer loop
      vertex -100.164 75.9266 8.8
      vertex -100.782 77.8287 8.8
      vertex -100.381 75.8365 8.8
    endloop
  endfacet
  facet normal -0 0 1
    outer loop
      vertex -101.289 77.6185 8.8
      vertex -100.381 75.8365 8.8
      vertex -100.782 77.8287 8.8
    endloop
  endfacet
  facet normal 0 0 1
    outer loop
      vertex -100.381 75.8365 8.8
      vertex -101.289 77.6185 8.8
      vertex -100.582 75.7135 8.8
    endloop
  endfacet
  facet normal -0 0 1
    outer loop
      vertex -101.757 77.3316 8.8
      vertex -100.582 75.7135 8.8
      vertex -101.289 77.6185 8.8
    endloop
  endfacet
  facet normal 0 0 1
    outer loop
      vertex -100.582 75.7135 8.8
      vertex -101.757 77.3316 8.8
      vertex -100.761 75.5607 8.8
    endloop
  endfacet
  facet normal -0 0 1
    outer loop
      vertex -102.175 76.9749 8.8
      vertex -100.761 75.5607 8.8
      vertex -101.757 77.3316 8.8
    endloop
  endfacet
  facet normal 0 0 1
    outer loop
      vertex -100.761 75.5607 8.8
      vertex -102.175 76.9749 8.8
      vertex -100.914 75.3817 8.8
    endloop
  endfacet
  facet normal 0 0 1
    outer loop
      vertex -100.914 75.3817 8.8
      vertex -102.532 76.5573 8.8
      vertex -101.037 75.181 8.8
    endloop
  endfacet
  facet normal -0 0 1
    outer loop
      vertex -102.532 76.5573 8.8
      vertex -100.914 75.3817 8.8
      vertex -102.175 76.9749 8.8
    endloop
  endfacet
  facet normal -0 0 1
    outer loop
      vertex -98.4865 73.6183 8.8
      vertex -96.8684 72.4427 8.8
      vertex -98.3635 73.819 8.8
    endloop
  endfacet
  facet normal 0 0 1
    outer loop
      vertex -96.8684 72.4427 8.8
      vertex -98.4865 73.6183 8.8
      vertex -97.2251 72.0251 8.8
    endloop
  endfacet
  facet normal -0 0 1
    outer loop
      vertex -98.6393 73.4393 8.8
      vertex -97.2251 72.0251 8.8
      vertex -98.4865 73.6183 8.8
    endloop
  endfacet
  facet normal 0 0 1
    outer loop
      vertex -97.2251 72.0251 8.8
      vertex -98.6393 73.4393 8.8
      vertex -97.6428 71.6684 8.8
    endloop
  endfacet
  facet normal -0 0 1
    outer loop
      vertex -98.8183 73.2865 8.8
      vertex -97.6428 71.6684 8.8
      vertex -98.6393 73.4393 8.8
    endloop
  endfacet
  facet normal 0 0 1
    outer loop
      vertex -97.6428 71.6684 8.8
      vertex -98.8183 73.2865 8.8
      vertex -98.111 71.3815 8.8
    endloop
  endfacet
  facet normal -0 0 1
    outer loop
      vertex -99.019 73.1635 8.8
      vertex -98.111 71.3815 8.8
      vertex -98.8183 73.2865 8.8
    endloop
  endfacet
  facet normal 0 0 1
    outer loop
      vertex -98.111 71.3815 8.8
      vertex -99.019 73.1635 8.8
      vertex -98.6184 71.1713 8.8
    endloop
  endfacet
  facet normal -0 0 1
    outer loop
      vertex -99.2365 73.0734 8.8
      vertex -98.6184 71.1713 8.8
      vertex -99.019 73.1635 8.8
    endloop
  endfacet
  facet normal 0 0 1
    outer loop
      vertex -98.6184 71.1713 8.8
      vertex -99.2365 73.0734 8.8
      vertex -99.1525 71.0431 8.8
    endloop
  endfacet
  facet normal -0 0 1
    outer loop
      vertex -99.4653 73.0185 8.8
      vertex -99.1525 71.0431 8.8
      vertex -99.2365 73.0734 8.8
    endloop
  endfacet
  facet normal -0 0 1
    outer loop
      vertex -99.7 73 8.8
      vertex -99.1525 71.0431 8.8
      vertex -99.4653 73.0185 8.8
    endloop
  endfacet
  facet normal 0 0 1
    outer loop
      vertex -99.7 73 8.8
      vertex -99.7 71 8.8
      vertex -99.1525 71.0431 8.8
    endloop
  endfacet
  facet normal 0 0 1
    outer loop
      vertex -99.9347 73.0185 8.8
      vertex -99.7 71 8.8
      vertex -99.7 73 8.8
    endloop
  endfacet
  facet normal 0 0 1
    outer loop
      vertex -100.248 71.0431 8.8
      vertex -99.9347 73.0185 8.8
      vertex -100.164 73.0734 8.8
    endloop
  endfacet
  facet normal 0 0 1
    outer loop
      vertex -99.9347 73.0185 8.8
      vertex -100.248 71.0431 8.8
      vertex -99.7 71 8.8
    endloop
  endfacet
  facet normal 0 0 1
    outer loop
      vertex -100.782 71.1713 8.8
      vertex -100.164 73.0734 8.8
      vertex -100.381 73.1635 8.8
    endloop
  endfacet
  facet normal 0 0 1
    outer loop
      vertex -101.289 71.3815 8.8
      vertex -100.381 73.1635 8.8
      vertex -100.582 73.2865 8.8
    endloop
  endfacet
  facet normal 0 0 1
    outer loop
      vertex -101.757 71.6684 8.8
      vertex -100.582 73.2865 8.8
      vertex -100.761 73.4393 8.8
    endloop
  endfacet
  facet normal 0 0 1
    outer loop
      vertex -100.164 73.0734 8.8
      vertex -100.782 71.1713 8.8
      vertex -100.248 71.0431 8.8
    endloop
  endfacet
  facet normal 0 0 1
    outer loop
      vertex -102.175 72.0251 8.8
      vertex -100.761 73.4393 8.8
      vertex -100.914 73.6183 8.8
    endloop
  endfacet
  facet normal 0 0 1
    outer loop
      vertex -102.532 72.4427 8.8
      vertex -100.914 73.6183 8.8
      vertex -101.037 73.819 8.8
    endloop
  endfacet
  facet normal 0 0 1
    outer loop
      vertex -102.819 72.911 8.8
      vertex -101.037 73.819 8.8
      vertex -101.127 74.0365 8.8
    endloop
  endfacet
  facet normal 0 0 1
    outer loop
      vertex -103.029 73.4184 8.8
      vertex -101.127 74.0365 8.8
      vertex -101.182 74.2654 8.8
    endloop
  endfacet
  facet normal 0 0 1
    outer loop
      vertex -100.381 73.1635 8.8
      vertex -101.289 71.3815 8.8
      vertex -100.782 71.1713 8.8
    endloop
  endfacet
  facet normal 0 0 1
    outer loop
      vertex -103.157 73.9525 8.8
      vertex -101.182 74.2654 8.8
      vertex -101.2 74.5 8.8
    endloop
  endfacet
  facet normal -0 0 1
    outer loop
      vertex -102.819 76.089 8.8
      vertex -101.037 75.181 8.8
      vertex -102.532 76.5573 8.8
    endloop
  endfacet
  facet normal 0 0 1
    outer loop
      vertex -101.037 75.181 8.8
      vertex -102.819 76.089 8.8
      vertex -101.127 74.9635 8.8
    endloop
  endfacet
  facet normal 0 0 1
    outer loop
      vertex -100.582 73.2865 8.8
      vertex -101.757 71.6684 8.8
      vertex -101.289 71.3815 8.8
    endloop
  endfacet
  facet normal -0 0 1
    outer loop
      vertex -103.029 75.5816 8.8
      vertex -101.127 74.9635 8.8
      vertex -102.819 76.089 8.8
    endloop
  endfacet
  facet normal 0 0 1
    outer loop
      vertex -100.761 73.4393 8.8
      vertex -102.175 72.0251 8.8
      vertex -101.757 71.6684 8.8
    endloop
  endfacet
  facet normal 0 0 1
    outer loop
      vertex -101.127 74.9635 8.8
      vertex -103.029 75.5816 8.8
      vertex -101.182 74.7346 8.8
    endloop
  endfacet
  facet normal 0 0 1
    outer loop
      vertex -100.914 73.6183 8.8
      vertex -102.532 72.4427 8.8
      vertex -102.175 72.0251 8.8
    endloop
  endfacet
  facet normal -0 0 1
    outer loop
      vertex -103.157 75.0475 8.8
      vertex -101.182 74.7346 8.8
      vertex -103.029 75.5816 8.8
    endloop
  endfacet
  facet normal 0 0 1
    outer loop
      vertex -101.037 73.819 8.8
      vertex -102.819 72.911 8.8
      vertex -102.532 72.4427 8.8
    endloop
  endfacet
  facet normal 0 0 1
    outer loop
      vertex -101.182 74.7346 8.8
      vertex -103.157 75.0475 8.8
      vertex -101.2 74.5 8.8
    endloop
  endfacet
  facet normal 0 0 1
    outer loop
      vertex -101.127 74.0365 8.8
      vertex -103.029 73.4184 8.8
      vertex -102.819 72.911 8.8
    endloop
  endfacet
  facet normal 0 0 1
    outer loop
      vertex -103.2 74.5 8.8
      vertex -101.2 74.5 8.8
      vertex -103.157 75.0475 8.8
    endloop
  endfacet
  facet normal 0 0 1
    outer loop
      vertex -101.182 74.2654 8.8
      vertex -103.157 73.9525 8.8
      vertex -103.029 73.4184 8.8
    endloop
  endfacet
  facet normal 0 0 1
    outer loop
      vertex -101.2 74.5 8.8
      vertex -103.2 74.5 8.8
      vertex -103.157 73.9525 8.8
    endloop
  endfacet
  facet normal -0.649126 0.760681 0
    outer loop
      vertex -101.757 77.3316 2.8
      vertex -102.175 76.9749 8.8
      vertex -101.757 77.3316 8.8
    endloop
  endfacet
  facet normal -0.649126 0.760681 0
    outer loop
      vertex -102.175 76.9749 8.8
      vertex -101.757 77.3316 2.8
      vertex -102.175 76.9749 2.8
    endloop
  endfacet
  facet normal -0.382985 0.923755 0
    outer loop
      vertex -100.782 77.8287 2.8
      vertex -101.289 77.6185 8.8
      vertex -100.782 77.8287 8.8
    endloop
  endfacet
  facet normal -0.382985 0.923755 0
    outer loop
      vertex -101.289 77.6185 8.8
      vertex -100.782 77.8287 2.8
      vertex -101.289 77.6185 2.8
    endloop
  endfacet
  facet normal 0.2334 -0.972381 0
    outer loop
      vertex -99.1525 71.0431 2.8
      vertex -98.6184 71.1713 8.8
      vertex -99.1525 71.0431 8.8
    endloop
  endfacet
  facet normal 0.2334 -0.972381 0
    outer loop
      vertex -98.6184 71.1713 8.8
      vertex -99.1525 71.0431 2.8
      vertex -98.6184 71.1713 2.8
    endloop
  endfacet
  facet normal -0.522643 -0.852552 0
    outer loop
      vertex -101.757 71.6684 2.8
      vertex -101.289 71.3815 8.8
      vertex -101.757 71.6684 8.8
    endloop
  endfacet
  facet normal -0.522643 -0.852552 -0
    outer loop
      vertex -101.289 71.3815 8.8
      vertex -101.757 71.6684 2.8
      vertex -101.289 71.3815 2.8
    endloop
  endfacet
  facet normal -0.0784075 -0.996921 0
    outer loop
      vertex -100.248 71.0431 2.8
      vertex -99.7 71 8.8
      vertex -100.248 71.0431 8.8
    endloop
  endfacet
  facet normal -0.0784075 -0.996921 -0
    outer loop
      vertex -99.7 71 8.8
      vertex -100.248 71.0431 2.8
      vertex -99.7 71 2.8
    endloop
  endfacet
  facet normal -0.972463 -0.233056 0
    outer loop
      vertex -103.029 73.4184 2.8
      vertex -103.157 73.9525 8.8
      vertex -103.157 73.9525 2.8
    endloop
  endfacet
  facet normal -0.972463 -0.233056 0
    outer loop
      vertex -103.157 73.9525 8.8
      vertex -103.029 73.4184 2.8
      vertex -103.029 73.4184 8.8
    endloop
  endfacet
  facet normal 0.923861 0.382727 0
    outer loop
      vertex -96.3713 75.5816 8.8
      vertex -96.5815 76.089 2.8
      vertex -96.5815 76.089 8.8
    endloop
  endfacet
  facet normal 0.923861 0.382727 0
    outer loop
      vertex -96.5815 76.089 2.8
      vertex -96.3713 75.5816 8.8
      vertex -96.3713 75.5816 2.8
    endloop
  endfacet
  facet normal 0.382727 0.923861 -0
    outer loop
      vertex -98.111 77.6185 2.8
      vertex -98.6184 77.8287 8.8
      vertex -98.111 77.6185 8.8
    endloop
  endfacet
  facet normal 0.382727 0.923861 0
    outer loop
      vertex -98.6184 77.8287 8.8
      vertex -98.111 77.6185 2.8
      vertex -98.6184 77.8287 2.8
    endloop
  endfacet
  facet normal -0.92399 0.382416 0
    outer loop
      vertex -103.029 75.5816 2.8
      vertex -102.819 76.089 8.8
      vertex -102.819 76.089 2.8
    endloop
  endfacet
  facet normal -0.92399 0.382416 0
    outer loop
      vertex -102.819 76.089 8.8
      vertex -103.029 75.5816 2.8
      vertex -103.029 75.5816 8.8
    endloop
  endfacet
  facet normal -0.99693 -0.0782977 0
    outer loop
      vertex -103.157 73.9525 2.8
      vertex -103.2 74.5 8.8
      vertex -103.2 74.5 2.8
    endloop
  endfacet
  facet normal -0.99693 -0.0782977 0
    outer loop
      vertex -103.2 74.5 8.8
      vertex -103.157 73.9525 2.8
      vertex -103.157 73.9525 8.8
    endloop
  endfacet
  facet normal -0.233442 0.972371 0
    outer loop
      vertex -100.248 77.9569 2.8
      vertex -100.782 77.8287 8.8
      vertex -100.248 77.9569 8.8
    endloop
  endfacet
  facet normal -0.233442 0.972371 0
    outer loop
      vertex -100.782 77.8287 8.8
      vertex -100.248 77.9569 2.8
      vertex -100.782 77.8287 2.8
    endloop
  endfacet
  facet normal 0.996916 -0.0784787 0
    outer loop
      vertex -96.2431 73.9525 8.8
      vertex -96.2 74.5 2.8
      vertex -96.2 74.5 8.8
    endloop
  endfacet
  facet normal 0.996916 -0.0784787 0
    outer loop
      vertex -96.2 74.5 2.8
      vertex -96.2431 73.9525 8.8
      vertex -96.2431 73.9525 2.8
    endloop
  endfacet
  facet normal 0.382727 -0.923861 0
    outer loop
      vertex -98.6184 71.1713 2.8
      vertex -98.111 71.3815 8.8
      vertex -98.6184 71.1713 8.8
    endloop
  endfacet
  facet normal 0.382727 -0.923861 0
    outer loop
      vertex -98.111 71.3815 8.8
      vertex -98.6184 71.1713 2.8
      vertex -98.111 71.3815 2.8
    endloop
  endfacet
  facet normal 0.522481 -0.852651 0
    outer loop
      vertex -98.111 71.3815 2.8
      vertex -97.6428 71.6684 8.8
      vertex -98.111 71.3815 8.8
    endloop
  endfacet
  facet normal 0.522481 -0.852651 0
    outer loop
      vertex -97.6428 71.6684 8.8
      vertex -98.111 71.3815 2.8
      vertex -97.6428 71.6684 2.8
    endloop
  endfacet
  facet normal 0.923861 -0.382727 0
    outer loop
      vertex -96.5815 72.911 8.8
      vertex -96.3713 73.4184 2.8
      vertex -96.3713 73.4184 8.8
    endloop
  endfacet
  facet normal 0.923861 -0.382727 0
    outer loop
      vertex -96.3713 73.4184 2.8
      vertex -96.5815 72.911 8.8
      vertex -96.5815 72.911 2.8
    endloop
  endfacet
  facet normal 0.852701 -0.5224 0
    outer loop
      vertex -96.8684 72.4427 8.8
      vertex -96.5815 72.911 2.8
      vertex -96.5815 72.911 8.8
    endloop
  endfacet
  facet normal 0.852701 -0.5224 0
    outer loop
      vertex -96.5815 72.911 2.8
      vertex -96.8684 72.4427 8.8
      vertex -96.8684 72.4427 2.8
    endloop
  endfacet
  facet normal 0.972381 -0.2334 0
    outer loop
      vertex -96.3713 73.4184 8.8
      vertex -96.2431 73.9525 2.8
      vertex -96.2431 73.9525 8.8
    endloop
  endfacet
  facet normal 0.972381 -0.2334 0
    outer loop
      vertex -96.2431 73.9525 2.8
      vertex -96.3713 73.4184 8.8
      vertex -96.3713 73.4184 2.8
    endloop
  endfacet
  facet normal -0.382985 -0.923755 0
    outer loop
      vertex -101.289 71.3815 2.8
      vertex -100.782 71.1713 8.8
      vertex -101.289 71.3815 8.8
    endloop
  endfacet
  facet normal -0.382985 -0.923755 -0
    outer loop
      vertex -100.782 71.1713 8.8
      vertex -101.289 71.3815 2.8
      vertex -100.782 71.1713 2.8
    endloop
  endfacet
  facet normal -0.85262 -0.522532 0
    outer loop
      vertex -102.532 72.4427 2.8
      vertex -102.819 72.911 8.8
      vertex -102.819 72.911 2.8
    endloop
  endfacet
  facet normal -0.85262 -0.522532 0
    outer loop
      vertex -102.819 72.911 8.8
      vertex -102.532 72.4427 2.8
      vertex -102.532 72.4427 8.8
    endloop
  endfacet
  facet normal -0.92399 -0.382416 0
    outer loop
      vertex -102.819 72.911 2.8
      vertex -103.029 73.4184 8.8
      vertex -103.029 73.4184 2.8
    endloop
  endfacet
  facet normal -0.92399 -0.382416 0
    outer loop
      vertex -103.029 73.4184 8.8
      vertex -102.819 72.911 2.8
      vertex -102.819 72.911 8.8
    endloop
  endfacet
  facet normal 0.649396 -0.76045 0
    outer loop
      vertex -97.6428 71.6684 2.8
      vertex -97.2251 72.0251 8.8
      vertex -97.6428 71.6684 8.8
    endloop
  endfacet
  facet normal 0.649396 -0.76045 0
    outer loop
      vertex -97.2251 72.0251 8.8
      vertex -97.6428 71.6684 2.8
      vertex -97.2251 72.0251 2.8
    endloop
  endfacet
  facet normal -0.233442 -0.972371 0
    outer loop
      vertex -100.782 71.1713 2.8
      vertex -100.248 71.0431 8.8
      vertex -100.782 71.1713 8.8
    endloop
  endfacet
  facet normal -0.233442 -0.972371 -0
    outer loop
      vertex -100.248 71.0431 8.8
      vertex -100.782 71.1713 2.8
      vertex -100.248 71.0431 2.8
    endloop
  endfacet
  facet normal -0.760104 -0.649802 0
    outer loop
      vertex -102.175 72.0251 2.8
      vertex -102.532 72.4427 8.8
      vertex -102.532 72.4427 2.8
    endloop
  endfacet
  facet normal -0.760104 -0.649802 0
    outer loop
      vertex -102.532 72.4427 8.8
      vertex -102.175 72.0251 2.8
      vertex -102.175 72.0251 8.8
    endloop
  endfacet
  facet normal 0.99693 0.0782977 0
    outer loop
      vertex 103.2 -74.5 8.8
      vertex 103.157 -73.9525 2.8
      vertex 103.157 -73.9525 8.8
    endloop
  endfacet
  facet normal 0.99693 0.0782977 0
    outer loop
      vertex 103.157 -73.9525 2.8
      vertex 103.2 -74.5 8.8
      vertex 103.2 -74.5 2.8
    endloop
  endfacet
  facet normal -0.996916 0.0784787 0
    outer loop
      vertex 96.2 -74.5 2.8
      vertex 96.2431 -73.9525 8.8
      vertex 96.2431 -73.9525 2.8
    endloop
  endfacet
  facet normal -0.996916 0.0784787 0
    outer loop
      vertex 96.2431 -73.9525 8.8
      vertex 96.2 -74.5 2.8
      vertex 96.2 -74.5 8.8
    endloop
  endfacet
  facet normal -0.0784787 0.996916 0
    outer loop
      vertex 99.7 -71 2.8
      vertex 99.1525 -71.0431 8.8
      vertex 99.7 -71 8.8
    endloop
  endfacet
  facet normal -0.0784787 0.996916 0
    outer loop
      vertex 99.1525 -71.0431 8.8
      vertex 99.7 -71 2.8
      vertex 99.1525 -71.0431 2.8
    endloop
  endfacet
  facet normal -0.0784787 -0.996916 0
    outer loop
      vertex 99.1525 -77.9569 2.8
      vertex 99.7 -78 8.8
      vertex 99.1525 -77.9569 8.8
    endloop
  endfacet
  facet normal -0.0784787 -0.996916 -0
    outer loop
      vertex 99.7 -78 8.8
      vertex 99.1525 -77.9569 2.8
      vertex 99.7 -78 2.8
    endloop
  endfacet
  facet normal -0.760374 -0.649486 0
    outer loop
      vertex 97.2251 -76.9749 2.8
      vertex 96.8684 -76.5573 8.8
      vertex 96.8684 -76.5573 2.8
    endloop
  endfacet
  facet normal -0.760374 -0.649486 0
    outer loop
      vertex 96.8684 -76.5573 8.8
      vertex 97.2251 -76.9749 2.8
      vertex 97.2251 -76.9749 8.8
    endloop
  endfacet
  facet normal 0.649126 0.760681 -0
    outer loop
      vertex 102.175 -72.0251 2.8
      vertex 101.757 -71.6684 8.8
      vertex 102.175 -72.0251 8.8
    endloop
  endfacet
  facet normal 0.649126 0.760681 0
    outer loop
      vertex 101.757 -71.6684 8.8
      vertex 102.175 -72.0251 2.8
      vertex 101.757 -71.6684 2.8
    endloop
  endfacet
  facet normal -0.649396 0.76045 0
    outer loop
      vertex 97.6428 -71.6684 2.8
      vertex 97.2251 -72.0251 8.8
      vertex 97.6428 -71.6684 8.8
    endloop
  endfacet
  facet normal -0.649396 0.76045 0
    outer loop
      vertex 97.2251 -72.0251 8.8
      vertex 97.6428 -71.6684 2.8
      vertex 97.2251 -72.0251 2.8
    endloop
  endfacet
  facet normal -0.382727 0.923861 0
    outer loop
      vertex 98.6184 -71.1713 2.8
      vertex 98.111 -71.3815 8.8
      vertex 98.6184 -71.1713 8.8
    endloop
  endfacet
  facet normal -0.382727 0.923861 0
    outer loop
      vertex 98.111 -71.3815 8.8
      vertex 98.6184 -71.1713 2.8
      vertex 98.111 -71.3815 2.8
    endloop
  endfacet
  facet normal 0 0 -1
    outer loop
      vertex 101.2 -74.5 2.8
      vertex 103.2 -74.5 2.8
      vertex 103.157 -75.0475 2.8
    endloop
  endfacet
  facet normal 0 0 -1
    outer loop
      vertex 101.182 -74.7346 2.8
      vertex 103.157 -75.0475 2.8
      vertex 103.029 -75.5816 2.8
    endloop
  endfacet
  facet normal 0 0 -1
    outer loop
      vertex 103.2 -74.5 2.8
      vertex 101.2 -74.5 2.8
      vertex 103.157 -73.9525 2.8
    endloop
  endfacet
  facet normal 0 0 -1
    outer loop
      vertex 101.127 -74.9635 2.8
      vertex 103.029 -75.5816 2.8
      vertex 102.819 -76.089 2.8
    endloop
  endfacet
  facet normal 0 0 -1
    outer loop
      vertex 101.182 -74.2654 2.8
      vertex 103.157 -73.9525 2.8
      vertex 101.2 -74.5 2.8
    endloop
  endfacet
  facet normal 0 0 -1
    outer loop
      vertex 101.037 -75.181 2.8
      vertex 102.819 -76.089 2.8
      vertex 102.532 -76.5573 2.8
    endloop
  endfacet
  facet normal -0 0 -1
    outer loop
      vertex 103.157 -73.9525 2.8
      vertex 101.182 -74.2654 2.8
      vertex 103.029 -73.4184 2.8
    endloop
  endfacet
  facet normal 0 0 -1
    outer loop
      vertex 100.914 -75.3817 2.8
      vertex 102.532 -76.5573 2.8
      vertex 102.175 -76.9749 2.8
    endloop
  endfacet
  facet normal 0 0 -1
    outer loop
      vertex 101.127 -74.0365 2.8
      vertex 103.029 -73.4184 2.8
      vertex 101.182 -74.2654 2.8
    endloop
  endfacet
  facet normal 0 0 -1
    outer loop
      vertex 100.761 -75.5607 2.8
      vertex 102.175 -76.9749 2.8
      vertex 101.757 -77.3316 2.8
    endloop
  endfacet
  facet normal -0 0 -1
    outer loop
      vertex 103.029 -73.4184 2.8
      vertex 101.127 -74.0365 2.8
      vertex 102.819 -72.911 2.8
    endloop
  endfacet
  facet normal 0 0 -1
    outer loop
      vertex 100.582 -75.7135 2.8
      vertex 101.757 -77.3316 2.8
      vertex 101.289 -77.6185 2.8
    endloop
  endfacet
  facet normal 0 0 -1
    outer loop
      vertex 101.037 -73.819 2.8
      vertex 102.819 -72.911 2.8
      vertex 101.127 -74.0365 2.8
    endloop
  endfacet
  facet normal -0 0 -1
    outer loop
      vertex 102.819 -72.911 2.8
      vertex 101.037 -73.819 2.8
      vertex 102.532 -72.4427 2.8
    endloop
  endfacet
  facet normal 0 0 -1
    outer loop
      vertex 103.157 -75.0475 2.8
      vertex 101.182 -74.7346 2.8
      vertex 101.2 -74.5 2.8
    endloop
  endfacet
  facet normal 0 0 -1
    outer loop
      vertex 103.029 -75.5816 2.8
      vertex 101.127 -74.9635 2.8
      vertex 101.182 -74.7346 2.8
    endloop
  endfacet
  facet normal 0 0 -1
    outer loop
      vertex 102.819 -76.089 2.8
      vertex 101.037 -75.181 2.8
      vertex 101.127 -74.9635 2.8
    endloop
  endfacet
  facet normal 0 0 -1
    outer loop
      vertex 102.532 -76.5573 2.8
      vertex 100.914 -75.3817 2.8
      vertex 101.037 -75.181 2.8
    endloop
  endfacet
  facet normal 0 0 -1
    outer loop
      vertex 100.381 -75.8365 2.8
      vertex 101.289 -77.6185 2.8
      vertex 100.782 -77.8287 2.8
    endloop
  endfacet
  facet normal 0 0 -1
    outer loop
      vertex 102.175 -76.9749 2.8
      vertex 100.761 -75.5607 2.8
      vertex 100.914 -75.3817 2.8
    endloop
  endfacet
  facet normal 0 0 -1
    outer loop
      vertex 101.757 -77.3316 2.8
      vertex 100.582 -75.7135 2.8
      vertex 100.761 -75.5607 2.8
    endloop
  endfacet
  facet normal 0 0 -1
    outer loop
      vertex 101.289 -77.6185 2.8
      vertex 100.381 -75.8365 2.8
      vertex 100.582 -75.7135 2.8
    endloop
  endfacet
  facet normal 0 0 -1
    outer loop
      vertex 100.164 -75.9266 2.8
      vertex 100.782 -77.8287 2.8
      vertex 100.248 -77.9569 2.8
    endloop
  endfacet
  facet normal 0 0 -1
    outer loop
      vertex 100.782 -77.8287 2.8
      vertex 100.164 -75.9266 2.8
      vertex 100.381 -75.8365 2.8
    endloop
  endfacet
  facet normal 0 0 -1
    outer loop
      vertex 100.248 -77.9569 2.8
      vertex 99.9347 -75.9815 2.8
      vertex 100.164 -75.9266 2.8
    endloop
  endfacet
  facet normal 0 0 -1
    outer loop
      vertex 99.7 -78 2.8
      vertex 99.9347 -75.9815 2.8
      vertex 100.248 -77.9569 2.8
    endloop
  endfacet
  facet normal 0 0 -1
    outer loop
      vertex 99.7 -78 2.8
      vertex 99.7 -76 2.8
      vertex 99.9347 -75.9815 2.8
    endloop
  endfacet
  facet normal 0 0 -1
    outer loop
      vertex 99.7 -78 2.8
      vertex 99.4653 -75.9815 2.8
      vertex 99.7 -76 2.8
    endloop
  endfacet
  facet normal 0 0 -1
    outer loop
      vertex 99.1525 -77.9569 2.8
      vertex 99.4653 -75.9815 2.8
      vertex 99.7 -78 2.8
    endloop
  endfacet
  facet normal -0 0 -1
    outer loop
      vertex 99.4653 -75.9815 2.8
      vertex 99.1525 -77.9569 2.8
      vertex 99.2365 -75.9266 2.8
    endloop
  endfacet
  facet normal 0 0 -1
    outer loop
      vertex 98.6184 -77.8287 2.8
      vertex 99.2365 -75.9266 2.8
      vertex 99.1525 -77.9569 2.8
    endloop
  endfacet
  facet normal -0 0 -1
    outer loop
      vertex 99.2365 -75.9266 2.8
      vertex 98.6184 -77.8287 2.8
      vertex 99.019 -75.8365 2.8
    endloop
  endfacet
  facet normal 0 0 -1
    outer loop
      vertex 98.111 -77.6185 2.8
      vertex 99.019 -75.8365 2.8
      vertex 98.6184 -77.8287 2.8
    endloop
  endfacet
  facet normal -0 0 -1
    outer loop
      vertex 99.019 -75.8365 2.8
      vertex 98.111 -77.6185 2.8
      vertex 98.8183 -75.7135 2.8
    endloop
  endfacet
  facet normal 0 0 -1
    outer loop
      vertex 97.6428 -77.3316 2.8
      vertex 98.8183 -75.7135 2.8
      vertex 98.111 -77.6185 2.8
    endloop
  endfacet
  facet normal -0 0 -1
    outer loop
      vertex 98.8183 -75.7135 2.8
      vertex 97.6428 -77.3316 2.8
      vertex 98.6393 -75.5607 2.8
    endloop
  endfacet
  facet normal 0 0 -1
    outer loop
      vertex 97.2251 -76.9749 2.8
      vertex 98.6393 -75.5607 2.8
      vertex 97.6428 -77.3316 2.8
    endloop
  endfacet
  facet normal -0 0 -1
    outer loop
      vertex 98.6393 -75.5607 2.8
      vertex 97.2251 -76.9749 2.8
      vertex 98.4865 -75.3817 2.8
    endloop
  endfacet
  facet normal -0 0 -1
    outer loop
      vertex 98.4865 -75.3817 2.8
      vertex 96.8684 -76.5573 2.8
      vertex 98.3635 -75.181 2.8
    endloop
  endfacet
  facet normal 0 0 -1
    outer loop
      vertex 96.8684 -76.5573 2.8
      vertex 98.4865 -75.3817 2.8
      vertex 97.2251 -76.9749 2.8
    endloop
  endfacet
  facet normal 0 0 -1
    outer loop
      vertex 100.914 -73.6183 2.8
      vertex 102.532 -72.4427 2.8
      vertex 101.037 -73.819 2.8
    endloop
  endfacet
  facet normal -0 0 -1
    outer loop
      vertex 102.532 -72.4427 2.8
      vertex 100.914 -73.6183 2.8
      vertex 102.175 -72.0251 2.8
    endloop
  endfacet
  facet normal 0 0 -1
    outer loop
      vertex 100.761 -73.4393 2.8
      vertex 102.175 -72.0251 2.8
      vertex 100.914 -73.6183 2.8
    endloop
  endfacet
  facet normal -0 0 -1
    outer loop
      vertex 102.175 -72.0251 2.8
      vertex 100.761 -73.4393 2.8
      vertex 101.757 -71.6684 2.8
    endloop
  endfacet
  facet normal 0 0 -1
    outer loop
      vertex 100.582 -73.2865 2.8
      vertex 101.757 -71.6684 2.8
      vertex 100.761 -73.4393 2.8
    endloop
  endfacet
  facet normal -0 0 -1
    outer loop
      vertex 101.757 -71.6684 2.8
      vertex 100.582 -73.2865 2.8
      vertex 101.289 -71.3815 2.8
    endloop
  endfacet
  facet normal 0 0 -1
    outer loop
      vertex 100.381 -73.1635 2.8
      vertex 101.289 -71.3815 2.8
      vertex 100.582 -73.2865 2.8
    endloop
  endfacet
  facet normal -0 0 -1
    outer loop
      vertex 101.289 -71.3815 2.8
      vertex 100.381 -73.1635 2.8
      vertex 100.782 -71.1713 2.8
    endloop
  endfacet
  facet normal 0 0 -1
    outer loop
      vertex 100.164 -73.0734 2.8
      vertex 100.782 -71.1713 2.8
      vertex 100.381 -73.1635 2.8
    endloop
  endfacet
  facet normal -0 0 -1
    outer loop
      vertex 100.782 -71.1713 2.8
      vertex 100.164 -73.0734 2.8
      vertex 100.248 -71.0431 2.8
    endloop
  endfacet
  facet normal 0 0 -1
    outer loop
      vertex 99.9347 -73.0185 2.8
      vertex 100.248 -71.0431 2.8
      vertex 100.164 -73.0734 2.8
    endloop
  endfacet
  facet normal 0 0 -1
    outer loop
      vertex 99.7 -73 2.8
      vertex 100.248 -71.0431 2.8
      vertex 99.9347 -73.0185 2.8
    endloop
  endfacet
  facet normal 0 0 -1
    outer loop
      vertex 99.7 -73 2.8
      vertex 99.7 -71 2.8
      vertex 100.248 -71.0431 2.8
    endloop
  endfacet
  facet normal 0 0 -1
    outer loop
      vertex 99.4653 -73.0185 2.8
      vertex 99.7 -71 2.8
      vertex 99.7 -73 2.8
    endloop
  endfacet
  facet normal 0 0 -1
    outer loop
      vertex 99.1525 -71.0431 2.8
      vertex 99.4653 -73.0185 2.8
      vertex 99.2365 -73.0734 2.8
    endloop
  endfacet
  facet normal 0 0 -1
    outer loop
      vertex 99.4653 -73.0185 2.8
      vertex 99.1525 -71.0431 2.8
      vertex 99.7 -71 2.8
    endloop
  endfacet
  facet normal 0 0 -1
    outer loop
      vertex 98.6184 -71.1713 2.8
      vertex 99.2365 -73.0734 2.8
      vertex 99.019 -73.1635 2.8
    endloop
  endfacet
  facet normal 0 0 -1
    outer loop
      vertex 98.111 -71.3815 2.8
      vertex 99.019 -73.1635 2.8
      vertex 98.8183 -73.2865 2.8
    endloop
  endfacet
  facet normal 0 0 -1
    outer loop
      vertex 97.6428 -71.6684 2.8
      vertex 98.8183 -73.2865 2.8
      vertex 98.6393 -73.4393 2.8
    endloop
  endfacet
  facet normal 0 0 -1
    outer loop
      vertex 99.2365 -73.0734 2.8
      vertex 98.6184 -71.1713 2.8
      vertex 99.1525 -71.0431 2.8
    endloop
  endfacet
  facet normal 0 0 -1
    outer loop
      vertex 97.2251 -72.0251 2.8
      vertex 98.6393 -73.4393 2.8
      vertex 98.4865 -73.6183 2.8
    endloop
  endfacet
  facet normal 0 0 -1
    outer loop
      vertex 96.8684 -72.4427 2.8
      vertex 98.4865 -73.6183 2.8
      vertex 98.3635 -73.819 2.8
    endloop
  endfacet
  facet normal 0 0 -1
    outer loop
      vertex 96.5815 -72.911 2.8
      vertex 98.3635 -73.819 2.8
      vertex 98.2734 -74.0365 2.8
    endloop
  endfacet
  facet normal 0 0 -1
    outer loop
      vertex 96.3713 -73.4184 2.8
      vertex 98.2734 -74.0365 2.8
      vertex 98.2185 -74.2654 2.8
    endloop
  endfacet
  facet normal 0 0 -1
    outer loop
      vertex 99.019 -73.1635 2.8
      vertex 98.111 -71.3815 2.8
      vertex 98.6184 -71.1713 2.8
    endloop
  endfacet
  facet normal 0 0 -1
    outer loop
      vertex 96.2431 -73.9525 2.8
      vertex 98.2185 -74.2654 2.8
      vertex 98.2 -74.5 2.8
    endloop
  endfacet
  facet normal 0 0 -1
    outer loop
      vertex 96.5815 -76.089 2.8
      vertex 98.3635 -75.181 2.8
      vertex 96.8684 -76.5573 2.8
    endloop
  endfacet
  facet normal -0 0 -1
    outer loop
      vertex 98.3635 -75.181 2.8
      vertex 96.5815 -76.089 2.8
      vertex 98.2734 -74.9635 2.8
    endloop
  endfacet
  facet normal 0 0 -1
    outer loop
      vertex 98.8183 -73.2865 2.8
      vertex 97.6428 -71.6684 2.8
      vertex 98.111 -71.3815 2.8
    endloop
  endfacet
  facet normal 0 0 -1
    outer loop
      vertex 96.3713 -75.5816 2.8
      vertex 98.2734 -74.9635 2.8
      vertex 96.5815 -76.089 2.8
    endloop
  endfacet
  facet normal 0 0 -1
    outer loop
      vertex 98.6393 -73.4393 2.8
      vertex 97.2251 -72.0251 2.8
      vertex 97.6428 -71.6684 2.8
    endloop
  endfacet
  facet normal -0 0 -1
    outer loop
      vertex 98.2734 -74.9635 2.8
      vertex 96.3713 -75.5816 2.8
      vertex 98.2185 -74.7346 2.8
    endloop
  endfacet
  facet normal 0 0 -1
    outer loop
      vertex 98.4865 -73.6183 2.8
      vertex 96.8684 -72.4427 2.8
      vertex 97.2251 -72.0251 2.8
    endloop
  endfacet
  facet normal 0 0 -1
    outer loop
      vertex 96.2431 -75.0475 2.8
      vertex 98.2185 -74.7346 2.8
      vertex 96.3713 -75.5816 2.8
    endloop
  endfacet
  facet normal 0 0 -1
    outer loop
      vertex 98.3635 -73.819 2.8
      vertex 96.5815 -72.911 2.8
      vertex 96.8684 -72.4427 2.8
    endloop
  endfacet
  facet normal -0 0 -1
    outer loop
      vertex 98.2185 -74.7346 2.8
      vertex 96.2431 -75.0475 2.8
      vertex 98.2 -74.5 2.8
    endloop
  endfacet
  facet normal 0 0 -1
    outer loop
      vertex 98.2734 -74.0365 2.8
      vertex 96.3713 -73.4184 2.8
      vertex 96.5815 -72.911 2.8
    endloop
  endfacet
  facet normal 0 0 -1
    outer loop
      vertex 96.2 -74.5 2.8
      vertex 98.2 -74.5 2.8
      vertex 96.2431 -75.0475 2.8
    endloop
  endfacet
  facet normal 0 0 -1
    outer loop
      vertex 98.2185 -74.2654 2.8
      vertex 96.2431 -73.9525 2.8
      vertex 96.3713 -73.4184 2.8
    endloop
  endfacet
  facet normal 0 0 -1
    outer loop
      vertex 98.2 -74.5 2.8
      vertex 96.2 -74.5 2.8
      vertex 96.2431 -73.9525 2.8
    endloop
  endfacet
  facet normal 0.92399 0.382416 0
    outer loop
      vertex 103.029 -73.4184 8.8
      vertex 102.819 -72.911 2.8
      vertex 102.819 -72.911 8.8
    endloop
  endfacet
  facet normal 0.92399 0.382416 0
    outer loop
      vertex 102.819 -72.911 2.8
      vertex 103.029 -73.4184 8.8
      vertex 103.029 -73.4184 2.8
    endloop
  endfacet
  facet normal 0.972463 0.233056 0
    outer loop
      vertex 103.157 -73.9525 8.8
      vertex 103.029 -73.4184 2.8
      vertex 103.029 -73.4184 8.8
    endloop
  endfacet
  facet normal 0.972463 0.233056 0
    outer loop
      vertex 103.029 -73.4184 2.8
      vertex 103.157 -73.9525 8.8
      vertex 103.157 -73.9525 2.8
    endloop
  endfacet
  facet normal 0.233442 0.972371 -0
    outer loop
      vertex 100.782 -71.1713 2.8
      vertex 100.248 -71.0431 8.8
      vertex 100.782 -71.1713 8.8
    endloop
  endfacet
  facet normal 0.233442 0.972371 0
    outer loop
      vertex 100.248 -71.0431 8.8
      vertex 100.782 -71.1713 2.8
      vertex 100.248 -71.0431 2.8
    endloop
  endfacet
  facet normal 0.0784075 0.996921 -0
    outer loop
      vertex 100.248 -71.0431 2.8
      vertex 99.7 -71 8.8
      vertex 100.248 -71.0431 8.8
    endloop
  endfacet
  facet normal 0.0784075 0.996921 0
    outer loop
      vertex 99.7 -71 8.8
      vertex 100.248 -71.0431 2.8
      vertex 99.7 -71 2.8
    endloop
  endfacet
  facet normal 0.522643 0.852552 -0
    outer loop
      vertex 101.757 -71.6684 2.8
      vertex 101.289 -71.3815 8.8
      vertex 101.757 -71.6684 8.8
    endloop
  endfacet
  facet normal 0.522643 0.852552 0
    outer loop
      vertex 101.289 -71.3815 8.8
      vertex 101.757 -71.6684 2.8
      vertex 101.289 -71.3815 2.8
    endloop
  endfacet
  facet normal -0.923861 0.382727 0
    outer loop
      vertex 96.3713 -73.4184 2.8
      vertex 96.5815 -72.911 8.8
      vertex 96.5815 -72.911 2.8
    endloop
  endfacet
  facet normal -0.923861 0.382727 0
    outer loop
      vertex 96.5815 -72.911 8.8
      vertex 96.3713 -73.4184 2.8
      vertex 96.3713 -73.4184 8.8
    endloop
  endfacet
  facet normal -0.760374 0.649486 0
    outer loop
      vertex 96.8684 -72.4427 2.8
      vertex 97.2251 -72.0251 8.8
      vertex 97.2251 -72.0251 2.8
    endloop
  endfacet
  facet normal -0.760374 0.649486 0
    outer loop
      vertex 97.2251 -72.0251 8.8
      vertex 96.8684 -72.4427 2.8
      vertex 96.8684 -72.4427 8.8
    endloop
  endfacet
  facet normal -0.972381 0.2334 0
    outer loop
      vertex 96.2431 -73.9525 2.8
      vertex 96.3713 -73.4184 8.8
      vertex 96.3713 -73.4184 2.8
    endloop
  endfacet
  facet normal -0.972381 0.2334 0
    outer loop
      vertex 96.3713 -73.4184 8.8
      vertex 96.2431 -73.9525 2.8
      vertex 96.2431 -73.9525 8.8
    endloop
  endfacet
  facet normal 0 0 1
    outer loop
      vertex 101.2 -74.5 8.8
      vertex 103.2 -74.5 8.8
      vertex 103.157 -73.9525 8.8
    endloop
  endfacet
  facet normal 0 0 1
    outer loop
      vertex 101.182 -74.2654 8.8
      vertex 103.157 -73.9525 8.8
      vertex 103.029 -73.4184 8.8
    endloop
  endfacet
  facet normal 0 0 1
    outer loop
      vertex 103.2 -74.5 8.8
      vertex 101.2 -74.5 8.8
      vertex 103.157 -75.0475 8.8
    endloop
  endfacet
  facet normal 0 0 1
    outer loop
      vertex 101.127 -74.0365 8.8
      vertex 103.029 -73.4184 8.8
      vertex 102.819 -72.911 8.8
    endloop
  endfacet
  facet normal -0 0 1
    outer loop
      vertex 101.182 -74.7346 8.8
      vertex 103.157 -75.0475 8.8
      vertex 101.2 -74.5 8.8
    endloop
  endfacet
  facet normal 0 0 1
    outer loop
      vertex 101.037 -73.819 8.8
      vertex 102.819 -72.911 8.8
      vertex 102.532 -72.4427 8.8
    endloop
  endfacet
  facet normal 0 0 1
    outer loop
      vertex 103.157 -75.0475 8.8
      vertex 101.182 -74.7346 8.8
      vertex 103.029 -75.5816 8.8
    endloop
  endfacet
  facet normal 0 0 1
    outer loop
      vertex 100.914 -73.6183 8.8
      vertex 102.532 -72.4427 8.8
      vertex 102.175 -72.0251 8.8
    endloop
  endfacet
  facet normal -0 0 1
    outer loop
      vertex 101.127 -74.9635 8.8
      vertex 103.029 -75.5816 8.8
      vertex 101.182 -74.7346 8.8
    endloop
  endfacet
  facet normal 0 0 1
    outer loop
      vertex 100.761 -73.4393 8.8
      vertex 102.175 -72.0251 8.8
      vertex 101.757 -71.6684 8.8
    endloop
  endfacet
  facet normal 0 0 1
    outer loop
      vertex 103.029 -75.5816 8.8
      vertex 101.127 -74.9635 8.8
      vertex 102.819 -76.089 8.8
    endloop
  endfacet
  facet normal 0 0 1
    outer loop
      vertex 100.582 -73.2865 8.8
      vertex 101.757 -71.6684 8.8
      vertex 101.289 -71.3815 8.8
    endloop
  endfacet
  facet normal -0 0 1
    outer loop
      vertex 101.037 -75.181 8.8
      vertex 102.819 -76.089 8.8
      vertex 101.127 -74.9635 8.8
    endloop
  endfacet
  facet normal 0 0 1
    outer loop
      vertex 102.819 -76.089 8.8
      vertex 101.037 -75.181 8.8
      vertex 102.532 -76.5573 8.8
    endloop
  endfacet
  facet normal 0 0 1
    outer loop
      vertex 103.157 -73.9525 8.8
      vertex 101.182 -74.2654 8.8
      vertex 101.2 -74.5 8.8
    endloop
  endfacet
  facet normal 0 0 1
    outer loop
      vertex 103.029 -73.4184 8.8
      vertex 101.127 -74.0365 8.8
      vertex 101.182 -74.2654 8.8
    endloop
  endfacet
  facet normal 0 0 1
    outer loop
      vertex 102.819 -72.911 8.8
      vertex 101.037 -73.819 8.8
      vertex 101.127 -74.0365 8.8
    endloop
  endfacet
  facet normal 0 0 1
    outer loop
      vertex 102.532 -72.4427 8.8
      vertex 100.914 -73.6183 8.8
      vertex 101.037 -73.819 8.8
    endloop
  endfacet
  facet normal 0 0 1
    outer loop
      vertex 100.381 -73.1635 8.8
      vertex 101.289 -71.3815 8.8
      vertex 100.782 -71.1713 8.8
    endloop
  endfacet
  facet normal 0 0 1
    outer loop
      vertex 102.175 -72.0251 8.8
      vertex 100.761 -73.4393 8.8
      vertex 100.914 -73.6183 8.8
    endloop
  endfacet
  facet normal 0 0 1
    outer loop
      vertex 101.757 -71.6684 8.8
      vertex 100.582 -73.2865 8.8
      vertex 100.761 -73.4393 8.8
    endloop
  endfacet
  facet normal 0 0 1
    outer loop
      vertex 101.289 -71.3815 8.8
      vertex 100.381 -73.1635 8.8
      vertex 100.582 -73.2865 8.8
    endloop
  endfacet
  facet normal 0 0 1
    outer loop
      vertex 100.164 -73.0734 8.8
      vertex 100.782 -71.1713 8.8
      vertex 100.248 -71.0431 8.8
    endloop
  endfacet
  facet normal 0 0 1
    outer loop
      vertex 100.782 -71.1713 8.8
      vertex 100.164 -73.0734 8.8
      vertex 100.381 -73.1635 8.8
    endloop
  endfacet
  facet normal 0 0 1
    outer loop
      vertex 100.248 -71.0431 8.8
      vertex 99.9347 -73.0185 8.8
      vertex 100.164 -73.0734 8.8
    endloop
  endfacet
  facet normal 0 0 1
    outer loop
      vertex 99.7 -71 8.8
      vertex 99.9347 -73.0185 8.8
      vertex 100.248 -71.0431 8.8
    endloop
  endfacet
  facet normal 0 0 1
    outer loop
      vertex 99.7 -71 8.8
      vertex 99.7 -73 8.8
      vertex 99.9347 -73.0185 8.8
    endloop
  endfacet
  facet normal 0 0 1
    outer loop
      vertex 99.7 -71 8.8
      vertex 99.4653 -73.0185 8.8
      vertex 99.7 -73 8.8
    endloop
  endfacet
  facet normal -0 0 1
    outer loop
      vertex 99.1525 -71.0431 8.8
      vertex 99.4653 -73.0185 8.8
      vertex 99.7 -71 8.8
    endloop
  endfacet
  facet normal 0 0 1
    outer loop
      vertex 99.4653 -73.0185 8.8
      vertex 99.1525 -71.0431 8.8
      vertex 99.2365 -73.0734 8.8
    endloop
  endfacet
  facet normal -0 0 1
    outer loop
      vertex 98.6184 -71.1713 8.8
      vertex 99.2365 -73.0734 8.8
      vertex 99.1525 -71.0431 8.8
    endloop
  endfacet
  facet normal 0 0 1
    outer loop
      vertex 99.2365 -73.0734 8.8
      vertex 98.6184 -71.1713 8.8
      vertex 99.019 -73.1635 8.8
    endloop
  endfacet
  facet normal -0 0 1
    outer loop
      vertex 98.111 -71.3815 8.8
      vertex 99.019 -73.1635 8.8
      vertex 98.6184 -71.1713 8.8
    endloop
  endfacet
  facet normal 0 0 1
    outer loop
      vertex 99.019 -73.1635 8.8
      vertex 98.111 -71.3815 8.8
      vertex 98.8183 -73.2865 8.8
    endloop
  endfacet
  facet normal -0 0 1
    outer loop
      vertex 97.6428 -71.6684 8.8
      vertex 98.8183 -73.2865 8.8
      vertex 98.111 -71.3815 8.8
    endloop
  endfacet
  facet normal 0 0 1
    outer loop
      vertex 98.8183 -73.2865 8.8
      vertex 97.6428 -71.6684 8.8
      vertex 98.6393 -73.4393 8.8
    endloop
  endfacet
  facet normal -0 0 1
    outer loop
      vertex 97.2251 -72.0251 8.8
      vertex 98.6393 -73.4393 8.8
      vertex 97.6428 -71.6684 8.8
    endloop
  endfacet
  facet normal 0 0 1
    outer loop
      vertex 98.6393 -73.4393 8.8
      vertex 97.2251 -72.0251 8.8
      vertex 98.4865 -73.6183 8.8
    endloop
  endfacet
  facet normal 0 0 1
    outer loop
      vertex 98.4865 -73.6183 8.8
      vertex 96.8684 -72.4427 8.8
      vertex 98.3635 -73.819 8.8
    endloop
  endfacet
  facet normal -0 0 1
    outer loop
      vertex 96.8684 -72.4427 8.8
      vertex 98.4865 -73.6183 8.8
      vertex 97.2251 -72.0251 8.8
    endloop
  endfacet
  facet normal -0 0 1
    outer loop
      vertex 100.914 -75.3817 8.8
      vertex 102.532 -76.5573 8.8
      vertex 101.037 -75.181 8.8
    endloop
  endfacet
  facet normal 0 0 1
    outer loop
      vertex 102.532 -76.5573 8.8
      vertex 100.914 -75.3817 8.8
      vertex 102.175 -76.9749 8.8
    endloop
  endfacet
  facet normal -0 0 1
    outer loop
      vertex 100.761 -75.5607 8.8
      vertex 102.175 -76.9749 8.8
      vertex 100.914 -75.3817 8.8
    endloop
  endfacet
  facet normal 0 0 1
    outer loop
      vertex 102.175 -76.9749 8.8
      vertex 100.761 -75.5607 8.8
      vertex 101.757 -77.3316 8.8
    endloop
  endfacet
  facet normal -0 0 1
    outer loop
      vertex 100.582 -75.7135 8.8
      vertex 101.757 -77.3316 8.8
      vertex 100.761 -75.5607 8.8
    endloop
  endfacet
  facet normal 0 0 1
    outer loop
      vertex 101.757 -77.3316 8.8
      vertex 100.582 -75.7135 8.8
      vertex 101.289 -77.6185 8.8
    endloop
  endfacet
  facet normal -0 0 1
    outer loop
      vertex 100.381 -75.8365 8.8
      vertex 101.289 -77.6185 8.8
      vertex 100.582 -75.7135 8.8
    endloop
  endfacet
  facet normal 0 0 1
    outer loop
      vertex 101.289 -77.6185 8.8
      vertex 100.381 -75.8365 8.8
      vertex 100.782 -77.8287 8.8
    endloop
  endfacet
  facet normal -0 0 1
    outer loop
      vertex 100.164 -75.9266 8.8
      vertex 100.782 -77.8287 8.8
      vertex 100.381 -75.8365 8.8
    endloop
  endfacet
  facet normal 0 0 1
    outer loop
      vertex 100.782 -77.8287 8.8
      vertex 100.164 -75.9266 8.8
      vertex 100.248 -77.9569 8.8
    endloop
  endfacet
  facet normal -0 0 1
    outer loop
      vertex 99.9347 -75.9815 8.8
      vertex 100.248 -77.9569 8.8
      vertex 100.164 -75.9266 8.8
    endloop
  endfacet
  facet normal -0 0 1
    outer loop
      vertex 99.7 -76 8.8
      vertex 100.248 -77.9569 8.8
      vertex 99.9347 -75.9815 8.8
    endloop
  endfacet
  facet normal 0 0 1
    outer loop
      vertex 99.7 -76 8.8
      vertex 99.7 -78 8.8
      vertex 100.248 -77.9569 8.8
    endloop
  endfacet
  facet normal 0 0 1
    outer loop
      vertex 99.4653 -75.9815 8.8
      vertex 99.7 -78 8.8
      vertex 99.7 -76 8.8
    endloop
  endfacet
  facet normal 0 0 1
    outer loop
      vertex 99.1525 -77.9569 8.8
      vertex 99.4653 -75.9815 8.8
      vertex 99.2365 -75.9266 8.8
    endloop
  endfacet
  facet normal 0 0 1
    outer loop
      vertex 99.4653 -75.9815 8.8
      vertex 99.1525 -77.9569 8.8
      vertex 99.7 -78 8.8
    endloop
  endfacet
  facet normal 0 0 1
    outer loop
      vertex 98.6184 -77.8287 8.8
      vertex 99.2365 -75.9266 8.8
      vertex 99.019 -75.8365 8.8
    endloop
  endfacet
  facet normal 0 0 1
    outer loop
      vertex 98.111 -77.6185 8.8
      vertex 99.019 -75.8365 8.8
      vertex 98.8183 -75.7135 8.8
    endloop
  endfacet
  facet normal 0 0 1
    outer loop
      vertex 97.6428 -77.3316 8.8
      vertex 98.8183 -75.7135 8.8
      vertex 98.6393 -75.5607 8.8
    endloop
  endfacet
  facet normal 0 0 1
    outer loop
      vertex 99.2365 -75.9266 8.8
      vertex 98.6184 -77.8287 8.8
      vertex 99.1525 -77.9569 8.8
    endloop
  endfacet
  facet normal 0 0 1
    outer loop
      vertex 97.2251 -76.9749 8.8
      vertex 98.6393 -75.5607 8.8
      vertex 98.4865 -75.3817 8.8
    endloop
  endfacet
  facet normal 0 0 1
    outer loop
      vertex 96.8684 -76.5573 8.8
      vertex 98.4865 -75.3817 8.8
      vertex 98.3635 -75.181 8.8
    endloop
  endfacet
  facet normal 0 0 1
    outer loop
      vertex 96.5815 -76.089 8.8
      vertex 98.3635 -75.181 8.8
      vertex 98.2734 -74.9635 8.8
    endloop
  endfacet
  facet normal 0 0 1
    outer loop
      vertex 96.3713 -75.5816 8.8
      vertex 98.2734 -74.9635 8.8
      vertex 98.2185 -74.7346 8.8
    endloop
  endfacet
  facet normal 0 0 1
    outer loop
      vertex 99.019 -75.8365 8.8
      vertex 98.111 -77.6185 8.8
      vertex 98.6184 -77.8287 8.8
    endloop
  endfacet
  facet normal 0 0 1
    outer loop
      vertex 96.2431 -75.0475 8.8
      vertex 98.2185 -74.7346 8.8
      vertex 98.2 -74.5 8.8
    endloop
  endfacet
  facet normal -0 0 1
    outer loop
      vertex 96.5815 -72.911 8.8
      vertex 98.3635 -73.819 8.8
      vertex 96.8684 -72.4427 8.8
    endloop
  endfacet
  facet normal 0 0 1
    outer loop
      vertex 98.3635 -73.819 8.8
      vertex 96.5815 -72.911 8.8
      vertex 98.2734 -74.0365 8.8
    endloop
  endfacet
  facet normal 0 0 1
    outer loop
      vertex 98.8183 -75.7135 8.8
      vertex 97.6428 -77.3316 8.8
      vertex 98.111 -77.6185 8.8
    endloop
  endfacet
  facet normal -0 0 1
    outer loop
      vertex 96.3713 -73.4184 8.8
      vertex 98.2734 -74.0365 8.8
      vertex 96.5815 -72.911 8.8
    endloop
  endfacet
  facet normal 0 0 1
    outer loop
      vertex 98.6393 -75.5607 8.8
      vertex 97.2251 -76.9749 8.8
      vertex 97.6428 -77.3316 8.8
    endloop
  endfacet
  facet normal 0 0 1
    outer loop
      vertex 98.2734 -74.0365 8.8
      vertex 96.3713 -73.4184 8.8
      vertex 98.2185 -74.2654 8.8
    endloop
  endfacet
  facet normal 0 0 1
    outer loop
      vertex 98.4865 -75.3817 8.8
      vertex 96.8684 -76.5573 8.8
      vertex 97.2251 -76.9749 8.8
    endloop
  endfacet
  facet normal -0 0 1
    outer loop
      vertex 96.2431 -73.9525 8.8
      vertex 98.2185 -74.2654 8.8
      vertex 96.3713 -73.4184 8.8
    endloop
  endfacet
  facet normal 0 0 1
    outer loop
      vertex 98.3635 -75.181 8.8
      vertex 96.5815 -76.089 8.8
      vertex 96.8684 -76.5573 8.8
    endloop
  endfacet
  facet normal 0 0 1
    outer loop
      vertex 98.2185 -74.2654 8.8
      vertex 96.2431 -73.9525 8.8
      vertex 98.2 -74.5 8.8
    endloop
  endfacet
  facet normal 0 0 1
    outer loop
      vertex 98.2734 -74.9635 8.8
      vertex 96.3713 -75.5816 8.8
      vertex 96.5815 -76.089 8.8
    endloop
  endfacet
  facet normal 0 0 1
    outer loop
      vertex 96.2 -74.5 8.8
      vertex 98.2 -74.5 8.8
      vertex 96.2431 -73.9525 8.8
    endloop
  endfacet
  facet normal 0 0 1
    outer loop
      vertex 98.2185 -74.7346 8.8
      vertex 96.2431 -75.0475 8.8
      vertex 96.3713 -75.5816 8.8
    endloop
  endfacet
  facet normal 0 0 1
    outer loop
      vertex 98.2 -74.5 8.8
      vertex 96.2 -74.5 8.8
      vertex 96.2431 -75.0475 8.8
    endloop
  endfacet
  facet normal -0.522481 0.852651 0
    outer loop
      vertex 98.111 -71.3815 2.8
      vertex 97.6428 -71.6684 8.8
      vertex 98.111 -71.3815 8.8
    endloop
  endfacet
  facet normal -0.522481 0.852651 0
    outer loop
      vertex 97.6428 -71.6684 8.8
      vertex 98.111 -71.3815 2.8
      vertex 97.6428 -71.6684 2.8
    endloop
  endfacet
  facet normal -0.2334 0.972381 0
    outer loop
      vertex 99.1525 -71.0431 2.8
      vertex 98.6184 -71.1713 8.8
      vertex 99.1525 -71.0431 8.8
    endloop
  endfacet
  facet normal -0.2334 0.972381 0
    outer loop
      vertex 98.6184 -71.1713 8.8
      vertex 99.1525 -71.0431 2.8
      vertex 98.6184 -71.1713 2.8
    endloop
  endfacet
  facet normal 0.0784075 -0.996921 0
    outer loop
      vertex 99.7 -78 2.8
      vertex 100.248 -77.9569 8.8
      vertex 99.7 -78 8.8
    endloop
  endfacet
  facet normal 0.0784075 -0.996921 0
    outer loop
      vertex 100.248 -77.9569 8.8
      vertex 99.7 -78 2.8
      vertex 100.248 -77.9569 2.8
    endloop
  endfacet
  facet normal 0.522643 -0.852552 0
    outer loop
      vertex 101.289 -77.6185 2.8
      vertex 101.757 -77.3316 8.8
      vertex 101.289 -77.6185 8.8
    endloop
  endfacet
  facet normal 0.522643 -0.852552 0
    outer loop
      vertex 101.757 -77.3316 8.8
      vertex 101.289 -77.6185 2.8
      vertex 101.757 -77.3316 2.8
    endloop
  endfacet
  facet normal 0.972463 -0.233056 0
    outer loop
      vertex 103.029 -75.5816 8.8
      vertex 103.157 -75.0475 2.8
      vertex 103.157 -75.0475 8.8
    endloop
  endfacet
  facet normal 0.972463 -0.233056 0
    outer loop
      vertex 103.157 -75.0475 2.8
      vertex 103.029 -75.5816 8.8
      vertex 103.029 -75.5816 2.8
    endloop
  endfacet
  facet normal -0.649396 -0.76045 0
    outer loop
      vertex 97.2251 -76.9749 2.8
      vertex 97.6428 -77.3316 8.8
      vertex 97.2251 -76.9749 8.8
    endloop
  endfacet
  facet normal -0.649396 -0.76045 -0
    outer loop
      vertex 97.6428 -77.3316 8.8
      vertex 97.2251 -76.9749 2.8
      vertex 97.6428 -77.3316 2.8
    endloop
  endfacet
  facet normal -0.996916 -0.0784787 0
    outer loop
      vertex 96.2431 -75.0475 2.8
      vertex 96.2 -74.5 8.8
      vertex 96.2 -74.5 2.8
    endloop
  endfacet
  facet normal -0.996916 -0.0784787 0
    outer loop
      vertex 96.2 -74.5 8.8
      vertex 96.2431 -75.0475 2.8
      vertex 96.2431 -75.0475 8.8
    endloop
  endfacet
  facet normal 0.760104 0.649802 0
    outer loop
      vertex 102.532 -72.4427 8.8
      vertex 102.175 -72.0251 2.8
      vertex 102.175 -72.0251 8.8
    endloop
  endfacet
  facet normal 0.760104 0.649802 0
    outer loop
      vertex 102.175 -72.0251 2.8
      vertex 102.532 -72.4427 8.8
      vertex 102.532 -72.4427 2.8
    endloop
  endfacet
  facet normal 0.85262 0.522532 0
    outer loop
      vertex 102.819 -72.911 8.8
      vertex 102.532 -72.4427 2.8
      vertex 102.532 -72.4427 8.8
    endloop
  endfacet
  facet normal 0.85262 0.522532 0
    outer loop
      vertex 102.532 -72.4427 2.8
      vertex 102.819 -72.911 8.8
      vertex 102.819 -72.911 2.8
    endloop
  endfacet
  facet normal 0.382985 0.923755 -0
    outer loop
      vertex 101.289 -71.3815 2.8
      vertex 100.782 -71.1713 8.8
      vertex 101.289 -71.3815 8.8
    endloop
  endfacet
  facet normal 0.382985 0.923755 0
    outer loop
      vertex 100.782 -71.1713 8.8
      vertex 101.289 -71.3815 2.8
      vertex 100.782 -71.1713 2.8
    endloop
  endfacet
  facet normal -0.852701 0.5224 0
    outer loop
      vertex 96.5815 -72.911 2.8
      vertex 96.8684 -72.4427 8.8
      vertex 96.8684 -72.4427 2.8
    endloop
  endfacet
  facet normal -0.852701 0.5224 0
    outer loop
      vertex 96.8684 -72.4427 8.8
      vertex 96.5815 -72.911 2.8
      vertex 96.5815 -72.911 8.8
    endloop
  endfacet
  facet normal 0.99693 -0.0782977 0
    outer loop
      vertex 103.157 -75.0475 8.8
      vertex 103.2 -74.5 2.8
      vertex 103.2 -74.5 8.8
    endloop
  endfacet
  facet normal 0.99693 -0.0782977 0
    outer loop
      vertex 103.2 -74.5 2.8
      vertex 103.157 -75.0475 8.8
      vertex 103.157 -75.0475 2.8
    endloop
  endfacet
  facet normal 0.233442 -0.972371 0
    outer loop
      vertex 100.248 -77.9569 2.8
      vertex 100.782 -77.8287 8.8
      vertex 100.248 -77.9569 8.8
    endloop
  endfacet
  facet normal 0.233442 -0.972371 0
    outer loop
      vertex 100.782 -77.8287 8.8
      vertex 100.248 -77.9569 2.8
      vertex 100.782 -77.8287 2.8
    endloop
  endfacet
  facet normal 0.649126 -0.760681 0
    outer loop
      vertex 101.757 -77.3316 2.8
      vertex 102.175 -76.9749 8.8
      vertex 101.757 -77.3316 8.8
    endloop
  endfacet
  facet normal 0.649126 -0.760681 0
    outer loop
      vertex 102.175 -76.9749 8.8
      vertex 101.757 -77.3316 2.8
      vertex 102.175 -76.9749 2.8
    endloop
  endfacet
  facet normal 0.760104 -0.649802 0
    outer loop
      vertex 102.175 -76.9749 8.8
      vertex 102.532 -76.5573 2.8
      vertex 102.532 -76.5573 8.8
    endloop
  endfacet
  facet normal 0.760104 -0.649802 0
    outer loop
      vertex 102.532 -76.5573 2.8
      vertex 102.175 -76.9749 8.8
      vertex 102.175 -76.9749 2.8
    endloop
  endfacet
  facet normal -0.522481 -0.852651 0
    outer loop
      vertex 97.6428 -77.3316 2.8
      vertex 98.111 -77.6185 8.8
      vertex 97.6428 -77.3316 8.8
    endloop
  endfacet
  facet normal -0.522481 -0.852651 -0
    outer loop
      vertex 98.111 -77.6185 8.8
      vertex 97.6428 -77.3316 2.8
      vertex 98.111 -77.6185 2.8
    endloop
  endfacet
  facet normal -0.382727 -0.923861 0
    outer loop
      vertex 98.111 -77.6185 2.8
      vertex 98.6184 -77.8287 8.8
      vertex 98.111 -77.6185 8.8
    endloop
  endfacet
  facet normal -0.382727 -0.923861 -0
    outer loop
      vertex 98.6184 -77.8287 8.8
      vertex 98.111 -77.6185 2.8
      vertex 98.6184 -77.8287 2.8
    endloop
  endfacet
  facet normal -0.923861 -0.382727 0
    outer loop
      vertex 96.5815 -76.089 2.8
      vertex 96.3713 -75.5816 8.8
      vertex 96.3713 -75.5816 2.8
    endloop
  endfacet
  facet normal -0.923861 -0.382727 0
    outer loop
      vertex 96.3713 -75.5816 8.8
      vertex 96.5815 -76.089 2.8
      vertex 96.5815 -76.089 8.8
    endloop
  endfacet
  facet normal -0.972381 -0.2334 0
    outer loop
      vertex 96.3713 -75.5816 2.8
      vertex 96.2431 -75.0475 8.8
      vertex 96.2431 -75.0475 2.8
    endloop
  endfacet
  facet normal -0.972381 -0.2334 0
    outer loop
      vertex 96.2431 -75.0475 8.8
      vertex 96.3713 -75.5816 2.8
      vertex 96.3713 -75.5816 8.8
    endloop
  endfacet
  facet normal 0.92399 -0.382416 0
    outer loop
      vertex 102.819 -76.089 8.8
      vertex 103.029 -75.5816 2.8
      vertex 103.029 -75.5816 8.8
    endloop
  endfacet
  facet normal 0.92399 -0.382416 0
    outer loop
      vertex 103.029 -75.5816 2.8
      vertex 102.819 -76.089 8.8
      vertex 102.819 -76.089 2.8
    endloop
  endfacet
  facet normal 0.382985 -0.923755 0
    outer loop
      vertex 100.782 -77.8287 2.8
      vertex 101.289 -77.6185 8.8
      vertex 100.782 -77.8287 8.8
    endloop
  endfacet
  facet normal 0.382985 -0.923755 0
    outer loop
      vertex 101.289 -77.6185 8.8
      vertex 100.782 -77.8287 2.8
      vertex 101.289 -77.6185 2.8
    endloop
  endfacet
  facet normal -0.2334 -0.972381 0
    outer loop
      vertex 98.6184 -77.8287 2.8
      vertex 99.1525 -77.9569 8.8
      vertex 98.6184 -77.8287 8.8
    endloop
  endfacet
  facet normal -0.2334 -0.972381 -0
    outer loop
      vertex 99.1525 -77.9569 8.8
      vertex 98.6184 -77.8287 2.8
      vertex 99.1525 -77.9569 2.8
    endloop
  endfacet
  facet normal -0.852701 -0.5224 0
    outer loop
      vertex 96.8684 -76.5573 2.8
      vertex 96.5815 -76.089 8.8
      vertex 96.5815 -76.089 2.8
    endloop
  endfacet
  facet normal -0.852701 -0.5224 0
    outer loop
      vertex 96.5815 -76.089 8.8
      vertex 96.8684 -76.5573 2.8
      vertex 96.8684 -76.5573 8.8
    endloop
  endfacet
  facet normal 0.85262 -0.522532 0
    outer loop
      vertex 102.532 -76.5573 8.8
      vertex 102.819 -76.089 2.8
      vertex 102.819 -76.089 8.8
    endloop
  endfacet
  facet normal 0.85262 -0.522532 0
    outer loop
      vertex 102.819 -76.089 2.8
      vertex 102.532 -76.5573 8.8
      vertex 102.532 -76.5573 2.8
    endloop
  endfacet
  facet normal 0.522481 0.852651 -0
    outer loop
      vertex -97.6428 -71.6684 2.8
      vertex -98.111 -71.3815 8.8
      vertex -97.6428 -71.6684 8.8
    endloop
  endfacet
  facet normal 0.522481 0.852651 0
    outer loop
      vertex -98.111 -71.3815 8.8
      vertex -97.6428 -71.6684 2.8
      vertex -98.111 -71.3815 2.8
    endloop
  endfacet
  facet normal -0.382985 0.923755 0
    outer loop
      vertex -100.782 -71.1713 2.8
      vertex -101.289 -71.3815 8.8
      vertex -100.782 -71.1713 8.8
    endloop
  endfacet
  facet normal -0.382985 0.923755 0
    outer loop
      vertex -101.289 -71.3815 8.8
      vertex -100.782 -71.1713 2.8
      vertex -101.289 -71.3815 2.8
    endloop
  endfacet
  facet normal -0.85262 0.522532 0
    outer loop
      vertex -102.819 -72.911 2.8
      vertex -102.532 -72.4427 8.8
      vertex -102.532 -72.4427 2.8
    endloop
  endfacet
  facet normal -0.85262 0.522532 0
    outer loop
      vertex -102.532 -72.4427 8.8
      vertex -102.819 -72.911 2.8
      vertex -102.819 -72.911 8.8
    endloop
  endfacet
  facet normal 0.923861 -0.382727 0
    outer loop
      vertex -96.5815 -76.089 8.8
      vertex -96.3713 -75.5816 2.8
      vertex -96.3713 -75.5816 8.8
    endloop
  endfacet
  facet normal 0.923861 -0.382727 0
    outer loop
      vertex -96.3713 -75.5816 2.8
      vertex -96.5815 -76.089 8.8
      vertex -96.5815 -76.089 2.8
    endloop
  endfacet
  facet normal -0.92399 -0.382416 0
    outer loop
      vertex -102.819 -76.089 2.8
      vertex -103.029 -75.5816 8.8
      vertex -103.029 -75.5816 2.8
    endloop
  endfacet
  facet normal -0.92399 -0.382416 0
    outer loop
      vertex -103.029 -75.5816 8.8
      vertex -102.819 -76.089 2.8
      vertex -102.819 -76.089 8.8
    endloop
  endfacet
  facet normal 0.852701 0.5224 0
    outer loop
      vertex -96.5815 -72.911 8.8
      vertex -96.8684 -72.4427 2.8
      vertex -96.8684 -72.4427 8.8
    endloop
  endfacet
  facet normal 0.852701 0.5224 0
    outer loop
      vertex -96.8684 -72.4427 2.8
      vertex -96.5815 -72.911 8.8
      vertex -96.5815 -72.911 2.8
    endloop
  endfacet
  facet normal 0.972381 0.2334 0
    outer loop
      vertex -96.2431 -73.9525 8.8
      vertex -96.3713 -73.4184 2.8
      vertex -96.3713 -73.4184 8.8
    endloop
  endfacet
  facet normal 0.972381 0.2334 0
    outer loop
      vertex -96.3713 -73.4184 2.8
      vertex -96.2431 -73.9525 8.8
      vertex -96.2431 -73.9525 2.8
    endloop
  endfacet
  facet normal 0.760374 0.649486 0
    outer loop
      vertex -96.8684 -72.4427 8.8
      vertex -97.2251 -72.0251 2.8
      vertex -97.2251 -72.0251 8.8
    endloop
  endfacet
  facet normal 0.760374 0.649486 0
    outer loop
      vertex -97.2251 -72.0251 2.8
      vertex -96.8684 -72.4427 8.8
      vertex -96.8684 -72.4427 2.8
    endloop
  endfacet
  facet normal 0.649396 0.76045 -0
    outer loop
      vertex -97.2251 -72.0251 2.8
      vertex -97.6428 -71.6684 8.8
      vertex -97.2251 -72.0251 8.8
    endloop
  endfacet
  facet normal 0.649396 0.76045 0
    outer loop
      vertex -97.6428 -71.6684 8.8
      vertex -97.2251 -72.0251 2.8
      vertex -97.6428 -71.6684 2.8
    endloop
  endfacet
  facet normal 0.2334 0.972381 -0
    outer loop
      vertex -98.6184 -71.1713 2.8
      vertex -99.1525 -71.0431 8.8
      vertex -98.6184 -71.1713 8.8
    endloop
  endfacet
  facet normal 0.2334 0.972381 0
    outer loop
      vertex -99.1525 -71.0431 8.8
      vertex -98.6184 -71.1713 2.8
      vertex -99.1525 -71.0431 2.8
    endloop
  endfacet
  facet normal -0.0784075 0.996921 0
    outer loop
      vertex -99.7 -71 2.8
      vertex -100.248 -71.0431 8.8
      vertex -99.7 -71 8.8
    endloop
  endfacet
  facet normal -0.0784075 0.996921 0
    outer loop
      vertex -100.248 -71.0431 8.8
      vertex -99.7 -71 2.8
      vertex -100.248 -71.0431 2.8
    endloop
  endfacet
  facet normal 0.0784787 0.996916 -0
    outer loop
      vertex -99.1525 -71.0431 2.8
      vertex -99.7 -71 8.8
      vertex -99.1525 -71.0431 8.8
    endloop
  endfacet
  facet normal 0.0784787 0.996916 0
    outer loop
      vertex -99.7 -71 8.8
      vertex -99.1525 -71.0431 2.8
      vertex -99.7 -71 2.8
    endloop
  endfacet
  facet normal -0.99693 0.0782977 0
    outer loop
      vertex -103.2 -74.5 2.8
      vertex -103.157 -73.9525 8.8
      vertex -103.157 -73.9525 2.8
    endloop
  endfacet
  facet normal -0.99693 0.0782977 0
    outer loop
      vertex -103.157 -73.9525 8.8
      vertex -103.2 -74.5 2.8
      vertex -103.2 -74.5 8.8
    endloop
  endfacet
  facet normal -0.760104 0.649802 0
    outer loop
      vertex -102.532 -72.4427 2.8
      vertex -102.175 -72.0251 8.8
      vertex -102.175 -72.0251 2.8
    endloop
  endfacet
  facet normal -0.760104 0.649802 0
    outer loop
      vertex -102.175 -72.0251 8.8
      vertex -102.532 -72.4427 2.8
      vertex -102.532 -72.4427 8.8
    endloop
  endfacet
  facet normal -0.522643 0.852552 0
    outer loop
      vertex -101.289 -71.3815 2.8
      vertex -101.757 -71.6684 8.8
      vertex -101.289 -71.3815 8.8
    endloop
  endfacet
  facet normal -0.522643 0.852552 0
    outer loop
      vertex -101.757 -71.6684 8.8
      vertex -101.289 -71.3815 2.8
      vertex -101.757 -71.6684 2.8
    endloop
  endfacet
  facet normal -0.233442 0.972371 0
    outer loop
      vertex -100.248 -71.0431 2.8
      vertex -100.782 -71.1713 8.8
      vertex -100.248 -71.0431 8.8
    endloop
  endfacet
  facet normal -0.233442 0.972371 0
    outer loop
      vertex -100.782 -71.1713 8.8
      vertex -100.248 -71.0431 2.8
      vertex -100.782 -71.1713 2.8
    endloop
  endfacet
  facet normal -0.649126 0.760681 0
    outer loop
      vertex -101.757 -71.6684 2.8
      vertex -102.175 -72.0251 8.8
      vertex -101.757 -71.6684 8.8
    endloop
  endfacet
  facet normal -0.649126 0.760681 0
    outer loop
      vertex -102.175 -72.0251 8.8
      vertex -101.757 -71.6684 2.8
      vertex -102.175 -72.0251 2.8
    endloop
  endfacet
  facet normal 0.996916 0.0784787 0
    outer loop
      vertex -96.2 -74.5 8.8
      vertex -96.2431 -73.9525 2.8
      vertex -96.2431 -73.9525 8.8
    endloop
  endfacet
  facet normal 0.996916 0.0784787 0
    outer loop
      vertex -96.2431 -73.9525 2.8
      vertex -96.2 -74.5 8.8
      vertex -96.2 -74.5 2.8
    endloop
  endfacet
  facet normal 0.0784787 -0.996916 0
    outer loop
      vertex -99.7 -78 2.8
      vertex -99.1525 -77.9569 8.8
      vertex -99.7 -78 8.8
    endloop
  endfacet
  facet normal 0.0784787 -0.996916 0
    outer loop
      vertex -99.1525 -77.9569 8.8
      vertex -99.7 -78 2.8
      vertex -99.1525 -77.9569 2.8
    endloop
  endfacet
  facet normal 0.382727 -0.923861 0
    outer loop
      vertex -98.6184 -77.8287 2.8
      vertex -98.111 -77.6185 8.8
      vertex -98.6184 -77.8287 8.8
    endloop
  endfacet
  facet normal 0.382727 -0.923861 0
    outer loop
      vertex -98.111 -77.6185 8.8
      vertex -98.6184 -77.8287 2.8
      vertex -98.111 -77.6185 2.8
    endloop
  endfacet
  facet normal 0.522481 -0.852651 0
    outer loop
      vertex -98.111 -77.6185 2.8
      vertex -97.6428 -77.3316 8.8
      vertex -98.111 -77.6185 8.8
    endloop
  endfacet
  facet normal 0.522481 -0.852651 0
    outer loop
      vertex -97.6428 -77.3316 8.8
      vertex -98.111 -77.6185 2.8
      vertex -97.6428 -77.3316 2.8
    endloop
  endfacet
  facet normal 0.760374 -0.649486 0
    outer loop
      vertex -97.2251 -76.9749 8.8
      vertex -96.8684 -76.5573 2.8
      vertex -96.8684 -76.5573 8.8
    endloop
  endfacet
  facet normal 0.760374 -0.649486 0
    outer loop
      vertex -96.8684 -76.5573 2.8
      vertex -97.2251 -76.9749 8.8
      vertex -97.2251 -76.9749 2.8
    endloop
  endfacet
  facet normal -0.0784075 -0.996921 0
    outer loop
      vertex -100.248 -77.9569 2.8
      vertex -99.7 -78 8.8
      vertex -100.248 -77.9569 8.8
    endloop
  endfacet
  facet normal -0.0784075 -0.996921 -0
    outer loop
      vertex -99.7 -78 8.8
      vertex -100.248 -77.9569 2.8
      vertex -99.7 -78 2.8
    endloop
  endfacet
  facet normal -0.649126 -0.760681 0
    outer loop
      vertex -102.175 -76.9749 2.8
      vertex -101.757 -77.3316 8.8
      vertex -102.175 -76.9749 8.8
    endloop
  endfacet
  facet normal -0.649126 -0.760681 -0
    outer loop
      vertex -101.757 -77.3316 8.8
      vertex -102.175 -76.9749 2.8
      vertex -101.757 -77.3316 2.8
    endloop
  endfacet
  facet normal -0.85262 -0.522532 0
    outer loop
      vertex -102.532 -76.5573 2.8
      vertex -102.819 -76.089 8.8
      vertex -102.819 -76.089 2.8
    endloop
  endfacet
  facet normal -0.85262 -0.522532 0
    outer loop
      vertex -102.819 -76.089 8.8
      vertex -102.532 -76.5573 2.8
      vertex -102.532 -76.5573 8.8
    endloop
  endfacet
  facet normal -0.99693 -0.0782977 0
    outer loop
      vertex -103.157 -75.0475 2.8
      vertex -103.2 -74.5 8.8
      vertex -103.2 -74.5 2.8
    endloop
  endfacet
  facet normal -0.99693 -0.0782977 0
    outer loop
      vertex -103.2 -74.5 8.8
      vertex -103.157 -75.0475 2.8
      vertex -103.157 -75.0475 8.8
    endloop
  endfacet
  facet normal 0 0 -1
    outer loop
      vertex -98.2 -74.5 2.8
      vertex -96.2 -74.5 2.8
      vertex -96.2431 -75.0475 2.8
    endloop
  endfacet
  facet normal 0 0 -1
    outer loop
      vertex -98.2185 -74.7346 2.8
      vertex -96.2431 -75.0475 2.8
      vertex -96.3713 -75.5816 2.8
    endloop
  endfacet
  facet normal 0 0 -1
    outer loop
      vertex -96.2 -74.5 2.8
      vertex -98.2 -74.5 2.8
      vertex -96.2431 -73.9525 2.8
    endloop
  endfacet
  facet normal 0 0 -1
    outer loop
      vertex -98.2734 -74.9635 2.8
      vertex -96.3713 -75.5816 2.8
      vertex -96.5815 -76.089 2.8
    endloop
  endfacet
  facet normal 0 0 -1
    outer loop
      vertex -98.2185 -74.2654 2.8
      vertex -96.2431 -73.9525 2.8
      vertex -98.2 -74.5 2.8
    endloop
  endfacet
  facet normal 0 0 -1
    outer loop
      vertex -98.3635 -75.181 2.8
      vertex -96.5815 -76.089 2.8
      vertex -96.8684 -76.5573 2.8
    endloop
  endfacet
  facet normal -0 0 -1
    outer loop
      vertex -96.2431 -73.9525 2.8
      vertex -98.2185 -74.2654 2.8
      vertex -96.3713 -73.4184 2.8
    endloop
  endfacet
  facet normal 0 0 -1
    outer loop
      vertex -98.4865 -75.3817 2.8
      vertex -96.8684 -76.5573 2.8
      vertex -97.2251 -76.9749 2.8
    endloop
  endfacet
  facet normal 0 0 -1
    outer loop
      vertex -98.2734 -74.0365 2.8
      vertex -96.3713 -73.4184 2.8
      vertex -98.2185 -74.2654 2.8
    endloop
  endfacet
  facet normal 0 0 -1
    outer loop
      vertex -98.6393 -75.5607 2.8
      vertex -97.2251 -76.9749 2.8
      vertex -97.6428 -77.3316 2.8
    endloop
  endfacet
  facet normal -0 0 -1
    outer loop
      vertex -96.3713 -73.4184 2.8
      vertex -98.2734 -74.0365 2.8
      vertex -96.5815 -72.911 2.8
    endloop
  endfacet
  facet normal 0 0 -1
    outer loop
      vertex -98.8183 -75.7135 2.8
      vertex -97.6428 -77.3316 2.8
      vertex -98.111 -77.6185 2.8
    endloop
  endfacet
  facet normal 0 0 -1
    outer loop
      vertex -98.3635 -73.819 2.8
      vertex -96.5815 -72.911 2.8
      vertex -98.2734 -74.0365 2.8
    endloop
  endfacet
  facet normal -0 0 -1
    outer loop
      vertex -96.5815 -72.911 2.8
      vertex -98.3635 -73.819 2.8
      vertex -96.8684 -72.4427 2.8
    endloop
  endfacet
  facet normal 0 0 -1
    outer loop
      vertex -96.2431 -75.0475 2.8
      vertex -98.2185 -74.7346 2.8
      vertex -98.2 -74.5 2.8
    endloop
  endfacet
  facet normal 0 0 -1
    outer loop
      vertex -96.3713 -75.5816 2.8
      vertex -98.2734 -74.9635 2.8
      vertex -98.2185 -74.7346 2.8
    endloop
  endfacet
  facet normal 0 0 -1
    outer loop
      vertex -96.5815 -76.089 2.8
      vertex -98.3635 -75.181 2.8
      vertex -98.2734 -74.9635 2.8
    endloop
  endfacet
  facet normal 0 0 -1
    outer loop
      vertex -96.8684 -76.5573 2.8
      vertex -98.4865 -75.3817 2.8
      vertex -98.3635 -75.181 2.8
    endloop
  endfacet
  facet normal 0 0 -1
    outer loop
      vertex -99.019 -75.8365 2.8
      vertex -98.111 -77.6185 2.8
      vertex -98.6184 -77.8287 2.8
    endloop
  endfacet
  facet normal 0 0 -1
    outer loop
      vertex -97.2251 -76.9749 2.8
      vertex -98.6393 -75.5607 2.8
      vertex -98.4865 -75.3817 2.8
    endloop
  endfacet
  facet normal 0 0 -1
    outer loop
      vertex -97.6428 -77.3316 2.8
      vertex -98.8183 -75.7135 2.8
      vertex -98.6393 -75.5607 2.8
    endloop
  endfacet
  facet normal 0 0 -1
    outer loop
      vertex -98.111 -77.6185 2.8
      vertex -99.019 -75.8365 2.8
      vertex -98.8183 -75.7135 2.8
    endloop
  endfacet
  facet normal 0 0 -1
    outer loop
      vertex -99.2365 -75.9266 2.8
      vertex -98.6184 -77.8287 2.8
      vertex -99.1525 -77.9569 2.8
    endloop
  endfacet
  facet normal 0 0 -1
    outer loop
      vertex -98.6184 -77.8287 2.8
      vertex -99.2365 -75.9266 2.8
      vertex -99.019 -75.8365 2.8
    endloop
  endfacet
  facet normal 0 0 -1
    outer loop
      vertex -99.1525 -77.9569 2.8
      vertex -99.4653 -75.9815 2.8
      vertex -99.2365 -75.9266 2.8
    endloop
  endfacet
  facet normal 0 0 -1
    outer loop
      vertex -99.7 -78 2.8
      vertex -99.4653 -75.9815 2.8
      vertex -99.1525 -77.9569 2.8
    endloop
  endfacet
  facet normal 0 0 -1
    outer loop
      vertex -99.7 -78 2.8
      vertex -99.7 -76 2.8
      vertex -99.4653 -75.9815 2.8
    endloop
  endfacet
  facet normal 0 0 -1
    outer loop
      vertex -99.7 -78 2.8
      vertex -99.9347 -75.9815 2.8
      vertex -99.7 -76 2.8
    endloop
  endfacet
  facet normal 0 0 -1
    outer loop
      vertex -100.248 -77.9569 2.8
      vertex -99.9347 -75.9815 2.8
      vertex -99.7 -78 2.8
    endloop
  endfacet
  facet normal -0 0 -1
    outer loop
      vertex -99.9347 -75.9815 2.8
      vertex -100.248 -77.9569 2.8
      vertex -100.164 -75.9266 2.8
    endloop
  endfacet
  facet normal 0 0 -1
    outer loop
      vertex -100.782 -77.8287 2.8
      vertex -100.164 -75.9266 2.8
      vertex -100.248 -77.9569 2.8
    endloop
  endfacet
  facet normal -0 0 -1
    outer loop
      vertex -100.164 -75.9266 2.8
      vertex -100.782 -77.8287 2.8
      vertex -100.381 -75.8365 2.8
    endloop
  endfacet
  facet normal 0 0 -1
    outer loop
      vertex -101.289 -77.6185 2.8
      vertex -100.381 -75.8365 2.8
      vertex -100.782 -77.8287 2.8
    endloop
  endfacet
  facet normal -0 0 -1
    outer loop
      vertex -100.381 -75.8365 2.8
      vertex -101.289 -77.6185 2.8
      vertex -100.582 -75.7135 2.8
    endloop
  endfacet
  facet normal 0 0 -1
    outer loop
      vertex -101.757 -77.3316 2.8
      vertex -100.582 -75.7135 2.8
      vertex -101.289 -77.6185 2.8
    endloop
  endfacet
  facet normal -0 0 -1
    outer loop
      vertex -100.582 -75.7135 2.8
      vertex -101.757 -77.3316 2.8
      vertex -100.761 -75.5607 2.8
    endloop
  endfacet
  facet normal 0 0 -1
    outer loop
      vertex -102.175 -76.9749 2.8
      vertex -100.761 -75.5607 2.8
      vertex -101.757 -77.3316 2.8
    endloop
  endfacet
  facet normal -0 0 -1
    outer loop
      vertex -100.761 -75.5607 2.8
      vertex -102.175 -76.9749 2.8
      vertex -100.914 -75.3817 2.8
    endloop
  endfacet
  facet normal -0 0 -1
    outer loop
      vertex -100.914 -75.3817 2.8
      vertex -102.532 -76.5573 2.8
      vertex -101.037 -75.181 2.8
    endloop
  endfacet
  facet normal 0 0 -1
    outer loop
      vertex -102.532 -76.5573 2.8
      vertex -100.914 -75.3817 2.8
      vertex -102.175 -76.9749 2.8
    endloop
  endfacet
  facet normal 0 0 -1
    outer loop
      vertex -98.4865 -73.6183 2.8
      vertex -96.8684 -72.4427 2.8
      vertex -98.3635 -73.819 2.8
    endloop
  endfacet
  facet normal -0 0 -1
    outer loop
      vertex -96.8684 -72.4427 2.8
      vertex -98.4865 -73.6183 2.8
      vertex -97.2251 -72.0251 2.8
    endloop
  endfacet
  facet normal 0 0 -1
    outer loop
      vertex -98.6393 -73.4393 2.8
      vertex -97.2251 -72.0251 2.8
      vertex -98.4865 -73.6183 2.8
    endloop
  endfacet
  facet normal -0 0 -1
    outer loop
      vertex -97.2251 -72.0251 2.8
      vertex -98.6393 -73.4393 2.8
      vertex -97.6428 -71.6684 2.8
    endloop
  endfacet
  facet normal 0 0 -1
    outer loop
      vertex -98.8183 -73.2865 2.8
      vertex -97.6428 -71.6684 2.8
      vertex -98.6393 -73.4393 2.8
    endloop
  endfacet
  facet normal -0 0 -1
    outer loop
      vertex -97.6428 -71.6684 2.8
      vertex -98.8183 -73.2865 2.8
      vertex -98.111 -71.3815 2.8
    endloop
  endfacet
  facet normal 0 0 -1
    outer loop
      vertex -99.019 -73.1635 2.8
      vertex -98.111 -71.3815 2.8
      vertex -98.8183 -73.2865 2.8
    endloop
  endfacet
  facet normal -0 0 -1
    outer loop
      vertex -98.111 -71.3815 2.8
      vertex -99.019 -73.1635 2.8
      vertex -98.6184 -71.1713 2.8
    endloop
  endfacet
  facet normal 0 0 -1
    outer loop
      vertex -99.2365 -73.0734 2.8
      vertex -98.6184 -71.1713 2.8
      vertex -99.019 -73.1635 2.8
    endloop
  endfacet
  facet normal -0 0 -1
    outer loop
      vertex -98.6184 -71.1713 2.8
      vertex -99.2365 -73.0734 2.8
      vertex -99.1525 -71.0431 2.8
    endloop
  endfacet
  facet normal 0 0 -1
    outer loop
      vertex -99.4653 -73.0185 2.8
      vertex -99.1525 -71.0431 2.8
      vertex -99.2365 -73.0734 2.8
    endloop
  endfacet
  facet normal 0 0 -1
    outer loop
      vertex -99.7 -73 2.8
      vertex -99.1525 -71.0431 2.8
      vertex -99.4653 -73.0185 2.8
    endloop
  endfacet
  facet normal 0 0 -1
    outer loop
      vertex -99.7 -73 2.8
      vertex -99.7 -71 2.8
      vertex -99.1525 -71.0431 2.8
    endloop
  endfacet
  facet normal 0 0 -1
    outer loop
      vertex -99.9347 -73.0185 2.8
      vertex -99.7 -71 2.8
      vertex -99.7 -73 2.8
    endloop
  endfacet
  facet normal 0 0 -1
    outer loop
      vertex -100.248 -71.0431 2.8
      vertex -99.9347 -73.0185 2.8
      vertex -100.164 -73.0734 2.8
    endloop
  endfacet
  facet normal 0 0 -1
    outer loop
      vertex -99.9347 -73.0185 2.8
      vertex -100.248 -71.0431 2.8
      vertex -99.7 -71 2.8
    endloop
  endfacet
  facet normal 0 0 -1
    outer loop
      vertex -100.782 -71.1713 2.8
      vertex -100.164 -73.0734 2.8
      vertex -100.381 -73.1635 2.8
    endloop
  endfacet
  facet normal 0 0 -1
    outer loop
      vertex -101.289 -71.3815 2.8
      vertex -100.381 -73.1635 2.8
      vertex -100.582 -73.2865 2.8
    endloop
  endfacet
  facet normal 0 0 -1
    outer loop
      vertex -101.757 -71.6684 2.8
      vertex -100.582 -73.2865 2.8
      vertex -100.761 -73.4393 2.8
    endloop
  endfacet
  facet normal 0 0 -1
    outer loop
      vertex -100.164 -73.0734 2.8
      vertex -100.782 -71.1713 2.8
      vertex -100.248 -71.0431 2.8
    endloop
  endfacet
  facet normal 0 0 -1
    outer loop
      vertex -102.175 -72.0251 2.8
      vertex -100.761 -73.4393 2.8
      vertex -100.914 -73.6183 2.8
    endloop
  endfacet
  facet normal 0 0 -1
    outer loop
      vertex -102.532 -72.4427 2.8
      vertex -100.914 -73.6183 2.8
      vertex -101.037 -73.819 2.8
    endloop
  endfacet
  facet normal 0 0 -1
    outer loop
      vertex -102.819 -72.911 2.8
      vertex -101.037 -73.819 2.8
      vertex -101.127 -74.0365 2.8
    endloop
  endfacet
  facet normal 0 0 -1
    outer loop
      vertex -103.029 -73.4184 2.8
      vertex -101.127 -74.0365 2.8
      vertex -101.182 -74.2654 2.8
    endloop
  endfacet
  facet normal 0 0 -1
    outer loop
      vertex -100.381 -73.1635 2.8
      vertex -101.289 -71.3815 2.8
      vertex -100.782 -71.1713 2.8
    endloop
  endfacet
  facet normal 0 0 -1
    outer loop
      vertex -103.157 -73.9525 2.8
      vertex -101.182 -74.2654 2.8
      vertex -101.2 -74.5 2.8
    endloop
  endfacet
  facet normal 0 0 -1
    outer loop
      vertex -102.819 -76.089 2.8
      vertex -101.037 -75.181 2.8
      vertex -102.532 -76.5573 2.8
    endloop
  endfacet
  facet normal -0 0 -1
    outer loop
      vertex -101.037 -75.181 2.8
      vertex -102.819 -76.089 2.8
      vertex -101.127 -74.9635 2.8
    endloop
  endfacet
  facet normal 0 0 -1
    outer loop
      vertex -100.582 -73.2865 2.8
      vertex -101.757 -71.6684 2.8
      vertex -101.289 -71.3815 2.8
    endloop
  endfacet
  facet normal 0 0 -1
    outer loop
      vertex -103.029 -75.5816 2.8
      vertex -101.127 -74.9635 2.8
      vertex -102.819 -76.089 2.8
    endloop
  endfacet
  facet normal 0 0 -1
    outer loop
      vertex -100.761 -73.4393 2.8
      vertex -102.175 -72.0251 2.8
      vertex -101.757 -71.6684 2.8
    endloop
  endfacet
  facet normal -0 0 -1
    outer loop
      vertex -101.127 -74.9635 2.8
      vertex -103.029 -75.5816 2.8
      vertex -101.182 -74.7346 2.8
    endloop
  endfacet
  facet normal 0 0 -1
    outer loop
      vertex -100.914 -73.6183 2.8
      vertex -102.532 -72.4427 2.8
      vertex -102.175 -72.0251 2.8
    endloop
  endfacet
  facet normal 0 0 -1
    outer loop
      vertex -103.157 -75.0475 2.8
      vertex -101.182 -74.7346 2.8
      vertex -103.029 -75.5816 2.8
    endloop
  endfacet
  facet normal 0 0 -1
    outer loop
      vertex -101.037 -73.819 2.8
      vertex -102.819 -72.911 2.8
      vertex -102.532 -72.4427 2.8
    endloop
  endfacet
  facet normal -0 0 -1
    outer loop
      vertex -101.182 -74.7346 2.8
      vertex -103.157 -75.0475 2.8
      vertex -101.2 -74.5 2.8
    endloop
  endfacet
  facet normal 0 0 -1
    outer loop
      vertex -101.127 -74.0365 2.8
      vertex -103.029 -73.4184 2.8
      vertex -102.819 -72.911 2.8
    endloop
  endfacet
  facet normal 0 0 -1
    outer loop
      vertex -103.2 -74.5 2.8
      vertex -101.2 -74.5 2.8
      vertex -103.157 -75.0475 2.8
    endloop
  endfacet
  facet normal 0 0 -1
    outer loop
      vertex -101.182 -74.2654 2.8
      vertex -103.157 -73.9525 2.8
      vertex -103.029 -73.4184 2.8
    endloop
  endfacet
  facet normal 0 0 -1
    outer loop
      vertex -101.2 -74.5 2.8
      vertex -103.2 -74.5 2.8
      vertex -103.157 -73.9525 2.8
    endloop
  endfacet
  facet normal 0.923861 0.382727 0
    outer loop
      vertex -96.3713 -73.4184 8.8
      vertex -96.5815 -72.911 2.8
      vertex -96.5815 -72.911 8.8
    endloop
  endfacet
  facet normal 0.923861 0.382727 0
    outer loop
      vertex -96.5815 -72.911 2.8
      vertex -96.3713 -73.4184 8.8
      vertex -96.3713 -73.4184 2.8
    endloop
  endfacet
  facet normal 0.382727 0.923861 -0
    outer loop
      vertex -98.111 -71.3815 2.8
      vertex -98.6184 -71.1713 8.8
      vertex -98.111 -71.3815 8.8
    endloop
  endfacet
  facet normal 0.382727 0.923861 0
    outer loop
      vertex -98.6184 -71.1713 8.8
      vertex -98.111 -71.3815 2.8
      vertex -98.6184 -71.1713 2.8
    endloop
  endfacet
  facet normal 0 0 1
    outer loop
      vertex -98.2 -74.5 8.8
      vertex -96.2 -74.5 8.8
      vertex -96.2431 -73.9525 8.8
    endloop
  endfacet
  facet normal 0 0 1
    outer loop
      vertex -98.2185 -74.2654 8.8
      vertex -96.2431 -73.9525 8.8
      vertex -96.3713 -73.4184 8.8
    endloop
  endfacet
  facet normal 0 0 1
    outer loop
      vertex -96.2 -74.5 8.8
      vertex -98.2 -74.5 8.8
      vertex -96.2431 -75.0475 8.8
    endloop
  endfacet
  facet normal 0 0 1
    outer loop
      vertex -98.2734 -74.0365 8.8
      vertex -96.3713 -73.4184 8.8
      vertex -96.5815 -72.911 8.8
    endloop
  endfacet
  facet normal -0 0 1
    outer loop
      vertex -98.2185 -74.7346 8.8
      vertex -96.2431 -75.0475 8.8
      vertex -98.2 -74.5 8.8
    endloop
  endfacet
  facet normal 0 0 1
    outer loop
      vertex -98.3635 -73.819 8.8
      vertex -96.5815 -72.911 8.8
      vertex -96.8684 -72.4427 8.8
    endloop
  endfacet
  facet normal 0 0 1
    outer loop
      vertex -96.2431 -75.0475 8.8
      vertex -98.2185 -74.7346 8.8
      vertex -96.3713 -75.5816 8.8
    endloop
  endfacet
  facet normal 0 0 1
    outer loop
      vertex -98.4865 -73.6183 8.8
      vertex -96.8684 -72.4427 8.8
      vertex -97.2251 -72.0251 8.8
    endloop
  endfacet
  facet normal -0 0 1
    outer loop
      vertex -98.2734 -74.9635 8.8
      vertex -96.3713 -75.5816 8.8
      vertex -98.2185 -74.7346 8.8
    endloop
  endfacet
  facet normal 0 0 1
    outer loop
      vertex -98.6393 -73.4393 8.8
      vertex -97.2251 -72.0251 8.8
      vertex -97.6428 -71.6684 8.8
    endloop
  endfacet
  facet normal 0 0 1
    outer loop
      vertex -96.3713 -75.5816 8.8
      vertex -98.2734 -74.9635 8.8
      vertex -96.5815 -76.089 8.8
    endloop
  endfacet
  facet normal 0 0 1
    outer loop
      vertex -98.8183 -73.2865 8.8
      vertex -97.6428 -71.6684 8.8
      vertex -98.111 -71.3815 8.8
    endloop
  endfacet
  facet normal -0 0 1
    outer loop
      vertex -98.3635 -75.181 8.8
      vertex -96.5815 -76.089 8.8
      vertex -98.2734 -74.9635 8.8
    endloop
  endfacet
  facet normal 0 0 1
    outer loop
      vertex -96.5815 -76.089 8.8
      vertex -98.3635 -75.181 8.8
      vertex -96.8684 -76.5573 8.8
    endloop
  endfacet
  facet normal 0 0 1
    outer loop
      vertex -96.2431 -73.9525 8.8
      vertex -98.2185 -74.2654 8.8
      vertex -98.2 -74.5 8.8
    endloop
  endfacet
  facet normal 0 0 1
    outer loop
      vertex -96.3713 -73.4184 8.8
      vertex -98.2734 -74.0365 8.8
      vertex -98.2185 -74.2654 8.8
    endloop
  endfacet
  facet normal 0 0 1
    outer loop
      vertex -96.5815 -72.911 8.8
      vertex -98.3635 -73.819 8.8
      vertex -98.2734 -74.0365 8.8
    endloop
  endfacet
  facet normal 0 0 1
    outer loop
      vertex -96.8684 -72.4427 8.8
      vertex -98.4865 -73.6183 8.8
      vertex -98.3635 -73.819 8.8
    endloop
  endfacet
  facet normal 0 0 1
    outer loop
      vertex -99.019 -73.1635 8.8
      vertex -98.111 -71.3815 8.8
      vertex -98.6184 -71.1713 8.8
    endloop
  endfacet
  facet normal 0 0 1
    outer loop
      vertex -97.2251 -72.0251 8.8
      vertex -98.6393 -73.4393 8.8
      vertex -98.4865 -73.6183 8.8
    endloop
  endfacet
  facet normal 0 0 1
    outer loop
      vertex -97.6428 -71.6684 8.8
      vertex -98.8183 -73.2865 8.8
      vertex -98.6393 -73.4393 8.8
    endloop
  endfacet
  facet normal 0 0 1
    outer loop
      vertex -98.111 -71.3815 8.8
      vertex -99.019 -73.1635 8.8
      vertex -98.8183 -73.2865 8.8
    endloop
  endfacet
  facet normal 0 0 1
    outer loop
      vertex -99.2365 -73.0734 8.8
      vertex -98.6184 -71.1713 8.8
      vertex -99.1525 -71.0431 8.8
    endloop
  endfacet
  facet normal 0 0 1
    outer loop
      vertex -98.6184 -71.1713 8.8
      vertex -99.2365 -73.0734 8.8
      vertex -99.019 -73.1635 8.8
    endloop
  endfacet
  facet normal 0 0 1
    outer loop
      vertex -99.1525 -71.0431 8.8
      vertex -99.4653 -73.0185 8.8
      vertex -99.2365 -73.0734 8.8
    endloop
  endfacet
  facet normal 0 0 1
    outer loop
      vertex -99.7 -71 8.8
      vertex -99.4653 -73.0185 8.8
      vertex -99.1525 -71.0431 8.8
    endloop
  endfacet
  facet normal 0 0 1
    outer loop
      vertex -99.7 -71 8.8
      vertex -99.7 -73 8.8
      vertex -99.4653 -73.0185 8.8
    endloop
  endfacet
  facet normal 0 0 1
    outer loop
      vertex -99.7 -71 8.8
      vertex -99.9347 -73.0185 8.8
      vertex -99.7 -73 8.8
    endloop
  endfacet
  facet normal -0 0 1
    outer loop
      vertex -100.248 -71.0431 8.8
      vertex -99.9347 -73.0185 8.8
      vertex -99.7 -71 8.8
    endloop
  endfacet
  facet normal 0 0 1
    outer loop
      vertex -99.9347 -73.0185 8.8
      vertex -100.248 -71.0431 8.8
      vertex -100.164 -73.0734 8.8
    endloop
  endfacet
  facet normal -0 0 1
    outer loop
      vertex -100.782 -71.1713 8.8
      vertex -100.164 -73.0734 8.8
      vertex -100.248 -71.0431 8.8
    endloop
  endfacet
  facet normal 0 0 1
    outer loop
      vertex -100.164 -73.0734 8.8
      vertex -100.782 -71.1713 8.8
      vertex -100.381 -73.1635 8.8
    endloop
  endfacet
  facet normal -0 0 1
    outer loop
      vertex -101.289 -71.3815 8.8
      vertex -100.381 -73.1635 8.8
      vertex -100.782 -71.1713 8.8
    endloop
  endfacet
  facet normal 0 0 1
    outer loop
      vertex -100.381 -73.1635 8.8
      vertex -101.289 -71.3815 8.8
      vertex -100.582 -73.2865 8.8
    endloop
  endfacet
  facet normal -0 0 1
    outer loop
      vertex -101.757 -71.6684 8.8
      vertex -100.582 -73.2865 8.8
      vertex -101.289 -71.3815 8.8
    endloop
  endfacet
  facet normal 0 0 1
    outer loop
      vertex -100.582 -73.2865 8.8
      vertex -101.757 -71.6684 8.8
      vertex -100.761 -73.4393 8.8
    endloop
  endfacet
  facet normal -0 0 1
    outer loop
      vertex -102.175 -72.0251 8.8
      vertex -100.761 -73.4393 8.8
      vertex -101.757 -71.6684 8.8
    endloop
  endfacet
  facet normal 0 0 1
    outer loop
      vertex -100.761 -73.4393 8.8
      vertex -102.175 -72.0251 8.8
      vertex -100.914 -73.6183 8.8
    endloop
  endfacet
  facet normal 0 0 1
    outer loop
      vertex -100.914 -73.6183 8.8
      vertex -102.532 -72.4427 8.8
      vertex -101.037 -73.819 8.8
    endloop
  endfacet
  facet normal -0 0 1
    outer loop
      vertex -102.532 -72.4427 8.8
      vertex -100.914 -73.6183 8.8
      vertex -102.175 -72.0251 8.8
    endloop
  endfacet
  facet normal -0 0 1
    outer loop
      vertex -98.4865 -75.3817 8.8
      vertex -96.8684 -76.5573 8.8
      vertex -98.3635 -75.181 8.8
    endloop
  endfacet
  facet normal 0 0 1
    outer loop
      vertex -96.8684 -76.5573 8.8
      vertex -98.4865 -75.3817 8.8
      vertex -97.2251 -76.9749 8.8
    endloop
  endfacet
  facet normal -0 0 1
    outer loop
      vertex -98.6393 -75.5607 8.8
      vertex -97.2251 -76.9749 8.8
      vertex -98.4865 -75.3817 8.8
    endloop
  endfacet
  facet normal 0 0 1
    outer loop
      vertex -97.2251 -76.9749 8.8
      vertex -98.6393 -75.5607 8.8
      vertex -97.6428 -77.3316 8.8
    endloop
  endfacet
  facet normal -0 0 1
    outer loop
      vertex -98.8183 -75.7135 8.8
      vertex -97.6428 -77.3316 8.8
      vertex -98.6393 -75.5607 8.8
    endloop
  endfacet
  facet normal 0 0 1
    outer loop
      vertex -97.6428 -77.3316 8.8
      vertex -98.8183 -75.7135 8.8
      vertex -98.111 -77.6185 8.8
    endloop
  endfacet
  facet normal -0 0 1
    outer loop
      vertex -99.019 -75.8365 8.8
      vertex -98.111 -77.6185 8.8
      vertex -98.8183 -75.7135 8.8
    endloop
  endfacet
  facet normal 0 0 1
    outer loop
      vertex -98.111 -77.6185 8.8
      vertex -99.019 -75.8365 8.8
      vertex -98.6184 -77.8287 8.8
    endloop
  endfacet
  facet normal -0 0 1
    outer loop
      vertex -99.2365 -75.9266 8.8
      vertex -98.6184 -77.8287 8.8
      vertex -99.019 -75.8365 8.8
    endloop
  endfacet
  facet normal 0 0 1
    outer loop
      vertex -98.6184 -77.8287 8.8
      vertex -99.2365 -75.9266 8.8
      vertex -99.1525 -77.9569 8.8
    endloop
  endfacet
  facet normal -0 0 1
    outer loop
      vertex -99.4653 -75.9815 8.8
      vertex -99.1525 -77.9569 8.8
      vertex -99.2365 -75.9266 8.8
    endloop
  endfacet
  facet normal -0 0 1
    outer loop
      vertex -99.7 -76 8.8
      vertex -99.1525 -77.9569 8.8
      vertex -99.4653 -75.9815 8.8
    endloop
  endfacet
  facet normal 0 0 1
    outer loop
      vertex -99.7 -76 8.8
      vertex -99.7 -78 8.8
      vertex -99.1525 -77.9569 8.8
    endloop
  endfacet
  facet normal 0 0 1
    outer loop
      vertex -99.9347 -75.9815 8.8
      vertex -99.7 -78 8.8
      vertex -99.7 -76 8.8
    endloop
  endfacet
  facet normal 0 0 1
    outer loop
      vertex -100.248 -77.9569 8.8
      vertex -99.9347 -75.9815 8.8
      vertex -100.164 -75.9266 8.8
    endloop
  endfacet
  facet normal 0 0 1
    outer loop
      vertex -99.9347 -75.9815 8.8
      vertex -100.248 -77.9569 8.8
      vertex -99.7 -78 8.8
    endloop
  endfacet
  facet normal 0 0 1
    outer loop
      vertex -100.782 -77.8287 8.8
      vertex -100.164 -75.9266 8.8
      vertex -100.381 -75.8365 8.8
    endloop
  endfacet
  facet normal 0 0 1
    outer loop
      vertex -101.289 -77.6185 8.8
      vertex -100.381 -75.8365 8.8
      vertex -100.582 -75.7135 8.8
    endloop
  endfacet
  facet normal 0 0 1
    outer loop
      vertex -101.757 -77.3316 8.8
      vertex -100.582 -75.7135 8.8
      vertex -100.761 -75.5607 8.8
    endloop
  endfacet
  facet normal 0 0 1
    outer loop
      vertex -100.164 -75.9266 8.8
      vertex -100.782 -77.8287 8.8
      vertex -100.248 -77.9569 8.8
    endloop
  endfacet
  facet normal 0 0 1
    outer loop
      vertex -102.175 -76.9749 8.8
      vertex -100.761 -75.5607 8.8
      vertex -100.914 -75.3817 8.8
    endloop
  endfacet
  facet normal 0 0 1
    outer loop
      vertex -102.532 -76.5573 8.8
      vertex -100.914 -75.3817 8.8
      vertex -101.037 -75.181 8.8
    endloop
  endfacet
  facet normal 0 0 1
    outer loop
      vertex -102.819 -76.089 8.8
      vertex -101.037 -75.181 8.8
      vertex -101.127 -74.9635 8.8
    endloop
  endfacet
  facet normal 0 0 1
    outer loop
      vertex -103.029 -75.5816 8.8
      vertex -101.127 -74.9635 8.8
      vertex -101.182 -74.7346 8.8
    endloop
  endfacet
  facet normal 0 0 1
    outer loop
      vertex -100.381 -75.8365 8.8
      vertex -101.289 -77.6185 8.8
      vertex -100.782 -77.8287 8.8
    endloop
  endfacet
  facet normal 0 0 1
    outer loop
      vertex -103.157 -75.0475 8.8
      vertex -101.182 -74.7346 8.8
      vertex -101.2 -74.5 8.8
    endloop
  endfacet
  facet normal -0 0 1
    outer loop
      vertex -102.819 -72.911 8.8
      vertex -101.037 -73.819 8.8
      vertex -102.532 -72.4427 8.8
    endloop
  endfacet
  facet normal 0 0 1
    outer loop
      vertex -101.037 -73.819 8.8
      vertex -102.819 -72.911 8.8
      vertex -101.127 -74.0365 8.8
    endloop
  endfacet
  facet normal 0 0 1
    outer loop
      vertex -100.582 -75.7135 8.8
      vertex -101.757 -77.3316 8.8
      vertex -101.289 -77.6185 8.8
    endloop
  endfacet
  facet normal -0 0 1
    outer loop
      vertex -103.029 -73.4184 8.8
      vertex -101.127 -74.0365 8.8
      vertex -102.819 -72.911 8.8
    endloop
  endfacet
  facet normal 0 0 1
    outer loop
      vertex -100.761 -75.5607 8.8
      vertex -102.175 -76.9749 8.8
      vertex -101.757 -77.3316 8.8
    endloop
  endfacet
  facet normal 0 0 1
    outer loop
      vertex -101.127 -74.0365 8.8
      vertex -103.029 -73.4184 8.8
      vertex -101.182 -74.2654 8.8
    endloop
  endfacet
  facet normal 0 0 1
    outer loop
      vertex -100.914 -75.3817 8.8
      vertex -102.532 -76.5573 8.8
      vertex -102.175 -76.9749 8.8
    endloop
  endfacet
  facet normal -0 0 1
    outer loop
      vertex -103.157 -73.9525 8.8
      vertex -101.182 -74.2654 8.8
      vertex -103.029 -73.4184 8.8
    endloop
  endfacet
  facet normal 0 0 1
    outer loop
      vertex -101.037 -75.181 8.8
      vertex -102.819 -76.089 8.8
      vertex -102.532 -76.5573 8.8
    endloop
  endfacet
  facet normal 0 0 1
    outer loop
      vertex -101.182 -74.2654 8.8
      vertex -103.157 -73.9525 8.8
      vertex -101.2 -74.5 8.8
    endloop
  endfacet
  facet normal 0 0 1
    outer loop
      vertex -101.127 -74.9635 8.8
      vertex -103.029 -75.5816 8.8
      vertex -102.819 -76.089 8.8
    endloop
  endfacet
  facet normal 0 0 1
    outer loop
      vertex -103.2 -74.5 8.8
      vertex -101.2 -74.5 8.8
      vertex -103.157 -73.9525 8.8
    endloop
  endfacet
  facet normal 0 0 1
    outer loop
      vertex -101.182 -74.7346 8.8
      vertex -103.157 -75.0475 8.8
      vertex -103.029 -75.5816 8.8
    endloop
  endfacet
  facet normal 0 0 1
    outer loop
      vertex -101.2 -74.5 8.8
      vertex -103.2 -74.5 8.8
      vertex -103.157 -75.0475 8.8
    endloop
  endfacet
  facet normal -0.92399 0.382416 0
    outer loop
      vertex -103.029 -73.4184 2.8
      vertex -102.819 -72.911 8.8
      vertex -102.819 -72.911 2.8
    endloop
  endfacet
  facet normal -0.92399 0.382416 0
    outer loop
      vertex -102.819 -72.911 8.8
      vertex -103.029 -73.4184 2.8
      vertex -103.029 -73.4184 8.8
    endloop
  endfacet
  facet normal -0.972463 0.233056 0
    outer loop
      vertex -103.157 -73.9525 2.8
      vertex -103.029 -73.4184 8.8
      vertex -103.029 -73.4184 2.8
    endloop
  endfacet
  facet normal -0.972463 0.233056 0
    outer loop
      vertex -103.029 -73.4184 8.8
      vertex -103.157 -73.9525 2.8
      vertex -103.157 -73.9525 8.8
    endloop
  endfacet
  facet normal 0.972381 -0.2334 0
    outer loop
      vertex -96.3713 -75.5816 8.8
      vertex -96.2431 -75.0475 2.8
      vertex -96.2431 -75.0475 8.8
    endloop
  endfacet
  facet normal 0.972381 -0.2334 0
    outer loop
      vertex -96.2431 -75.0475 2.8
      vertex -96.3713 -75.5816 8.8
      vertex -96.3713 -75.5816 2.8
    endloop
  endfacet
  facet normal 0.2334 -0.972381 0
    outer loop
      vertex -99.1525 -77.9569 2.8
      vertex -98.6184 -77.8287 8.8
      vertex -99.1525 -77.9569 8.8
    endloop
  endfacet
  facet normal 0.2334 -0.972381 0
    outer loop
      vertex -98.6184 -77.8287 8.8
      vertex -99.1525 -77.9569 2.8
      vertex -98.6184 -77.8287 2.8
    endloop
  endfacet
  facet normal 0.649396 -0.76045 0
    outer loop
      vertex -97.6428 -77.3316 2.8
      vertex -97.2251 -76.9749 8.8
      vertex -97.6428 -77.3316 8.8
    endloop
  endfacet
  facet normal 0.649396 -0.76045 0
    outer loop
      vertex -97.2251 -76.9749 8.8
      vertex -97.6428 -77.3316 2.8
      vertex -97.2251 -76.9749 2.8
    endloop
  endfacet
  facet normal 0.852701 -0.5224 0
    outer loop
      vertex -96.8684 -76.5573 8.8
      vertex -96.5815 -76.089 2.8
      vertex -96.5815 -76.089 8.8
    endloop
  endfacet
  facet normal 0.852701 -0.5224 0
    outer loop
      vertex -96.5815 -76.089 2.8
      vertex -96.8684 -76.5573 8.8
      vertex -96.8684 -76.5573 2.8
    endloop
  endfacet
  facet normal -0.382985 -0.923755 0
    outer loop
      vertex -101.289 -77.6185 2.8
      vertex -100.782 -77.8287 8.8
      vertex -101.289 -77.6185 8.8
    endloop
  endfacet
  facet normal -0.382985 -0.923755 -0
    outer loop
      vertex -100.782 -77.8287 8.8
      vertex -101.289 -77.6185 2.8
      vertex -100.782 -77.8287 2.8
    endloop
  endfacet
  facet normal -0.522643 -0.852552 0
    outer loop
      vertex -101.757 -77.3316 2.8
      vertex -101.289 -77.6185 8.8
      vertex -101.757 -77.3316 8.8
    endloop
  endfacet
  facet normal -0.522643 -0.852552 -0
    outer loop
      vertex -101.289 -77.6185 8.8
      vertex -101.757 -77.3316 2.8
      vertex -101.289 -77.6185 2.8
    endloop
  endfacet
  facet normal -0.972463 -0.233056 0
    outer loop
      vertex -103.029 -75.5816 2.8
      vertex -103.157 -75.0475 8.8
      vertex -103.157 -75.0475 2.8
    endloop
  endfacet
  facet normal -0.972463 -0.233056 0
    outer loop
      vertex -103.157 -75.0475 8.8
      vertex -103.029 -75.5816 2.8
      vertex -103.029 -75.5816 8.8
    endloop
  endfacet
  facet normal -0.760104 -0.649802 0
    outer loop
      vertex -102.175 -76.9749 2.8
      vertex -102.532 -76.5573 8.8
      vertex -102.532 -76.5573 2.8
    endloop
  endfacet
  facet normal -0.760104 -0.649802 0
    outer loop
      vertex -102.532 -76.5573 8.8
      vertex -102.175 -76.9749 2.8
      vertex -102.175 -76.9749 8.8
    endloop
  endfacet
  facet normal 0.996916 -0.0784787 0
    outer loop
      vertex -96.2431 -75.0475 8.8
      vertex -96.2 -74.5 2.8
      vertex -96.2 -74.5 8.8
    endloop
  endfacet
  facet normal 0.996916 -0.0784787 0
    outer loop
      vertex -96.2 -74.5 2.8
      vertex -96.2431 -75.0475 8.8
      vertex -96.2431 -75.0475 2.8
    endloop
  endfacet
  facet normal -0.233442 -0.972371 0
    outer loop
      vertex -100.782 -77.8287 2.8
      vertex -100.248 -77.9569 8.8
      vertex -100.782 -77.8287 8.8
    endloop
  endfacet
  facet normal -0.233442 -0.972371 -0
    outer loop
      vertex -100.248 -77.9569 8.8
      vertex -100.782 -77.8287 2.8
      vertex -100.248 -77.9569 2.8
    endloop
  endfacet
  facet normal -1 0 0
    outer loop
      vertex -99 -55 0
      vertex -99 55 2.8
      vertex -99 55 0
    endloop
  endfacet
  facet normal -1 -0 0
    outer loop
      vertex -99 55 2.8
      vertex -99 -55 0
      vertex -99 -55 2.8
    endloop
  endfacet
  facet normal 0 0 1
    outer loop
      vertex -88.7 58.5 2.8
      vertex -88.7626 51.2374 2.8
      vertex -88.7 51.1642 2.8
    endloop
  endfacet
  facet normal 0 0 1
    outer loop
      vertex -88.7 58.5 2.8
      vertex -88.9714 51.4158 2.8
      vertex -88.7626 51.2374 2.8
    endloop
  endfacet
  facet normal 0 0 1
    outer loop
      vertex -88.7 58.5 2.8
      vertex -89.2055 51.5593 2.8
      vertex -88.9714 51.4158 2.8
    endloop
  endfacet
  facet normal 0 0 1
    outer loop
      vertex -88.7 58.5 2.8
      vertex -89.4592 51.6643 2.8
      vertex -89.2055 51.5593 2.8
    endloop
  endfacet
  facet normal -0 0 1
    outer loop
      vertex -95 59 2.8
      vertex -88.7 58.5 2.8
      vertex -88.6607 59 2.8
    endloop
  endfacet
  facet normal 0 0 1
    outer loop
      vertex -88.7 58.5 2.8
      vertex -89.7262 51.7285 2.8
      vertex -89.4592 51.6643 2.8
    endloop
  endfacet
  facet normal 0 0 1
    outer loop
      vertex -88.7 58.5 2.8
      vertex -90 51.75 2.8
      vertex -89.7262 51.7285 2.8
    endloop
  endfacet
  facet normal 0 0 1
    outer loop
      vertex -88.7 58.5 2.8
      vertex -90.2738 51.7285 2.8
      vertex -90 51.75 2.8
    endloop
  endfacet
  facet normal 0 0 1
    outer loop
      vertex -88.7 58.5 2.8
      vertex -90.5408 51.6643 2.8
      vertex -90.2738 51.7285 2.8
    endloop
  endfacet
  facet normal 0 0 1
    outer loop
      vertex -88.7 58.5 2.8
      vertex -95 59 2.8
      vertex -90.5408 51.6643 2.8
    endloop
  endfacet
  facet normal 0 0 1
    outer loop
      vertex -90.5408 51.6643 2.8
      vertex -95 59 2.8
      vertex -90.7945 51.5593 2.8
    endloop
  endfacet
  facet normal 0 0 1
    outer loop
      vertex -90.7945 51.5593 2.8
      vertex -95 59 2.8
      vertex -91.0286 51.4158 2.8
    endloop
  endfacet
  facet normal 0 0 1
    outer loop
      vertex -91.0286 51.4158 2.8
      vertex -95 59 2.8
      vertex -91.2374 51.2374 2.8
    endloop
  endfacet
  facet normal -0 0 1
    outer loop
      vertex -99 55 2.8
      vertex -91.2374 51.2374 2.8
      vertex -95 59 2.8
    endloop
  endfacet
  facet normal 0 0 1
    outer loop
      vertex -91.2374 51.2374 2.8
      vertex -99 55 2.8
      vertex -91.4158 51.0286 2.8
    endloop
  endfacet
  facet normal 0 0 1
    outer loop
      vertex -88.6384 -14.2178 2.8
      vertex -99 -55 2.8
      vertex -88.7 -15 2.8
    endloop
  endfacet
  facet normal 0 0 1
    outer loop
      vertex -91.6644 50.5408 2.8
      vertex -99 55 2.8
      vertex -91.7285 50.2738 2.8
    endloop
  endfacet
  facet normal 0 0 1
    outer loop
      vertex -91.5593 50.7945 2.8
      vertex -99 55 2.8
      vertex -91.6644 50.5408 2.8
    endloop
  endfacet
  facet normal 0 0 1
    outer loop
      vertex -91.4158 51.0286 2.8
      vertex -99 55 2.8
      vertex -91.5593 50.7945 2.8
    endloop
  endfacet
  facet normal -0 0 1
    outer loop
      vertex -88.7626 48.7626 2.8
      vertex -88.7 15 2.8
      vertex -88.7 48.8358 2.8
    endloop
  endfacet
  facet normal -0 0 1
    outer loop
      vertex -88.9714 48.5842 2.8
      vertex -88.7 15 2.8
      vertex -88.7626 48.7626 2.8
    endloop
  endfacet
  facet normal -0 0 1
    outer loop
      vertex -89.2055 48.4407 2.8
      vertex -88.7 15 2.8
      vertex -88.9714 48.5842 2.8
    endloop
  endfacet
  facet normal 0 0 1
    outer loop
      vertex -88.7 -15 2.8
      vertex -88.7626 -48.7626 2.8
      vertex -88.7 -48.8358 2.8
    endloop
  endfacet
  facet normal -0 0 1
    outer loop
      vertex -89.4592 48.3357 2.8
      vertex -88.7 15 2.8
      vertex -89.2055 48.4407 2.8
    endloop
  endfacet
  facet normal 0 0 1
    outer loop
      vertex -88.7 -15 2.8
      vertex -88.9714 -48.5842 2.8
      vertex -88.7626 -48.7626 2.8
    endloop
  endfacet
  facet normal -0 0 1
    outer loop
      vertex -89.7262 48.2715 2.8
      vertex -88.7 15 2.8
      vertex -89.4592 48.3357 2.8
    endloop
  endfacet
  facet normal 0 0 1
    outer loop
      vertex -88.7 -15 2.8
      vertex -89.2055 -48.4407 2.8
      vertex -88.9714 -48.5842 2.8
    endloop
  endfacet
  facet normal -0 0 1
    outer loop
      vertex -90 48.25 2.8
      vertex -88.7 15 2.8
      vertex -89.7262 48.2715 2.8
    endloop
  endfacet
  facet normal 0 0 1
    outer loop
      vertex -88.7 -15 2.8
      vertex -89.4592 -48.3357 2.8
      vertex -89.2055 -48.4407 2.8
    endloop
  endfacet
  facet normal 0 0 1
    outer loop
      vertex -90.2738 48.2715 2.8
      vertex -88.7 15 2.8
      vertex -90 48.25 2.8
    endloop
  endfacet
  facet normal 0 0 1
    outer loop
      vertex -88.7 -15 2.8
      vertex -89.7262 -48.2715 2.8
      vertex -89.4592 -48.3357 2.8
    endloop
  endfacet
  facet normal 0 0 1
    outer loop
      vertex -90.5408 48.3357 2.8
      vertex -88.7 15 2.8
      vertex -90.2738 48.2715 2.8
    endloop
  endfacet
  facet normal 0 0 1
    outer loop
      vertex -88.7 -15 2.8
      vertex -90 -48.25 2.8
      vertex -89.7262 -48.2715 2.8
    endloop
  endfacet
  facet normal 0 0 1
    outer loop
      vertex -90.7945 48.4407 2.8
      vertex -88.7 15 2.8
      vertex -90.5408 48.3357 2.8
    endloop
  endfacet
  facet normal 0 0 1
    outer loop
      vertex -88.7 -15 2.8
      vertex -90.2738 -48.2715 2.8
      vertex -90 -48.25 2.8
    endloop
  endfacet
  facet normal 0 0 1
    outer loop
      vertex -91.0286 48.5842 2.8
      vertex -88.7 15 2.8
      vertex -90.7945 48.4407 2.8
    endloop
  endfacet
  facet normal 0 0 1
    outer loop
      vertex -88.7 -15 2.8
      vertex -90.5408 -48.3357 2.8
      vertex -90.2738 -48.2715 2.8
    endloop
  endfacet
  facet normal 0 0 1
    outer loop
      vertex -91.2374 48.7626 2.8
      vertex -88.7 15 2.8
      vertex -91.0286 48.5842 2.8
    endloop
  endfacet
  facet normal 0 0 1
    outer loop
      vertex -88.7 -15 2.8
      vertex -90.7945 -48.4407 2.8
      vertex -90.5408 -48.3357 2.8
    endloop
  endfacet
  facet normal 0 0 1
    outer loop
      vertex -99 55 2.8
      vertex -91.2374 48.7626 2.8
      vertex -91.4158 48.9714 2.8
    endloop
  endfacet
  facet normal 0 0 1
    outer loop
      vertex -88.7 -15 2.8
      vertex -91.0286 -48.5842 2.8
      vertex -90.7945 -48.4407 2.8
    endloop
  endfacet
  facet normal 0 0 1
    outer loop
      vertex -99 55 2.8
      vertex -91.4158 48.9714 2.8
      vertex -91.5593 49.2055 2.8
    endloop
  endfacet
  facet normal 0 0 1
    outer loop
      vertex -88.7 -15 2.8
      vertex -91.2374 -48.7626 2.8
      vertex -91.0286 -48.5842 2.8
    endloop
  endfacet
  facet normal 0 0 1
    outer loop
      vertex -99 55 2.8
      vertex -91.5593 49.2055 2.8
      vertex -91.6644 49.4592 2.8
    endloop
  endfacet
  facet normal 0 0 1
    outer loop
      vertex -88.7 -15 2.8
      vertex -91.4158 -48.9714 2.8
      vertex -91.2374 -48.7626 2.8
    endloop
  endfacet
  facet normal 0 0 1
    outer loop
      vertex -91.75 50 2.8
      vertex -99 55 2.8
      vertex -91.7285 49.7262 2.8
    endloop
  endfacet
  facet normal 0 0 1
    outer loop
      vertex -88.7 -15 2.8
      vertex -91.5593 -49.2055 2.8
      vertex -91.4158 -48.9714 2.8
    endloop
  endfacet
  facet normal 0 0 1
    outer loop
      vertex -91.7285 49.7262 2.8
      vertex -99 55 2.8
      vertex -91.6644 49.4592 2.8
    endloop
  endfacet
  facet normal 0 0 1
    outer loop
      vertex -88.7 -15 2.8
      vertex -91.6644 -49.4592 2.8
      vertex -91.5593 -49.2055 2.8
    endloop
  endfacet
  facet normal 0 0 1
    outer loop
      vertex -91.2374 48.7626 2.8
      vertex -99 55 2.8
      vertex -88.7 15 2.8
    endloop
  endfacet
  facet normal 0 0 1
    outer loop
      vertex -88.7 -15 2.8
      vertex -91.7285 -49.7262 2.8
      vertex -91.6644 -49.4592 2.8
    endloop
  endfacet
  facet normal 0 0 1
    outer loop
      vertex -91.7285 50.2738 2.8
      vertex -99 55 2.8
      vertex -91.75 50 2.8
    endloop
  endfacet
  facet normal 0 0 1
    outer loop
      vertex -99 -55 2.8
      vertex -88.6384 -14.2178 2.8
      vertex -99 55 2.8
    endloop
  endfacet
  facet normal 0 0 1
    outer loop
      vertex 10.0616 -14.2178 2.8
      vertex -10 -15 2.8
      vertex 10 -15 2.8
    endloop
  endfacet
  facet normal 0 0 1
    outer loop
      vertex 11.4645 -11.4645 2.8
      vertex -10.0616 -14.2178 2.8
      vertex -10 -15 2.8
    endloop
  endfacet
  facet normal 0 0 1
    outer loop
      vertex 10.9549 12.0611 2.8
      vertex -10.9549 12.0611 2.8
      vertex 11.4645 11.4645 2.8
    endloop
  endfacet
  facet normal 0 0 1
    outer loop
      vertex 11.4645 -11.4645 2.8
      vertex -10.2447 -13.4549 2.8
      vertex -10.0616 -14.2178 2.8
    endloop
  endfacet
  facet normal 0 0 1
    outer loop
      vertex -11.4645 11.4645 2.8
      vertex 11.4645 11.4645 2.8
      vertex -10.9549 12.0611 2.8
    endloop
  endfacet
  facet normal 0 0 1
    outer loop
      vertex 11.4645 -11.4645 2.8
      vertex -10.545 -12.73 2.8
      vertex -10.2447 -13.4549 2.8
    endloop
  endfacet
  facet normal 0 0 1
    outer loop
      vertex 11.4645 11.4645 2.8
      vertex -11.4645 11.4645 2.8
      vertex 11.4645 -11.4645 2.8
    endloop
  endfacet
  facet normal 0 0 1
    outer loop
      vertex 11.4645 -11.4645 2.8
      vertex -10.9549 -12.0611 2.8
      vertex -10.545 -12.73 2.8
    endloop
  endfacet
  facet normal 0 0 1
    outer loop
      vertex -11.4645 -11.4645 2.8
      vertex 11.4645 -11.4645 2.8
      vertex -11.4645 11.4645 2.8
    endloop
  endfacet
  facet normal 0 0 1
    outer loop
      vertex 11.4645 -11.4645 2.8
      vertex -11.4645 -11.4645 2.8
      vertex -10.9549 -12.0611 2.8
    endloop
  endfacet
  facet normal -0 0 1
    outer loop
      vertex -12.0611 10.9549 2.8
      vertex -11.4645 -11.4645 2.8
      vertex -11.4645 11.4645 2.8
    endloop
  endfacet
  facet normal 0 0 1
    outer loop
      vertex -12.0611 10.9549 2.8
      vertex -12.0611 -10.9549 2.8
      vertex -11.4645 -11.4645 2.8
    endloop
  endfacet
  facet normal -0 0 1
    outer loop
      vertex -12.73 10.545 2.8
      vertex -12.0611 -10.9549 2.8
      vertex -12.0611 10.9549 2.8
    endloop
  endfacet
  facet normal 0 0 1
    outer loop
      vertex -12.73 10.545 2.8
      vertex -12.73 -10.545 2.8
      vertex -12.0611 -10.9549 2.8
    endloop
  endfacet
  facet normal -0 0 1
    outer loop
      vertex -13.4549 10.2447 2.8
      vertex -12.73 -10.545 2.8
      vertex -12.73 10.545 2.8
    endloop
  endfacet
  facet normal 0 0 1
    outer loop
      vertex -13.4549 10.2447 2.8
      vertex -13.4549 -10.2447 2.8
      vertex -12.73 -10.545 2.8
    endloop
  endfacet
  facet normal -0 0 1
    outer loop
      vertex -14.2178 10.0616 2.8
      vertex -13.4549 -10.2447 2.8
      vertex -13.4549 10.2447 2.8
    endloop
  endfacet
  facet normal 0 0 1
    outer loop
      vertex -14.2178 10.0616 2.8
      vertex -14.2178 -10.0616 2.8
      vertex -13.4549 -10.2447 2.8
    endloop
  endfacet
  facet normal -0 0 1
    outer loop
      vertex -15 10 2.8
      vertex -14.2178 -10.0616 2.8
      vertex -14.2178 10.0616 2.8
    endloop
  endfacet
  facet normal 0 0 1
    outer loop
      vertex -15 10 2.8
      vertex -15 -10 2.8
      vertex -14.2178 -10.0616 2.8
    endloop
  endfacet
  facet normal -0 0 1
    outer loop
      vertex -83.7 10 2.8
      vertex -15 -10 2.8
      vertex -15 10 2.8
    endloop
  endfacet
  facet normal 0 0 1
    outer loop
      vertex -83.7 10 2.8
      vertex -83.7 -10 2.8
      vertex -15 -10 2.8
    endloop
  endfacet
  facet normal 0 0 1
    outer loop
      vertex -84.4822 10.0616 2.8
      vertex -83.7 -10 2.8
      vertex -83.7 10 2.8
    endloop
  endfacet
  facet normal 0 0 1
    outer loop
      vertex -84.4822 10.0616 2.8
      vertex -84.4822 -10.0616 2.8
      vertex -83.7 -10 2.8
    endloop
  endfacet
  facet normal 0 0 1
    outer loop
      vertex -85.2451 10.2447 2.8
      vertex -84.4822 -10.0616 2.8
      vertex -84.4822 10.0616 2.8
    endloop
  endfacet
  facet normal 0 0 1
    outer loop
      vertex -85.2451 10.2447 2.8
      vertex -85.2451 -10.2447 2.8
      vertex -84.4822 -10.0616 2.8
    endloop
  endfacet
  facet normal 0 0 1
    outer loop
      vertex -85.97 10.545 2.8
      vertex -85.2451 -10.2447 2.8
      vertex -85.2451 10.2447 2.8
    endloop
  endfacet
  facet normal 0 0 1
    outer loop
      vertex -85.97 10.545 2.8
      vertex -85.97 -10.545 2.8
      vertex -85.2451 -10.2447 2.8
    endloop
  endfacet
  facet normal 0 0 1
    outer loop
      vertex -86.6389 10.9549 2.8
      vertex -85.97 -10.545 2.8
      vertex -85.97 10.545 2.8
    endloop
  endfacet
  facet normal 0 0 1
    outer loop
      vertex -86.6389 10.9549 2.8
      vertex -86.6389 -10.9549 2.8
      vertex -85.97 -10.545 2.8
    endloop
  endfacet
  facet normal 0 0 1
    outer loop
      vertex -87.2355 11.4645 2.8
      vertex -86.6389 -10.9549 2.8
      vertex -86.6389 10.9549 2.8
    endloop
  endfacet
  facet normal 0 0 1
    outer loop
      vertex -87.2355 11.4645 2.8
      vertex -87.2355 -11.4645 2.8
      vertex -86.6389 -10.9549 2.8
    endloop
  endfacet
  facet normal 0 0 1
    outer loop
      vertex -87.7451 12.0611 2.8
      vertex -87.2355 -11.4645 2.8
      vertex -87.2355 11.4645 2.8
    endloop
  endfacet
  facet normal 0 0 1
    outer loop
      vertex -87.7451 12.0611 2.8
      vertex -87.7451 -12.0611 2.8
      vertex -87.2355 -11.4645 2.8
    endloop
  endfacet
  facet normal 0 0 1
    outer loop
      vertex -88.155 12.73 2.8
      vertex -87.7451 -12.0611 2.8
      vertex -87.7451 12.0611 2.8
    endloop
  endfacet
  facet normal 0 0 1
    outer loop
      vertex -88.155 12.73 2.8
      vertex -88.155 -12.73 2.8
      vertex -87.7451 -12.0611 2.8
    endloop
  endfacet
  facet normal 0 0 1
    outer loop
      vertex -88.4553 13.4549 2.8
      vertex -88.155 -12.73 2.8
      vertex -88.155 12.73 2.8
    endloop
  endfacet
  facet normal 0 0 1
    outer loop
      vertex -88.4553 13.4549 2.8
      vertex -88.4553 -13.4549 2.8
      vertex -88.155 -12.73 2.8
    endloop
  endfacet
  facet normal 0 0 1
    outer loop
      vertex -88.6384 14.2178 2.8
      vertex -88.4553 -13.4549 2.8
      vertex -88.4553 13.4549 2.8
    endloop
  endfacet
  facet normal 0 0 1
    outer loop
      vertex -88.6384 14.2178 2.8
      vertex -88.6384 -14.2178 2.8
      vertex -88.4553 -13.4549 2.8
    endloop
  endfacet
  facet normal 0 0 1
    outer loop
      vertex -99 55 2.8
      vertex -88.6384 14.2178 2.8
      vertex -88.7 15 2.8
    endloop
  endfacet
  facet normal 0 0 1
    outer loop
      vertex -88.6384 14.2178 2.8
      vertex -99 55 2.8
      vertex -88.6384 -14.2178 2.8
    endloop
  endfacet
  facet normal 0 0 1
    outer loop
      vertex -10 15 2.8
      vertex 10 15 2.8
      vertex 10 58.5 2.8
    endloop
  endfacet
  facet normal 0 0 1
    outer loop
      vertex -10.0616 14.2178 2.8
      vertex 10 15 2.8
      vertex -10 15 2.8
    endloop
  endfacet
  facet normal 0 0 1
    outer loop
      vertex -10 15 2.8
      vertex 10 58.5 2.8
      vertex -10 58.5 2.8
    endloop
  endfacet
  facet normal 0 0 1
    outer loop
      vertex 10.0394 59 2.8
      vertex -10 58.5 2.8
      vertex 10 58.5 2.8
    endloop
  endfacet
  facet normal 0 -0 1
    outer loop
      vertex -10 58.5 2.8
      vertex 10.0394 59 2.8
      vertex -10.0394 59 2.8
    endloop
  endfacet
  facet normal -0 0 1
    outer loop
      vertex 88.6384 -14.2178 2.8
      vertex 99 -55 2.8
      vertex 88.6384 14.2178 2.8
    endloop
  endfacet
  facet normal 0 0 1
    outer loop
      vertex 99 -55 2.8
      vertex 88.6384 -14.2178 2.8
      vertex 88.7 -15 2.8
    endloop
  endfacet
  facet normal -0 0 1
    outer loop
      vertex 88.4553 13.4549 2.8
      vertex 88.6384 -14.2178 2.8
      vertex 88.6384 14.2178 2.8
    endloop
  endfacet
  facet normal 0 0 1
    outer loop
      vertex 88.4553 13.4549 2.8
      vertex 88.4553 -13.4549 2.8
      vertex 88.6384 -14.2178 2.8
    endloop
  endfacet
  facet normal -0 0 1
    outer loop
      vertex 88.155 12.73 2.8
      vertex 88.4553 -13.4549 2.8
      vertex 88.4553 13.4549 2.8
    endloop
  endfacet
  facet normal 0 0 1
    outer loop
      vertex 88.155 12.73 2.8
      vertex 88.155 -12.73 2.8
      vertex 88.4553 -13.4549 2.8
    endloop
  endfacet
  facet normal -0 0 1
    outer loop
      vertex 87.7451 12.0611 2.8
      vertex 88.155 -12.73 2.8
      vertex 88.155 12.73 2.8
    endloop
  endfacet
  facet normal 0 0 1
    outer loop
      vertex 87.7451 12.0611 2.8
      vertex 87.7451 -12.0611 2.8
      vertex 88.155 -12.73 2.8
    endloop
  endfacet
  facet normal -0 0 1
    outer loop
      vertex 87.2355 11.4645 2.8
      vertex 87.7451 -12.0611 2.8
      vertex 87.7451 12.0611 2.8
    endloop
  endfacet
  facet normal 0 0 1
    outer loop
      vertex 87.2355 11.4645 2.8
      vertex 87.2355 -11.4645 2.8
      vertex 87.7451 -12.0611 2.8
    endloop
  endfacet
  facet normal -0 0 1
    outer loop
      vertex 86.6389 10.9549 2.8
      vertex 87.2355 -11.4645 2.8
      vertex 87.2355 11.4645 2.8
    endloop
  endfacet
  facet normal 0 0 1
    outer loop
      vertex 86.6389 10.9549 2.8
      vertex 86.6389 -10.9549 2.8
      vertex 87.2355 -11.4645 2.8
    endloop
  endfacet
  facet normal -0 0 1
    outer loop
      vertex 85.97 10.545 2.8
      vertex 86.6389 -10.9549 2.8
      vertex 86.6389 10.9549 2.8
    endloop
  endfacet
  facet normal 0 0 1
    outer loop
      vertex 85.97 10.545 2.8
      vertex 85.97 -10.545 2.8
      vertex 86.6389 -10.9549 2.8
    endloop
  endfacet
  facet normal -0 0 1
    outer loop
      vertex 85.2451 10.2447 2.8
      vertex 85.97 -10.545 2.8
      vertex 85.97 10.545 2.8
    endloop
  endfacet
  facet normal 0 0 1
    outer loop
      vertex 85.2451 10.2447 2.8
      vertex 85.2451 -10.2447 2.8
      vertex 85.97 -10.545 2.8
    endloop
  endfacet
  facet normal -0 0 1
    outer loop
      vertex 84.4822 10.0616 2.8
      vertex 85.2451 -10.2447 2.8
      vertex 85.2451 10.2447 2.8
    endloop
  endfacet
  facet normal 0 0 1
    outer loop
      vertex 84.4822 10.0616 2.8
      vertex 84.4822 -10.0616 2.8
      vertex 85.2451 -10.2447 2.8
    endloop
  endfacet
  facet normal -0 0 1
    outer loop
      vertex 83.7 10 2.8
      vertex 84.4822 -10.0616 2.8
      vertex 84.4822 10.0616 2.8
    endloop
  endfacet
  facet normal 0 0 1
    outer loop
      vertex 83.7 10 2.8
      vertex 83.7 -10 2.8
      vertex 84.4822 -10.0616 2.8
    endloop
  endfacet
  facet normal -0 0 1
    outer loop
      vertex 15 10 2.8
      vertex 83.7 -10 2.8
      vertex 83.7 10 2.8
    endloop
  endfacet
  facet normal 0 0 1
    outer loop
      vertex 15 10 2.8
      vertex 15 -10 2.8
      vertex 83.7 -10 2.8
    endloop
  endfacet
  facet normal 0 0 1
    outer loop
      vertex 14.2178 10.0616 2.8
      vertex 15 -10 2.8
      vertex 15 10 2.8
    endloop
  endfacet
  facet normal 0 0 1
    outer loop
      vertex 14.2178 10.0616 2.8
      vertex 14.2178 -10.0616 2.8
      vertex 15 -10 2.8
    endloop
  endfacet
  facet normal 0 0 1
    outer loop
      vertex 13.4549 10.2447 2.8
      vertex 14.2178 -10.0616 2.8
      vertex 14.2178 10.0616 2.8
    endloop
  endfacet
  facet normal 0 0 1
    outer loop
      vertex 13.4549 10.2447 2.8
      vertex 13.4549 -10.2447 2.8
      vertex 14.2178 -10.0616 2.8
    endloop
  endfacet
  facet normal 0 0 1
    outer loop
      vertex 12.73 10.545 2.8
      vertex 13.4549 -10.2447 2.8
      vertex 13.4549 10.2447 2.8
    endloop
  endfacet
  facet normal 0 0 1
    outer loop
      vertex 12.73 10.545 2.8
      vertex 12.73 -10.545 2.8
      vertex 13.4549 -10.2447 2.8
    endloop
  endfacet
  facet normal 0 0 1
    outer loop
      vertex 12.0611 10.9549 2.8
      vertex 12.73 -10.545 2.8
      vertex 12.73 10.545 2.8
    endloop
  endfacet
  facet normal 0 0 1
    outer loop
      vertex 12.0611 10.9549 2.8
      vertex 12.0611 -10.9549 2.8
      vertex 12.73 -10.545 2.8
    endloop
  endfacet
  facet normal 0 0 1
    outer loop
      vertex 11.4645 11.4645 2.8
      vertex 12.0611 -10.9549 2.8
      vertex 12.0611 10.9549 2.8
    endloop
  endfacet
  facet normal 0 0 1
    outer loop
      vertex 11.4645 11.4645 2.8
      vertex 11.4645 -11.4645 2.8
      vertex 12.0611 -10.9549 2.8
    endloop
  endfacet
  facet normal 0 0 1
    outer loop
      vertex -10.545 12.73 2.8
      vertex 10.545 12.73 2.8
      vertex -10.2447 13.4549 2.8
    endloop
  endfacet
  facet normal 0 0 1
    outer loop
      vertex 10.545 12.73 2.8
      vertex -10.545 12.73 2.8
      vertex 10.9549 12.0611 2.8
    endloop
  endfacet
  facet normal 0 0 1
    outer loop
      vertex 10.2447 13.4549 2.8
      vertex -10.2447 13.4549 2.8
      vertex 10.545 12.73 2.8
    endloop
  endfacet
  facet normal 0 0 1
    outer loop
      vertex -10.9549 12.0611 2.8
      vertex 10.9549 12.0611 2.8
      vertex -10.545 12.73 2.8
    endloop
  endfacet
  facet normal 0 0 1
    outer loop
      vertex -10.2447 13.4549 2.8
      vertex 10.2447 13.4549 2.8
      vertex -10.0616 14.2178 2.8
    endloop
  endfacet
  facet normal 0 0 1
    outer loop
      vertex 11.4645 -11.4645 2.8
      vertex -10 -15 2.8
      vertex 10.9549 -12.0611 2.8
    endloop
  endfacet
  facet normal -0 0 1
    outer loop
      vertex -10.0616 14.2178 2.8
      vertex 10.2447 13.4549 2.8
      vertex 10.0616 14.2178 2.8
    endloop
  endfacet
  facet normal 0 0 1
    outer loop
      vertex 10.9549 -12.0611 2.8
      vertex -10 -15 2.8
      vertex 10.545 -12.73 2.8
    endloop
  endfacet
  facet normal 0 0 1
    outer loop
      vertex -10.0616 14.2178 2.8
      vertex 10.0616 14.2178 2.8
      vertex 10 15 2.8
    endloop
  endfacet
  facet normal 0 0 1
    outer loop
      vertex 10.545 -12.73 2.8
      vertex -10 -15 2.8
      vertex 10.2447 -13.4549 2.8
    endloop
  endfacet
  facet normal 0 0 1
    outer loop
      vertex 88.6384 14.2178 2.8
      vertex 99 55 2.8
      vertex 88.7 15 2.8
    endloop
  endfacet
  facet normal 0 0 1
    outer loop
      vertex 99 -55 2.8
      vertex 91.7285 -49.7262 2.8
      vertex 91.75 -50 2.8
    endloop
  endfacet
  facet normal 0 0 1
    outer loop
      vertex 88.7 15 2.8
      vertex 91.7285 49.7262 2.8
      vertex 91.6644 49.4592 2.8
    endloop
  endfacet
  facet normal 0 0 1
    outer loop
      vertex 99 55 2.8
      vertex 88.6384 14.2178 2.8
      vertex 99 -55 2.8
    endloop
  endfacet
  facet normal 0 0 1
    outer loop
      vertex 88.7 15 2.8
      vertex 91.6644 49.4592 2.8
      vertex 91.5593 49.2055 2.8
    endloop
  endfacet
  facet normal -0 -0 1
    outer loop
      vertex 91.2374 -48.7626 2.8
      vertex 99 -55 2.8
      vertex 88.7 -15 2.8
    endloop
  endfacet
  facet normal 0 0 1
    outer loop
      vertex 88.7 15 2.8
      vertex 91.5593 49.2055 2.8
      vertex 91.4158 48.9714 2.8
    endloop
  endfacet
  facet normal 0 0 1
    outer loop
      vertex 99 -55 2.8
      vertex 91.6644 -49.4592 2.8
      vertex 91.7285 -49.7262 2.8
    endloop
  endfacet
  facet normal 0 0 1
    outer loop
      vertex 88.7 15 2.8
      vertex 91.4158 48.9714 2.8
      vertex 91.2374 48.7626 2.8
    endloop
  endfacet
  facet normal 0 0 1
    outer loop
      vertex 99 -55 2.8
      vertex 91.5593 -49.2055 2.8
      vertex 91.6644 -49.4592 2.8
    endloop
  endfacet
  facet normal 0 0 1
    outer loop
      vertex 88.7 15 2.8
      vertex 91.2374 48.7626 2.8
      vertex 91.0286 48.5842 2.8
    endloop
  endfacet
  facet normal 0 0 1
    outer loop
      vertex 99 -55 2.8
      vertex 91.4158 -48.9714 2.8
      vertex 91.5593 -49.2055 2.8
    endloop
  endfacet
  facet normal 0 0 1
    outer loop
      vertex 88.7 15 2.8
      vertex 91.0286 48.5842 2.8
      vertex 90.7945 48.4407 2.8
    endloop
  endfacet
  facet normal 0 0 1
    outer loop
      vertex 99 -55 2.8
      vertex 91.2374 -48.7626 2.8
      vertex 91.4158 -48.9714 2.8
    endloop
  endfacet
  facet normal 0 0 1
    outer loop
      vertex 88.7 15 2.8
      vertex 90.7945 48.4407 2.8
      vertex 90.5408 48.3357 2.8
    endloop
  endfacet
  facet normal 0 0 1
    outer loop
      vertex 91.2374 -48.7626 2.8
      vertex 88.7 -15 2.8
      vertex 91.0286 -48.5842 2.8
    endloop
  endfacet
  facet normal 0 0 1
    outer loop
      vertex 88.7 15 2.8
      vertex 90.5408 48.3357 2.8
      vertex 90.2738 48.2715 2.8
    endloop
  endfacet
  facet normal 0 0 1
    outer loop
      vertex 91.0286 -48.5842 2.8
      vertex 88.7 -15 2.8
      vertex 90.7945 -48.4407 2.8
    endloop
  endfacet
  facet normal 0 0 1
    outer loop
      vertex 88.7 15 2.8
      vertex 90.2738 48.2715 2.8
      vertex 90 48.25 2.8
    endloop
  endfacet
  facet normal 0 0 1
    outer loop
      vertex 90.7945 -48.4407 2.8
      vertex 88.7 -15 2.8
      vertex 90.5408 -48.3357 2.8
    endloop
  endfacet
  facet normal 0 0 1
    outer loop
      vertex 88.7 15 2.8
      vertex 90 48.25 2.8
      vertex 89.7262 48.2715 2.8
    endloop
  endfacet
  facet normal 0 0 1
    outer loop
      vertex 90.5408 -48.3357 2.8
      vertex 88.7 -15 2.8
      vertex 90.2738 -48.2715 2.8
    endloop
  endfacet
  facet normal 0 0 1
    outer loop
      vertex 88.7 15 2.8
      vertex 89.7262 48.2715 2.8
      vertex 89.4592 48.3357 2.8
    endloop
  endfacet
  facet normal 0 0 1
    outer loop
      vertex 90.2738 -48.2715 2.8
      vertex 88.7 -15 2.8
      vertex 90 -48.25 2.8
    endloop
  endfacet
  facet normal 0 0 1
    outer loop
      vertex 88.7 15 2.8
      vertex 89.4592 48.3357 2.8
      vertex 89.2055 48.4407 2.8
    endloop
  endfacet
  facet normal 0 0 1
    outer loop
      vertex 90 -48.25 2.8
      vertex 88.7 -15 2.8
      vertex 89.7262 -48.2715 2.8
    endloop
  endfacet
  facet normal 0 0 1
    outer loop
      vertex 88.7 15 2.8
      vertex 89.2055 48.4407 2.8
      vertex 88.9714 48.5842 2.8
    endloop
  endfacet
  facet normal 0 0 1
    outer loop
      vertex 89.7262 -48.2715 2.8
      vertex 88.7 -15 2.8
      vertex 89.4592 -48.3357 2.8
    endloop
  endfacet
  facet normal 0 0 1
    outer loop
      vertex 88.7 15 2.8
      vertex 88.9714 48.5842 2.8
      vertex 88.7626 48.7626 2.8
    endloop
  endfacet
  facet normal 0 0 1
    outer loop
      vertex 89.4592 -48.3357 2.8
      vertex 88.7 -15 2.8
      vertex 89.2055 -48.4407 2.8
    endloop
  endfacet
  facet normal 0 0 1
    outer loop
      vertex 88.7 15 2.8
      vertex 88.7626 48.7626 2.8
      vertex 88.7 48.8358 2.8
    endloop
  endfacet
  facet normal 0 0 1
    outer loop
      vertex 89.2055 -48.4407 2.8
      vertex 88.7 -15 2.8
      vertex 88.9714 -48.5842 2.8
    endloop
  endfacet
  facet normal 0 0 1
    outer loop
      vertex 88.9714 -48.5842 2.8
      vertex 88.7 -15 2.8
      vertex 88.7626 -48.7626 2.8
    endloop
  endfacet
  facet normal 0 0 1
    outer loop
      vertex 88.7626 -48.7626 2.8
      vertex 88.7 -15 2.8
      vertex 88.7 -48.8358 2.8
    endloop
  endfacet
  facet normal 0 0 1
    outer loop
      vertex 95 59 2.8
      vertex 99 55 2.8
      vertex 98.9508 55.6257 2.8
    endloop
  endfacet
  facet normal 0 0 1
    outer loop
      vertex 91.7285 49.7262 2.8
      vertex 99 55 2.8
      vertex 91.75 50 2.8
    endloop
  endfacet
  facet normal 0 0 1
    outer loop
      vertex 95 59 2.8
      vertex 98.9508 55.6257 2.8
      vertex 98.8042 56.2361 2.8
    endloop
  endfacet
  facet normal 0 0 1
    outer loop
      vertex 88.7 15 2.8
      vertex 99 55 2.8
      vertex 91.7285 49.7262 2.8
    endloop
  endfacet
  facet normal 0 0 1
    outer loop
      vertex 95 59 2.8
      vertex 98.8042 56.2361 2.8
      vertex 98.564 56.816 2.8
    endloop
  endfacet
  facet normal -0 0 1
    outer loop
      vertex 91.7285 -50.2738 2.8
      vertex 99 -55 2.8
      vertex 91.75 -50 2.8
    endloop
  endfacet
  facet normal 0 0 1
    outer loop
      vertex 95 59 2.8
      vertex 98.564 56.816 2.8
      vertex 98.2361 57.3511 2.8
    endloop
  endfacet
  facet normal -0 0 1
    outer loop
      vertex 91.6644 -50.5408 2.8
      vertex 99 -55 2.8
      vertex 91.7285 -50.2738 2.8
    endloop
  endfacet
  facet normal 0 0 1
    outer loop
      vertex 95 59 2.8
      vertex 98.2361 57.3511 2.8
      vertex 97.8284 57.8284 2.8
    endloop
  endfacet
  facet normal -0 0 1
    outer loop
      vertex 91.5593 -50.7945 2.8
      vertex 99 -55 2.8
      vertex 91.6644 -50.5408 2.8
    endloop
  endfacet
  facet normal 0 0 1
    outer loop
      vertex 95 59 2.8
      vertex 97.8284 57.8284 2.8
      vertex 97.3511 58.2361 2.8
    endloop
  endfacet
  facet normal -0 0 1
    outer loop
      vertex 91.4158 -51.0286 2.8
      vertex 99 -55 2.8
      vertex 91.5593 -50.7945 2.8
    endloop
  endfacet
  facet normal 0 0 1
    outer loop
      vertex 95 59 2.8
      vertex 97.3511 58.2361 2.8
      vertex 96.816 58.564 2.8
    endloop
  endfacet
  facet normal -0 0 1
    outer loop
      vertex 91.2374 -51.2374 2.8
      vertex 99 -55 2.8
      vertex 91.4158 -51.0286 2.8
    endloop
  endfacet
  facet normal 0 0 1
    outer loop
      vertex 95 59 2.8
      vertex 96.816 58.564 2.8
      vertex 96.2361 58.8042 2.8
    endloop
  endfacet
  facet normal 0 -0 1
    outer loop
      vertex 95 -59 2.8
      vertex 99 -55 2.8
      vertex 91.2374 -51.2374 2.8
    endloop
  endfacet
  facet normal 0 0 1
    outer loop
      vertex 95 59 2.8
      vertex 96.2361 58.8042 2.8
      vertex 95.6257 58.9508 2.8
    endloop
  endfacet
  facet normal 0 0 1
    outer loop
      vertex 99 -55 2.8
      vertex 95 -59 2.8
      vertex 98.9508 -55.6257 2.8
    endloop
  endfacet
  facet normal 0 0 1
    outer loop
      vertex 99 55 2.8
      vertex 95 59 2.8
      vertex 91.2374 51.2374 2.8
    endloop
  endfacet
  facet normal 0 0 1
    outer loop
      vertex 98.9508 -55.6257 2.8
      vertex 95 -59 2.8
      vertex 98.8042 -56.2361 2.8
    endloop
  endfacet
  facet normal 0 0 1
    outer loop
      vertex 98.8042 -56.2361 2.8
      vertex 95 -59 2.8
      vertex 98.564 -56.816 2.8
    endloop
  endfacet
  facet normal 0 0 1
    outer loop
      vertex 99 55 2.8
      vertex 91.7285 50.2738 2.8
      vertex 91.75 50 2.8
    endloop
  endfacet
  facet normal 0 0 1
    outer loop
      vertex 99 55 2.8
      vertex 91.6644 50.5408 2.8
      vertex 91.7285 50.2738 2.8
    endloop
  endfacet
  facet normal 0 0 1
    outer loop
      vertex 99 55 2.8
      vertex 91.5593 50.7945 2.8
      vertex 91.6644 50.5408 2.8
    endloop
  endfacet
  facet normal 0 0 1
    outer loop
      vertex 99 55 2.8
      vertex 91.4158 51.0286 2.8
      vertex 91.5593 50.7945 2.8
    endloop
  endfacet
  facet normal 0 0 1
    outer loop
      vertex 99 55 2.8
      vertex 91.2374 51.2374 2.8
      vertex 91.4158 51.0286 2.8
    endloop
  endfacet
  facet normal 0 0 1
    outer loop
      vertex 95 59 2.8
      vertex 91.0286 51.4158 2.8
      vertex 91.2374 51.2374 2.8
    endloop
  endfacet
  facet normal 0 0 1
    outer loop
      vertex 95 59 2.8
      vertex 90.7945 51.5593 2.8
      vertex 91.0286 51.4158 2.8
    endloop
  endfacet
  facet normal 0 0 1
    outer loop
      vertex 95 59 2.8
      vertex 90.5408 51.6643 2.8
      vertex 90.7945 51.5593 2.8
    endloop
  endfacet
  facet normal -0 0 1
    outer loop
      vertex 88.7 58.5 2.8
      vertex 90.5408 51.6643 2.8
      vertex 95 59 2.8
    endloop
  endfacet
  facet normal 0 0 1
    outer loop
      vertex 90.5408 51.6643 2.8
      vertex 88.7 58.5 2.8
      vertex 90.2738 51.7285 2.8
    endloop
  endfacet
  facet normal 0 0 1
    outer loop
      vertex 90.2738 51.7285 2.8
      vertex 88.7 58.5 2.8
      vertex 90 51.75 2.8
    endloop
  endfacet
  facet normal 0 0 1
    outer loop
      vertex 90 51.75 2.8
      vertex 88.7 58.5 2.8
      vertex 89.7262 51.7285 2.8
    endloop
  endfacet
  facet normal 0 0 1
    outer loop
      vertex 89.7262 51.7285 2.8
      vertex 88.7 58.5 2.8
      vertex 89.4592 51.6643 2.8
    endloop
  endfacet
  facet normal 0 0 1
    outer loop
      vertex 89.4592 51.6643 2.8
      vertex 88.7 58.5 2.8
      vertex 89.2055 51.5593 2.8
    endloop
  endfacet
  facet normal 0 0 1
    outer loop
      vertex 89.2055 51.5593 2.8
      vertex 88.7 58.5 2.8
      vertex 88.9714 51.4158 2.8
    endloop
  endfacet
  facet normal 0 0 1
    outer loop
      vertex 88.9714 51.4158 2.8
      vertex 88.7 58.5 2.8
      vertex 88.7626 51.2374 2.8
    endloop
  endfacet
  facet normal 0 -0 1
    outer loop
      vertex 88.7 58.5 2.8
      vertex 95 59 2.8
      vertex 88.6607 59 2.8
    endloop
  endfacet
  facet normal 0 0 1
    outer loop
      vertex 98.564 -56.816 2.8
      vertex 95 -59 2.8
      vertex 98.2361 -57.3511 2.8
    endloop
  endfacet
  facet normal 0 0 1
    outer loop
      vertex 98.2361 -57.3511 2.8
      vertex 95 -59 2.8
      vertex 97.8284 -57.8284 2.8
    endloop
  endfacet
  facet normal 0 0 1
    outer loop
      vertex 97.8284 -57.8284 2.8
      vertex 95 -59 2.8
      vertex 97.3511 -58.2361 2.8
    endloop
  endfacet
  facet normal 0 0 1
    outer loop
      vertex 97.3511 -58.2361 2.8
      vertex 95 -59 2.8
      vertex 96.816 -58.564 2.8
    endloop
  endfacet
  facet normal 0 0 1
    outer loop
      vertex 96.2361 -58.8042 2.8
      vertex 95 -59 2.8
      vertex 95.6257 -58.9508 2.8
    endloop
  endfacet
  facet normal 0 0 1
    outer loop
      vertex 96.816 -58.564 2.8
      vertex 95 -59 2.8
      vertex 96.2361 -58.8042 2.8
    endloop
  endfacet
  facet normal -0 0 1
    outer loop
      vertex 91.0286 -51.4158 2.8
      vertex 95 -59 2.8
      vertex 91.2374 -51.2374 2.8
    endloop
  endfacet
  facet normal -0 0 1
    outer loop
      vertex 90.7945 -51.5593 2.8
      vertex 95 -59 2.8
      vertex 91.0286 -51.4158 2.8
    endloop
  endfacet
  facet normal -0 0 1
    outer loop
      vertex 90.5408 -51.6643 2.8
      vertex 95 -59 2.8
      vertex 90.7945 -51.5593 2.8
    endloop
  endfacet
  facet normal 0 0 1
    outer loop
      vertex 88.7 -58.5 2.8
      vertex 90.5408 -51.6643 2.8
      vertex 90.2738 -51.7285 2.8
    endloop
  endfacet
  facet normal 0 0 1
    outer loop
      vertex 88.7 -58.5 2.8
      vertex 90.2738 -51.7285 2.8
      vertex 90 -51.75 2.8
    endloop
  endfacet
  facet normal 0 0 1
    outer loop
      vertex 88.7 -58.5 2.8
      vertex 90 -51.75 2.8
      vertex 89.7262 -51.7285 2.8
    endloop
  endfacet
  facet normal 0 0 1
    outer loop
      vertex 88.7 -58.5 2.8
      vertex 89.7262 -51.7285 2.8
      vertex 89.4592 -51.6643 2.8
    endloop
  endfacet
  facet normal 0 0 1
    outer loop
      vertex 88.7 -58.5 2.8
      vertex 89.4592 -51.6643 2.8
      vertex 89.2055 -51.5593 2.8
    endloop
  endfacet
  facet normal 0 0 1
    outer loop
      vertex 88.7 -58.5 2.8
      vertex 89.2055 -51.5593 2.8
      vertex 88.9714 -51.4158 2.8
    endloop
  endfacet
  facet normal 0 0 1
    outer loop
      vertex 88.7 -58.5 2.8
      vertex 88.9714 -51.4158 2.8
      vertex 88.7626 -51.2374 2.8
    endloop
  endfacet
  facet normal 0 0 1
    outer loop
      vertex 88.7 -58.5 2.8
      vertex 88.7626 -51.2374 2.8
      vertex 88.7 -51.1642 2.8
    endloop
  endfacet
  facet normal 0 0 1
    outer loop
      vertex 90.5408 -51.6643 2.8
      vertex 88.7 -58.5 2.8
      vertex 95 -59 2.8
    endloop
  endfacet
  facet normal 0 0 1
    outer loop
      vertex 95 -59 2.8
      vertex 88.7 -58.5 2.8
      vertex 88.6607 -59 2.8
    endloop
  endfacet
  facet normal 0 0 1
    outer loop
      vertex 88.7626 51.2374 2.8
      vertex 88.7 58.5 2.8
      vertex 88.7 51.1642 2.8
    endloop
  endfacet
  facet normal 0 0 1
    outer loop
      vertex 10.2447 -13.4549 2.8
      vertex -10 -15 2.8
      vertex 10.0616 -14.2178 2.8
    endloop
  endfacet
  facet normal 0 0 1
    outer loop
      vertex 10 -15 2.8
      vertex -10 -15 2.8
      vertex 10 -58.5 2.8
    endloop
  endfacet
  facet normal 0 0 1
    outer loop
      vertex -10 -58.5 2.8
      vertex 10 -58.5 2.8
      vertex -10 -15 2.8
    endloop
  endfacet
  facet normal 0 0 1
    outer loop
      vertex 10 -58.5 2.8
      vertex -10 -58.5 2.8
      vertex 10.0394 -59 2.8
    endloop
  endfacet
  facet normal 0 0 1
    outer loop
      vertex 10.0394 -59 2.8
      vertex -10 -58.5 2.8
      vertex -10.0394 -59 2.8
    endloop
  endfacet
  facet normal 0 0 1
    outer loop
      vertex -88.7 -51.1642 2.8
      vertex -88.7626 -51.2374 2.8
      vertex -88.7 -58.5 2.8
    endloop
  endfacet
  facet normal -0 0 1
    outer loop
      vertex -88.9714 -51.4158 2.8
      vertex -88.7 -58.5 2.8
      vertex -88.7626 -51.2374 2.8
    endloop
  endfacet
  facet normal -0 0 1
    outer loop
      vertex -89.2055 -51.5593 2.8
      vertex -88.7 -58.5 2.8
      vertex -88.9714 -51.4158 2.8
    endloop
  endfacet
  facet normal -0 0 1
    outer loop
      vertex -89.4592 -51.6643 2.8
      vertex -88.7 -58.5 2.8
      vertex -89.2055 -51.5593 2.8
    endloop
  endfacet
  facet normal -0 0 1
    outer loop
      vertex -89.7262 -51.7285 2.8
      vertex -88.7 -58.5 2.8
      vertex -89.4592 -51.6643 2.8
    endloop
  endfacet
  facet normal -0 0 1
    outer loop
      vertex -90 -51.75 2.8
      vertex -88.7 -58.5 2.8
      vertex -89.7262 -51.7285 2.8
    endloop
  endfacet
  facet normal 0 0 1
    outer loop
      vertex -90.2738 -51.7285 2.8
      vertex -88.7 -58.5 2.8
      vertex -90 -51.75 2.8
    endloop
  endfacet
  facet normal 0 0 1
    outer loop
      vertex -90.5408 -51.6643 2.8
      vertex -88.7 -58.5 2.8
      vertex -90.2738 -51.7285 2.8
    endloop
  endfacet
  facet normal 0 0 1
    outer loop
      vertex -95 -59 2.8
      vertex -88.7 -58.5 2.8
      vertex -90.5408 -51.6643 2.8
    endloop
  endfacet
  facet normal 0 0 1
    outer loop
      vertex -95 -59 2.8
      vertex -90.5408 -51.6643 2.8
      vertex -90.7945 -51.5593 2.8
    endloop
  endfacet
  facet normal 0 0 1
    outer loop
      vertex -95 -59 2.8
      vertex -90.7945 -51.5593 2.8
      vertex -91.0286 -51.4158 2.8
    endloop
  endfacet
  facet normal 0 0 1
    outer loop
      vertex -95 -59 2.8
      vertex -91.0286 -51.4158 2.8
      vertex -91.2374 -51.2374 2.8
    endloop
  endfacet
  facet normal 0 0 1
    outer loop
      vertex -99 -55 2.8
      vertex -91.2374 -51.2374 2.8
      vertex -91.4158 -51.0286 2.8
    endloop
  endfacet
  facet normal 0 0 1
    outer loop
      vertex -99 -55 2.8
      vertex -91.4158 -51.0286 2.8
      vertex -91.5593 -50.7945 2.8
    endloop
  endfacet
  facet normal 0 0 1
    outer loop
      vertex -99 -55 2.8
      vertex -91.5593 -50.7945 2.8
      vertex -91.6644 -50.5408 2.8
    endloop
  endfacet
  facet normal 0 0 1
    outer loop
      vertex -88.7 -58.5 2.8
      vertex -95 -59 2.8
      vertex -88.6607 -59 2.8
    endloop
  endfacet
  facet normal 0 0 1
    outer loop
      vertex -99 -55 2.8
      vertex -91.6644 -50.5408 2.8
      vertex -91.7285 -50.2738 2.8
    endloop
  endfacet
  facet normal 0 0 1
    outer loop
      vertex -99 -55 2.8
      vertex -91.7285 -50.2738 2.8
      vertex -91.75 -50 2.8
    endloop
  endfacet
  facet normal 0 0 1
    outer loop
      vertex -88.7 -15 2.8
      vertex -99 -55 2.8
      vertex -91.7285 -49.7262 2.8
    endloop
  endfacet
  facet normal 0 0 1
    outer loop
      vertex -99 55 2.8
      vertex -95 59 2.8
      vertex -95.6257 58.9508 2.8
    endloop
  endfacet
  facet normal 0 0 1
    outer loop
      vertex -91.7285 -49.7262 2.8
      vertex -99 -55 2.8
      vertex -91.75 -50 2.8
    endloop
  endfacet
  facet normal 0 0 1
    outer loop
      vertex -99 55 2.8
      vertex -95.6257 58.9508 2.8
      vertex -96.2361 58.8042 2.8
    endloop
  endfacet
  facet normal 0 0 1
    outer loop
      vertex -91.2374 -51.2374 2.8
      vertex -99 -55 2.8
      vertex -95 -59 2.8
    endloop
  endfacet
  facet normal 0 0 1
    outer loop
      vertex -99 55 2.8
      vertex -96.2361 58.8042 2.8
      vertex -96.816 58.564 2.8
    endloop
  endfacet
  facet normal 0 0 1
    outer loop
      vertex -95 -59 2.8
      vertex -99 -55 2.8
      vertex -95.6257 -58.9508 2.8
    endloop
  endfacet
  facet normal 0 0 1
    outer loop
      vertex -99 55 2.8
      vertex -96.816 58.564 2.8
      vertex -97.3511 58.2361 2.8
    endloop
  endfacet
  facet normal 0 0 1
    outer loop
      vertex -95.6257 -58.9508 2.8
      vertex -99 -55 2.8
      vertex -96.2361 -58.8042 2.8
    endloop
  endfacet
  facet normal 0 0 1
    outer loop
      vertex -99 55 2.8
      vertex -97.3511 58.2361 2.8
      vertex -97.8284 57.8284 2.8
    endloop
  endfacet
  facet normal 0 0 1
    outer loop
      vertex -96.2361 -58.8042 2.8
      vertex -99 -55 2.8
      vertex -96.816 -58.564 2.8
    endloop
  endfacet
  facet normal 0 0 1
    outer loop
      vertex -99 55 2.8
      vertex -97.8284 57.8284 2.8
      vertex -98.2361 57.3511 2.8
    endloop
  endfacet
  facet normal 0 0 1
    outer loop
      vertex -96.816 -58.564 2.8
      vertex -99 -55 2.8
      vertex -97.3511 -58.2361 2.8
    endloop
  endfacet
  facet normal 0 0 1
    outer loop
      vertex -99 55 2.8
      vertex -98.2361 57.3511 2.8
      vertex -98.564 56.816 2.8
    endloop
  endfacet
  facet normal 0 0 1
    outer loop
      vertex -97.3511 -58.2361 2.8
      vertex -99 -55 2.8
      vertex -97.8284 -57.8284 2.8
    endloop
  endfacet
  facet normal 0 0 1
    outer loop
      vertex -99 55 2.8
      vertex -98.564 56.816 2.8
      vertex -98.8042 56.2361 2.8
    endloop
  endfacet
  facet normal 0 0 1
    outer loop
      vertex -97.8284 -57.8284 2.8
      vertex -99 -55 2.8
      vertex -98.2361 -57.3511 2.8
    endloop
  endfacet
  facet normal 0 0 1
    outer loop
      vertex -99 55 2.8
      vertex -98.8042 56.2361 2.8
      vertex -98.9508 55.6257 2.8
    endloop
  endfacet
  facet normal 0 0 1
    outer loop
      vertex -98.2361 -57.3511 2.8
      vertex -99 -55 2.8
      vertex -98.564 -56.816 2.8
    endloop
  endfacet
  facet normal 0 0 1
    outer loop
      vertex -98.564 -56.816 2.8
      vertex -99 -55 2.8
      vertex -98.8042 -56.2361 2.8
    endloop
  endfacet
  facet normal 0 0 1
    outer loop
      vertex -98.8042 -56.2361 2.8
      vertex -99 -55 2.8
      vertex -98.9508 -55.6257 2.8
    endloop
  endfacet
  facet normal -0.996923 0.07839 0
    outer loop
      vertex -99 55 0
      vertex -98.9508 55.6257 2.8
      vertex -98.9508 55.6257 0
    endloop
  endfacet
  facet normal -0.996923 0.07839 0
    outer loop
      vertex -98.9508 55.6257 2.8
      vertex -99 55 0
      vertex -99 55 2.8
    endloop
  endfacet
  facet normal 1 -0 0
    outer loop
      vertex 99 -55 2.8
      vertex 99 55 0
      vertex 99 55 2.8
    endloop
  endfacet
  facet normal 1 0 0
    outer loop
      vertex 99 55 0
      vertex 99 -55 2.8
      vertex 99 -55 0
    endloop
  endfacet
  facet normal -0.852647 0.522487 0
    outer loop
      vertex -98.564 56.816 0
      vertex -98.2361 57.3511 2.8
      vertex -98.2361 57.3511 0
    endloop
  endfacet
  facet normal -0.852647 0.522487 0
    outer loop
      vertex -98.2361 57.3511 2.8
      vertex -98.564 56.816 0
      vertex -98.564 56.816 2.8
    endloop
  endfacet
  facet normal -0.522487 0.852647 0
    outer loop
      vertex -96.816 58.564 0
      vertex -97.3511 58.2361 2.8
      vertex -96.816 58.564 2.8
    endloop
  endfacet
  facet normal -0.522487 0.852647 0
    outer loop
      vertex -97.3511 58.2361 2.8
      vertex -96.816 58.564 0
      vertex -97.3511 58.2361 0
    endloop
  endfacet
  facet normal 0 -1 0
    outer loop
      vertex -95 -59 0
      vertex -88.6607 -59 2.8
      vertex -95 -59 2.8
    endloop
  endfacet
  facet normal 0 -1 -0
    outer loop
      vertex -88.6607 -59 2.8
      vertex -95 -59 0
      vertex -88.6607 -59 0
    endloop
  endfacet
  facet normal 0 -1 0
    outer loop
      vertex 88.6607 -59 0
      vertex 95 -59 2.8
      vertex 88.6607 -59 2.8
    endloop
  endfacet
  facet normal 0 -1 -0
    outer loop
      vertex 95 -59 2.8
      vertex 88.6607 -59 0
      vertex 95 -59 0
    endloop
  endfacet
  facet normal 0 -1 0
    outer loop
      vertex -10.0394 -59 0
      vertex 10.0394 -59 2.8
      vertex -10.0394 -59 2.8
    endloop
  endfacet
  facet normal 0 -1 -0
    outer loop
      vertex 10.0394 -59 2.8
      vertex -10.0394 -59 0
      vertex 10.0394 -59 0
    endloop
  endfacet
  facet normal -0.649492 -0.760369 0
    outer loop
      vertex -97.8284 -57.8284 0
      vertex -97.3511 -58.2361 2.8
      vertex -97.8284 -57.8284 2.8
    endloop
  endfacet
  facet normal -0.649492 -0.760369 -0
    outer loop
      vertex -97.3511 -58.2361 2.8
      vertex -97.8284 -57.8284 0
      vertex -97.3511 -58.2361 0
    endloop
  endfacet
  facet normal -0.38268 -0.923881 0
    outer loop
      vertex -96.816 -58.564 0
      vertex -96.2361 -58.8042 2.8
      vertex -96.816 -58.564 2.8
    endloop
  endfacet
  facet normal -0.38268 -0.923881 -0
    outer loop
      vertex -96.2361 -58.8042 2.8
      vertex -96.816 -58.564 0
      vertex -96.2361 -58.8042 0
    endloop
  endfacet
  facet normal -0.852647 -0.522487 0
    outer loop
      vertex -98.2361 -57.3511 0
      vertex -98.564 -56.816 2.8
      vertex -98.564 -56.816 0
    endloop
  endfacet
  facet normal -0.852647 -0.522487 0
    outer loop
      vertex -98.564 -56.816 2.8
      vertex -98.2361 -57.3511 0
      vertex -98.2361 -57.3511 2.8
    endloop
  endfacet
  facet normal 0 0 -1
    outer loop
      vertex -88.7 -58.5 0
      vertex -88.7626 -51.2374 0
      vertex -88.7 -51.1642 0
    endloop
  endfacet
  facet normal 0 0 -1
    outer loop
      vertex -88.7 -58.5 0
      vertex -88.9714 -51.4158 0
      vertex -88.7626 -51.2374 0
    endloop
  endfacet
  facet normal 0 0 -1
    outer loop
      vertex -88.7 -58.5 0
      vertex -89.2055 -51.5593 0
      vertex -88.9714 -51.4158 0
    endloop
  endfacet
  facet normal 0 0 -1
    outer loop
      vertex -88.7 -58.5 0
      vertex -89.4592 -51.6643 0
      vertex -89.2055 -51.5593 0
    endloop
  endfacet
  facet normal 0 0 -1
    outer loop
      vertex -95 -59 0
      vertex -88.7 -58.5 0
      vertex -88.6607 -59 0
    endloop
  endfacet
  facet normal 0 0 -1
    outer loop
      vertex -88.7 -58.5 0
      vertex -89.7262 -51.7285 0
      vertex -89.4592 -51.6643 0
    endloop
  endfacet
  facet normal 0 0 -1
    outer loop
      vertex -88.7 -58.5 0
      vertex -90 -51.75 0
      vertex -89.7262 -51.7285 0
    endloop
  endfacet
  facet normal 0 0 -1
    outer loop
      vertex -88.7 -58.5 0
      vertex -90.2738 -51.7285 0
      vertex -90 -51.75 0
    endloop
  endfacet
  facet normal 0 0 -1
    outer loop
      vertex -88.7 -58.5 0
      vertex -90.5408 -51.6643 0
      vertex -90.2738 -51.7285 0
    endloop
  endfacet
  facet normal -0 0 -1
    outer loop
      vertex -88.7 -58.5 0
      vertex -95 -59 0
      vertex -90.5408 -51.6643 0
    endloop
  endfacet
  facet normal -0 0 -1
    outer loop
      vertex -90.5408 -51.6643 0
      vertex -95 -59 0
      vertex -90.7945 -51.5593 0
    endloop
  endfacet
  facet normal -0 0 -1
    outer loop
      vertex -90.7945 -51.5593 0
      vertex -95 -59 0
      vertex -91.0286 -51.4158 0
    endloop
  endfacet
  facet normal -0 0 -1
    outer loop
      vertex -91.0286 -51.4158 0
      vertex -95 -59 0
      vertex -91.2374 -51.2374 0
    endloop
  endfacet
  facet normal 0 0 -1
    outer loop
      vertex -99 -55 0
      vertex -91.2374 -51.2374 0
      vertex -95 -59 0
    endloop
  endfacet
  facet normal -0 0 -1
    outer loop
      vertex -91.2374 -51.2374 0
      vertex -99 -55 0
      vertex -91.4158 -51.0286 0
    endloop
  endfacet
  facet normal 0 0 -1
    outer loop
      vertex -88.6384 14.2178 0
      vertex -99 55 0
      vertex -88.7 15 0
    endloop
  endfacet
  facet normal -0 0 -1
    outer loop
      vertex -91.6644 -50.5408 0
      vertex -99 -55 0
      vertex -91.7285 -50.2738 0
    endloop
  endfacet
  facet normal -0 0 -1
    outer loop
      vertex -91.5593 -50.7945 0
      vertex -99 -55 0
      vertex -91.6644 -50.5408 0
    endloop
  endfacet
  facet normal -0 0 -1
    outer loop
      vertex -91.4158 -51.0286 0
      vertex -99 -55 0
      vertex -91.5593 -50.7945 0
    endloop
  endfacet
  facet normal 0 0 -1
    outer loop
      vertex -88.7626 -48.7626 0
      vertex -88.7 -15 0
      vertex -88.7 -48.8358 0
    endloop
  endfacet
  facet normal 0 0 -1
    outer loop
      vertex -88.9714 -48.5842 0
      vertex -88.7 -15 0
      vertex -88.7626 -48.7626 0
    endloop
  endfacet
  facet normal 0 0 -1
    outer loop
      vertex -89.2055 -48.4407 0
      vertex -88.7 -15 0
      vertex -88.9714 -48.5842 0
    endloop
  endfacet
  facet normal 0 0 -1
    outer loop
      vertex -88.7 15 0
      vertex -88.7626 48.7626 0
      vertex -88.7 48.8358 0
    endloop
  endfacet
  facet normal 0 0 -1
    outer loop
      vertex -89.4592 -48.3357 0
      vertex -88.7 -15 0
      vertex -89.2055 -48.4407 0
    endloop
  endfacet
  facet normal 0 0 -1
    outer loop
      vertex -88.7 15 0
      vertex -88.9714 48.5842 0
      vertex -88.7626 48.7626 0
    endloop
  endfacet
  facet normal 0 0 -1
    outer loop
      vertex -89.7262 -48.2715 0
      vertex -88.7 -15 0
      vertex -89.4592 -48.3357 0
    endloop
  endfacet
  facet normal 0 0 -1
    outer loop
      vertex -88.7 15 0
      vertex -89.2055 48.4407 0
      vertex -88.9714 48.5842 0
    endloop
  endfacet
  facet normal 0 0 -1
    outer loop
      vertex -90 -48.25 0
      vertex -88.7 -15 0
      vertex -89.7262 -48.2715 0
    endloop
  endfacet
  facet normal 0 0 -1
    outer loop
      vertex -88.7 15 0
      vertex -89.4592 48.3357 0
      vertex -89.2055 48.4407 0
    endloop
  endfacet
  facet normal 0 0 -1
    outer loop
      vertex -90.2738 -48.2715 0
      vertex -88.7 -15 0
      vertex -90 -48.25 0
    endloop
  endfacet
  facet normal 0 0 -1
    outer loop
      vertex -88.7 15 0
      vertex -89.7262 48.2715 0
      vertex -89.4592 48.3357 0
    endloop
  endfacet
  facet normal 0 0 -1
    outer loop
      vertex -90.5408 -48.3357 0
      vertex -88.7 -15 0
      vertex -90.2738 -48.2715 0
    endloop
  endfacet
  facet normal 0 0 -1
    outer loop
      vertex -88.7 15 0
      vertex -90 48.25 0
      vertex -89.7262 48.2715 0
    endloop
  endfacet
  facet normal 0 0 -1
    outer loop
      vertex -90.7945 -48.4407 0
      vertex -88.7 -15 0
      vertex -90.5408 -48.3357 0
    endloop
  endfacet
  facet normal 0 0 -1
    outer loop
      vertex -88.7 15 0
      vertex -90.2738 48.2715 0
      vertex -90 48.25 0
    endloop
  endfacet
  facet normal 0 0 -1
    outer loop
      vertex -91.0286 -48.5842 0
      vertex -88.7 -15 0
      vertex -90.7945 -48.4407 0
    endloop
  endfacet
  facet normal 0 0 -1
    outer loop
      vertex -88.7 15 0
      vertex -90.5408 48.3357 0
      vertex -90.2738 48.2715 0
    endloop
  endfacet
  facet normal 0 0 -1
    outer loop
      vertex -91.2374 -48.7626 0
      vertex -88.7 -15 0
      vertex -91.0286 -48.5842 0
    endloop
  endfacet
  facet normal 0 0 -1
    outer loop
      vertex -88.7 15 0
      vertex -90.7945 48.4407 0
      vertex -90.5408 48.3357 0
    endloop
  endfacet
  facet normal 0 0 -1
    outer loop
      vertex -99 -55 0
      vertex -91.2374 -48.7626 0
      vertex -91.4158 -48.9714 0
    endloop
  endfacet
  facet normal 0 0 -1
    outer loop
      vertex -88.7 15 0
      vertex -91.0286 48.5842 0
      vertex -90.7945 48.4407 0
    endloop
  endfacet
  facet normal 0 0 -1
    outer loop
      vertex -99 -55 0
      vertex -91.4158 -48.9714 0
      vertex -91.5593 -49.2055 0
    endloop
  endfacet
  facet normal 0 0 -1
    outer loop
      vertex -88.7 15 0
      vertex -91.2374 48.7626 0
      vertex -91.0286 48.5842 0
    endloop
  endfacet
  facet normal 0 0 -1
    outer loop
      vertex -99 -55 0
      vertex -91.5593 -49.2055 0
      vertex -91.6644 -49.4592 0
    endloop
  endfacet
  facet normal 0 0 -1
    outer loop
      vertex -88.7 15 0
      vertex -91.4158 48.9714 0
      vertex -91.2374 48.7626 0
    endloop
  endfacet
  facet normal -0 0 -1
    outer loop
      vertex -91.75 -50 0
      vertex -99 -55 0
      vertex -91.7285 -49.7262 0
    endloop
  endfacet
  facet normal 0 0 -1
    outer loop
      vertex -88.7 15 0
      vertex -91.5593 49.2055 0
      vertex -91.4158 48.9714 0
    endloop
  endfacet
  facet normal -0 0 -1
    outer loop
      vertex -91.7285 -49.7262 0
      vertex -99 -55 0
      vertex -91.6644 -49.4592 0
    endloop
  endfacet
  facet normal 0 0 -1
    outer loop
      vertex -88.7 15 0
      vertex -91.6644 49.4592 0
      vertex -91.5593 49.2055 0
    endloop
  endfacet
  facet normal -0 0 -1
    outer loop
      vertex -91.2374 -48.7626 0
      vertex -99 -55 0
      vertex -88.7 -15 0
    endloop
  endfacet
  facet normal 0 0 -1
    outer loop
      vertex -88.7 15 0
      vertex -91.7285 49.7262 0
      vertex -91.6644 49.4592 0
    endloop
  endfacet
  facet normal -0 0 -1
    outer loop
      vertex -91.7285 -50.2738 0
      vertex -99 -55 0
      vertex -91.75 -50 0
    endloop
  endfacet
  facet normal 0 0 -1
    outer loop
      vertex -99 55 0
      vertex -88.6384 14.2178 0
      vertex -99 -55 0
    endloop
  endfacet
  facet normal 0 0 -1
    outer loop
      vertex 10.0616 14.2178 0
      vertex -10 15 0
      vertex 10 15 0
    endloop
  endfacet
  facet normal 0 0 -1
    outer loop
      vertex 11.4645 11.4645 0
      vertex -10.0616 14.2178 0
      vertex -10 15 0
    endloop
  endfacet
  facet normal 0 0 -1
    outer loop
      vertex 10.9549 -12.0611 0
      vertex -10.9549 -12.0611 0
      vertex 11.4645 -11.4645 0
    endloop
  endfacet
  facet normal 0 0 -1
    outer loop
      vertex 11.4645 11.4645 0
      vertex -10.2447 13.4549 0
      vertex -10.0616 14.2178 0
    endloop
  endfacet
  facet normal 0 0 -1
    outer loop
      vertex -11.4645 -11.4645 0
      vertex 11.4645 -11.4645 0
      vertex -10.9549 -12.0611 0
    endloop
  endfacet
  facet normal 0 0 -1
    outer loop
      vertex 11.4645 11.4645 0
      vertex -10.545 12.73 0
      vertex -10.2447 13.4549 0
    endloop
  endfacet
  facet normal 0 0 -1
    outer loop
      vertex 11.4645 -11.4645 0
      vertex -11.4645 -11.4645 0
      vertex 11.4645 11.4645 0
    endloop
  endfacet
  facet normal 0 0 -1
    outer loop
      vertex 11.4645 11.4645 0
      vertex -10.9549 12.0611 0
      vertex -10.545 12.73 0
    endloop
  endfacet
  facet normal 0 0 -1
    outer loop
      vertex -11.4645 11.4645 0
      vertex 11.4645 11.4645 0
      vertex -11.4645 -11.4645 0
    endloop
  endfacet
  facet normal 0 0 -1
    outer loop
      vertex 11.4645 11.4645 0
      vertex -11.4645 11.4645 0
      vertex -10.9549 12.0611 0
    endloop
  endfacet
  facet normal 0 0 -1
    outer loop
      vertex -12.0611 -10.9549 0
      vertex -11.4645 11.4645 0
      vertex -11.4645 -11.4645 0
    endloop
  endfacet
  facet normal 0 0 -1
    outer loop
      vertex -12.0611 -10.9549 0
      vertex -12.0611 10.9549 0
      vertex -11.4645 11.4645 0
    endloop
  endfacet
  facet normal 0 0 -1
    outer loop
      vertex -12.73 -10.545 0
      vertex -12.0611 10.9549 0
      vertex -12.0611 -10.9549 0
    endloop
  endfacet
  facet normal 0 0 -1
    outer loop
      vertex -12.73 -10.545 0
      vertex -12.73 10.545 0
      vertex -12.0611 10.9549 0
    endloop
  endfacet
  facet normal 0 0 -1
    outer loop
      vertex -13.4549 -10.2447 0
      vertex -12.73 10.545 0
      vertex -12.73 -10.545 0
    endloop
  endfacet
  facet normal 0 0 -1
    outer loop
      vertex -13.4549 -10.2447 0
      vertex -13.4549 10.2447 0
      vertex -12.73 10.545 0
    endloop
  endfacet
  facet normal 0 0 -1
    outer loop
      vertex -14.2178 -10.0616 0
      vertex -13.4549 10.2447 0
      vertex -13.4549 -10.2447 0
    endloop
  endfacet
  facet normal 0 0 -1
    outer loop
      vertex -14.2178 -10.0616 0
      vertex -14.2178 10.0616 0
      vertex -13.4549 10.2447 0
    endloop
  endfacet
  facet normal 0 0 -1
    outer loop
      vertex -15 -10 0
      vertex -14.2178 10.0616 0
      vertex -14.2178 -10.0616 0
    endloop
  endfacet
  facet normal 0 0 -1
    outer loop
      vertex -15 -10 0
      vertex -15 10 0
      vertex -14.2178 10.0616 0
    endloop
  endfacet
  facet normal 0 0 -1
    outer loop
      vertex -83.7 -10 0
      vertex -15 10 0
      vertex -15 -10 0
    endloop
  endfacet
  facet normal 0 0 -1
    outer loop
      vertex -83.7 -10 0
      vertex -83.7 10 0
      vertex -15 10 0
    endloop
  endfacet
  facet normal 0 0 -1
    outer loop
      vertex -84.4822 -10.0616 0
      vertex -83.7 10 0
      vertex -83.7 -10 0
    endloop
  endfacet
  facet normal 0 0 -1
    outer loop
      vertex -84.4822 -10.0616 0
      vertex -84.4822 10.0616 0
      vertex -83.7 10 0
    endloop
  endfacet
  facet normal 0 0 -1
    outer loop
      vertex -85.2451 -10.2447 0
      vertex -84.4822 10.0616 0
      vertex -84.4822 -10.0616 0
    endloop
  endfacet
  facet normal 0 0 -1
    outer loop
      vertex -85.2451 -10.2447 0
      vertex -85.2451 10.2447 0
      vertex -84.4822 10.0616 0
    endloop
  endfacet
  facet normal 0 0 -1
    outer loop
      vertex -85.97 -10.545 0
      vertex -85.2451 10.2447 0
      vertex -85.2451 -10.2447 0
    endloop
  endfacet
  facet normal 0 0 -1
    outer loop
      vertex -85.97 -10.545 0
      vertex -85.97 10.545 0
      vertex -85.2451 10.2447 0
    endloop
  endfacet
  facet normal 0 0 -1
    outer loop
      vertex -86.6389 -10.9549 0
      vertex -85.97 10.545 0
      vertex -85.97 -10.545 0
    endloop
  endfacet
  facet normal 0 0 -1
    outer loop
      vertex -86.6389 -10.9549 0
      vertex -86.6389 10.9549 0
      vertex -85.97 10.545 0
    endloop
  endfacet
  facet normal 0 0 -1
    outer loop
      vertex -87.2355 -11.4645 0
      vertex -86.6389 10.9549 0
      vertex -86.6389 -10.9549 0
    endloop
  endfacet
  facet normal 0 0 -1
    outer loop
      vertex -87.2355 -11.4645 0
      vertex -87.2355 11.4645 0
      vertex -86.6389 10.9549 0
    endloop
  endfacet
  facet normal 0 0 -1
    outer loop
      vertex -87.7451 -12.0611 0
      vertex -87.2355 11.4645 0
      vertex -87.2355 -11.4645 0
    endloop
  endfacet
  facet normal 0 0 -1
    outer loop
      vertex -87.7451 -12.0611 0
      vertex -87.7451 12.0611 0
      vertex -87.2355 11.4645 0
    endloop
  endfacet
  facet normal 0 0 -1
    outer loop
      vertex -88.155 -12.73 0
      vertex -87.7451 12.0611 0
      vertex -87.7451 -12.0611 0
    endloop
  endfacet
  facet normal 0 0 -1
    outer loop
      vertex -88.155 -12.73 0
      vertex -88.155 12.73 0
      vertex -87.7451 12.0611 0
    endloop
  endfacet
  facet normal 0 0 -1
    outer loop
      vertex -88.4553 -13.4549 0
      vertex -88.155 12.73 0
      vertex -88.155 -12.73 0
    endloop
  endfacet
  facet normal 0 0 -1
    outer loop
      vertex -88.4553 -13.4549 0
      vertex -88.4553 13.4549 0
      vertex -88.155 12.73 0
    endloop
  endfacet
  facet normal 0 0 -1
    outer loop
      vertex -88.6384 -14.2178 0
      vertex -88.4553 13.4549 0
      vertex -88.4553 -13.4549 0
    endloop
  endfacet
  facet normal 0 0 -1
    outer loop
      vertex -88.6384 -14.2178 0
      vertex -88.6384 14.2178 0
      vertex -88.4553 13.4549 0
    endloop
  endfacet
  facet normal 0 0 -1
    outer loop
      vertex -99 -55 0
      vertex -88.6384 -14.2178 0
      vertex -88.7 -15 0
    endloop
  endfacet
  facet normal -0 0 -1
    outer loop
      vertex -88.6384 -14.2178 0
      vertex -99 -55 0
      vertex -88.6384 14.2178 0
    endloop
  endfacet
  facet normal 0 0 -1
    outer loop
      vertex -10 -15 0
      vertex 10 -15 0
      vertex 10 -58.5 0
    endloop
  endfacet
  facet normal 0 0 -1
    outer loop
      vertex -10.0616 -14.2178 0
      vertex 10 -15 0
      vertex -10 -15 0
    endloop
  endfacet
  facet normal 0 0 -1
    outer loop
      vertex -10 -15 0
      vertex 10 -58.5 0
      vertex -10 -58.5 0
    endloop
  endfacet
  facet normal 0 0 -1
    outer loop
      vertex 10.0394 -59 0
      vertex -10 -58.5 0
      vertex 10 -58.5 0
    endloop
  endfacet
  facet normal 0 -0 -1
    outer loop
      vertex -10 -58.5 0
      vertex 10.0394 -59 0
      vertex -10.0394 -59 0
    endloop
  endfacet
  facet normal 0 0 -1
    outer loop
      vertex 88.6384 14.2178 0
      vertex 99 55 0
      vertex 88.6384 -14.2178 0
    endloop
  endfacet
  facet normal 0 0 -1
    outer loop
      vertex 99 55 0
      vertex 88.6384 14.2178 0
      vertex 88.7 15 0
    endloop
  endfacet
  facet normal 0 0 -1
    outer loop
      vertex 88.4553 -13.4549 0
      vertex 88.6384 14.2178 0
      vertex 88.6384 -14.2178 0
    endloop
  endfacet
  facet normal 0 0 -1
    outer loop
      vertex 88.4553 -13.4549 0
      vertex 88.4553 13.4549 0
      vertex 88.6384 14.2178 0
    endloop
  endfacet
  facet normal 0 0 -1
    outer loop
      vertex 88.155 -12.73 0
      vertex 88.4553 13.4549 0
      vertex 88.4553 -13.4549 0
    endloop
  endfacet
  facet normal 0 0 -1
    outer loop
      vertex 88.155 -12.73 0
      vertex 88.155 12.73 0
      vertex 88.4553 13.4549 0
    endloop
  endfacet
  facet normal 0 0 -1
    outer loop
      vertex 87.7451 -12.0611 0
      vertex 88.155 12.73 0
      vertex 88.155 -12.73 0
    endloop
  endfacet
  facet normal 0 0 -1
    outer loop
      vertex 87.7451 -12.0611 0
      vertex 87.7451 12.0611 0
      vertex 88.155 12.73 0
    endloop
  endfacet
  facet normal 0 0 -1
    outer loop
      vertex 87.2355 -11.4645 0
      vertex 87.7451 12.0611 0
      vertex 87.7451 -12.0611 0
    endloop
  endfacet
  facet normal 0 0 -1
    outer loop
      vertex 87.2355 -11.4645 0
      vertex 87.2355 11.4645 0
      vertex 87.7451 12.0611 0
    endloop
  endfacet
  facet normal 0 0 -1
    outer loop
      vertex 86.6389 -10.9549 0
      vertex 87.2355 11.4645 0
      vertex 87.2355 -11.4645 0
    endloop
  endfacet
  facet normal 0 0 -1
    outer loop
      vertex 86.6389 -10.9549 0
      vertex 86.6389 10.9549 0
      vertex 87.2355 11.4645 0
    endloop
  endfacet
  facet normal 0 0 -1
    outer loop
      vertex 85.97 -10.545 0
      vertex 86.6389 10.9549 0
      vertex 86.6389 -10.9549 0
    endloop
  endfacet
  facet normal 0 0 -1
    outer loop
      vertex 85.97 -10.545 0
      vertex 85.97 10.545 0
      vertex 86.6389 10.9549 0
    endloop
  endfacet
  facet normal 0 0 -1
    outer loop
      vertex 85.2451 -10.2447 0
      vertex 85.97 10.545 0
      vertex 85.97 -10.545 0
    endloop
  endfacet
  facet normal 0 0 -1
    outer loop
      vertex 85.2451 -10.2447 0
      vertex 85.2451 10.2447 0
      vertex 85.97 10.545 0
    endloop
  endfacet
  facet normal 0 0 -1
    outer loop
      vertex 84.4822 -10.0616 0
      vertex 85.2451 10.2447 0
      vertex 85.2451 -10.2447 0
    endloop
  endfacet
  facet normal 0 0 -1
    outer loop
      vertex 84.4822 -10.0616 0
      vertex 84.4822 10.0616 0
      vertex 85.2451 10.2447 0
    endloop
  endfacet
  facet normal 0 0 -1
    outer loop
      vertex 83.7 -10 0
      vertex 84.4822 10.0616 0
      vertex 84.4822 -10.0616 0
    endloop
  endfacet
  facet normal 0 0 -1
    outer loop
      vertex 83.7 -10 0
      vertex 83.7 10 0
      vertex 84.4822 10.0616 0
    endloop
  endfacet
  facet normal 0 0 -1
    outer loop
      vertex 15 -10 0
      vertex 83.7 10 0
      vertex 83.7 -10 0
    endloop
  endfacet
  facet normal 0 0 -1
    outer loop
      vertex 15 -10 0
      vertex 15 10 0
      vertex 83.7 10 0
    endloop
  endfacet
  facet normal 0 0 -1
    outer loop
      vertex 14.2178 -10.0616 0
      vertex 15 10 0
      vertex 15 -10 0
    endloop
  endfacet
  facet normal 0 0 -1
    outer loop
      vertex 14.2178 -10.0616 0
      vertex 14.2178 10.0616 0
      vertex 15 10 0
    endloop
  endfacet
  facet normal 0 0 -1
    outer loop
      vertex 13.4549 -10.2447 0
      vertex 14.2178 10.0616 0
      vertex 14.2178 -10.0616 0
    endloop
  endfacet
  facet normal 0 0 -1
    outer loop
      vertex 13.4549 -10.2447 0
      vertex 13.4549 10.2447 0
      vertex 14.2178 10.0616 0
    endloop
  endfacet
  facet normal 0 0 -1
    outer loop
      vertex 12.73 -10.545 0
      vertex 13.4549 10.2447 0
      vertex 13.4549 -10.2447 0
    endloop
  endfacet
  facet normal 0 0 -1
    outer loop
      vertex 12.73 -10.545 0
      vertex 12.73 10.545 0
      vertex 13.4549 10.2447 0
    endloop
  endfacet
  facet normal 0 0 -1
    outer loop
      vertex 12.0611 -10.9549 0
      vertex 12.73 10.545 0
      vertex 12.73 -10.545 0
    endloop
  endfacet
  facet normal 0 0 -1
    outer loop
      vertex 12.0611 -10.9549 0
      vertex 12.0611 10.9549 0
      vertex 12.73 10.545 0
    endloop
  endfacet
  facet normal 0 0 -1
    outer loop
      vertex 11.4645 -11.4645 0
      vertex 12.0611 10.9549 0
      vertex 12.0611 -10.9549 0
    endloop
  endfacet
  facet normal 0 0 -1
    outer loop
      vertex 11.4645 -11.4645 0
      vertex 11.4645 11.4645 0
      vertex 12.0611 10.9549 0
    endloop
  endfacet
  facet normal 0 0 -1
    outer loop
      vertex -10.545 -12.73 0
      vertex 10.545 -12.73 0
      vertex -10.2447 -13.4549 0
    endloop
  endfacet
  facet normal 0 0 -1
    outer loop
      vertex 10.545 -12.73 0
      vertex -10.545 -12.73 0
      vertex 10.9549 -12.0611 0
    endloop
  endfacet
  facet normal 0 0 -1
    outer loop
      vertex 10.2447 -13.4549 0
      vertex -10.2447 -13.4549 0
      vertex 10.545 -12.73 0
    endloop
  endfacet
  facet normal 0 0 -1
    outer loop
      vertex -10.9549 -12.0611 0
      vertex 10.9549 -12.0611 0
      vertex -10.545 -12.73 0
    endloop
  endfacet
  facet normal 0 0 -1
    outer loop
      vertex -10.2447 -13.4549 0
      vertex 10.2447 -13.4549 0
      vertex -10.0616 -14.2178 0
    endloop
  endfacet
  facet normal 0 0 -1
    outer loop
      vertex 11.4645 11.4645 0
      vertex -10 15 0
      vertex 10.9549 12.0611 0
    endloop
  endfacet
  facet normal 0 0 -1
    outer loop
      vertex -10.0616 -14.2178 0
      vertex 10.2447 -13.4549 0
      vertex 10.0616 -14.2178 0
    endloop
  endfacet
  facet normal 0 0 -1
    outer loop
      vertex 10.9549 12.0611 0
      vertex -10 15 0
      vertex 10.545 12.73 0
    endloop
  endfacet
  facet normal 0 0 -1
    outer loop
      vertex -10.0616 -14.2178 0
      vertex 10.0616 -14.2178 0
      vertex 10 -15 0
    endloop
  endfacet
  facet normal 0 0 -1
    outer loop
      vertex 10.545 12.73 0
      vertex -10 15 0
      vertex 10.2447 13.4549 0
    endloop
  endfacet
  facet normal 0 0 -1
    outer loop
      vertex 88.6384 -14.2178 0
      vertex 99 -55 0
      vertex 88.7 -15 0
    endloop
  endfacet
  facet normal 0 0 -1
    outer loop
      vertex 99 55 0
      vertex 91.7285 49.7262 0
      vertex 91.75 50 0
    endloop
  endfacet
  facet normal 0 0 -1
    outer loop
      vertex 88.7 -15 0
      vertex 91.7285 -49.7262 0
      vertex 91.6644 -49.4592 0
    endloop
  endfacet
  facet normal 0 0 -1
    outer loop
      vertex 99 -55 0
      vertex 88.6384 -14.2178 0
      vertex 99 55 0
    endloop
  endfacet
  facet normal 0 0 -1
    outer loop
      vertex 88.7 -15 0
      vertex 91.6644 -49.4592 0
      vertex 91.5593 -49.2055 0
    endloop
  endfacet
  facet normal 0 -0 -1
    outer loop
      vertex 91.2374 48.7626 0
      vertex 99 55 0
      vertex 88.7 15 0
    endloop
  endfacet
  facet normal 0 0 -1
    outer loop
      vertex 88.7 -15 0
      vertex 91.5593 -49.2055 0
      vertex 91.4158 -48.9714 0
    endloop
  endfacet
  facet normal 0 0 -1
    outer loop
      vertex 99 55 0
      vertex 91.6644 49.4592 0
      vertex 91.7285 49.7262 0
    endloop
  endfacet
  facet normal 0 0 -1
    outer loop
      vertex 88.7 -15 0
      vertex 91.4158 -48.9714 0
      vertex 91.2374 -48.7626 0
    endloop
  endfacet
  facet normal 0 0 -1
    outer loop
      vertex 99 55 0
      vertex 91.5593 49.2055 0
      vertex 91.6644 49.4592 0
    endloop
  endfacet
  facet normal 0 0 -1
    outer loop
      vertex 88.7 -15 0
      vertex 91.2374 -48.7626 0
      vertex 91.0286 -48.5842 0
    endloop
  endfacet
  facet normal 0 0 -1
    outer loop
      vertex 99 55 0
      vertex 91.4158 48.9714 0
      vertex 91.5593 49.2055 0
    endloop
  endfacet
  facet normal 0 0 -1
    outer loop
      vertex 88.7 -15 0
      vertex 91.0286 -48.5842 0
      vertex 90.7945 -48.4407 0
    endloop
  endfacet
  facet normal 0 0 -1
    outer loop
      vertex 99 55 0
      vertex 91.2374 48.7626 0
      vertex 91.4158 48.9714 0
    endloop
  endfacet
  facet normal 0 0 -1
    outer loop
      vertex 88.7 -15 0
      vertex 90.7945 -48.4407 0
      vertex 90.5408 -48.3357 0
    endloop
  endfacet
  facet normal 0 0 -1
    outer loop
      vertex 91.2374 48.7626 0
      vertex 88.7 15 0
      vertex 91.0286 48.5842 0
    endloop
  endfacet
  facet normal 0 0 -1
    outer loop
      vertex 88.7 -15 0
      vertex 90.5408 -48.3357 0
      vertex 90.2738 -48.2715 0
    endloop
  endfacet
  facet normal 0 0 -1
    outer loop
      vertex 91.0286 48.5842 0
      vertex 88.7 15 0
      vertex 90.7945 48.4407 0
    endloop
  endfacet
  facet normal 0 0 -1
    outer loop
      vertex 88.7 -15 0
      vertex 90.2738 -48.2715 0
      vertex 90 -48.25 0
    endloop
  endfacet
  facet normal 0 0 -1
    outer loop
      vertex 90.7945 48.4407 0
      vertex 88.7 15 0
      vertex 90.5408 48.3357 0
    endloop
  endfacet
  facet normal 0 0 -1
    outer loop
      vertex 88.7 -15 0
      vertex 90 -48.25 0
      vertex 89.7262 -48.2715 0
    endloop
  endfacet
  facet normal 0 0 -1
    outer loop
      vertex 90.5408 48.3357 0
      vertex 88.7 15 0
      vertex 90.2738 48.2715 0
    endloop
  endfacet
  facet normal 0 0 -1
    outer loop
      vertex 88.7 -15 0
      vertex 89.7262 -48.2715 0
      vertex 89.4592 -48.3357 0
    endloop
  endfacet
  facet normal 0 0 -1
    outer loop
      vertex 90.2738 48.2715 0
      vertex 88.7 15 0
      vertex 90 48.25 0
    endloop
  endfacet
  facet normal 0 0 -1
    outer loop
      vertex 88.7 -15 0
      vertex 89.4592 -48.3357 0
      vertex 89.2055 -48.4407 0
    endloop
  endfacet
  facet normal -0 0 -1
    outer loop
      vertex 90 48.25 0
      vertex 88.7 15 0
      vertex 89.7262 48.2715 0
    endloop
  endfacet
  facet normal 0 0 -1
    outer loop
      vertex 88.7 -15 0
      vertex 89.2055 -48.4407 0
      vertex 88.9714 -48.5842 0
    endloop
  endfacet
  facet normal -0 0 -1
    outer loop
      vertex 89.7262 48.2715 0
      vertex 88.7 15 0
      vertex 89.4592 48.3357 0
    endloop
  endfacet
  facet normal 0 0 -1
    outer loop
      vertex 88.7 -15 0
      vertex 88.9714 -48.5842 0
      vertex 88.7626 -48.7626 0
    endloop
  endfacet
  facet normal -0 0 -1
    outer loop
      vertex 89.4592 48.3357 0
      vertex 88.7 15 0
      vertex 89.2055 48.4407 0
    endloop
  endfacet
  facet normal 0 0 -1
    outer loop
      vertex 88.7 -15 0
      vertex 88.7626 -48.7626 0
      vertex 88.7 -48.8358 0
    endloop
  endfacet
  facet normal -0 0 -1
    outer loop
      vertex 89.2055 48.4407 0
      vertex 88.7 15 0
      vertex 88.9714 48.5842 0
    endloop
  endfacet
  facet normal -0 0 -1
    outer loop
      vertex 88.9714 48.5842 0
      vertex 88.7 15 0
      vertex 88.7626 48.7626 0
    endloop
  endfacet
  facet normal -0 0 -1
    outer loop
      vertex 88.7626 48.7626 0
      vertex 88.7 15 0
      vertex 88.7 48.8358 0
    endloop
  endfacet
  facet normal 0 0 -1
    outer loop
      vertex 95 -59 0
      vertex 99 -55 0
      vertex 98.9508 -55.6257 0
    endloop
  endfacet
  facet normal 0 0 -1
    outer loop
      vertex 91.7285 -49.7262 0
      vertex 99 -55 0
      vertex 91.75 -50 0
    endloop
  endfacet
  facet normal 0 0 -1
    outer loop
      vertex 95 -59 0
      vertex 98.9508 -55.6257 0
      vertex 98.8042 -56.2361 0
    endloop
  endfacet
  facet normal 0 0 -1
    outer loop
      vertex 88.7 -15 0
      vertex 99 -55 0
      vertex 91.7285 -49.7262 0
    endloop
  endfacet
  facet normal 0 0 -1
    outer loop
      vertex 95 -59 0
      vertex 98.8042 -56.2361 0
      vertex 98.564 -56.816 0
    endloop
  endfacet
  facet normal 0 0 -1
    outer loop
      vertex 91.7285 50.2738 0
      vertex 99 55 0
      vertex 91.75 50 0
    endloop
  endfacet
  facet normal 0 0 -1
    outer loop
      vertex 95 -59 0
      vertex 98.564 -56.816 0
      vertex 98.2361 -57.3511 0
    endloop
  endfacet
  facet normal 0 0 -1
    outer loop
      vertex 91.6644 50.5408 0
      vertex 99 55 0
      vertex 91.7285 50.2738 0
    endloop
  endfacet
  facet normal 0 0 -1
    outer loop
      vertex 95 -59 0
      vertex 98.2361 -57.3511 0
      vertex 97.8284 -57.8284 0
    endloop
  endfacet
  facet normal 0 0 -1
    outer loop
      vertex 91.5593 50.7945 0
      vertex 99 55 0
      vertex 91.6644 50.5408 0
    endloop
  endfacet
  facet normal 0 0 -1
    outer loop
      vertex 95 -59 0
      vertex 97.8284 -57.8284 0
      vertex 97.3511 -58.2361 0
    endloop
  endfacet
  facet normal 0 0 -1
    outer loop
      vertex 91.4158 51.0286 0
      vertex 99 55 0
      vertex 91.5593 50.7945 0
    endloop
  endfacet
  facet normal 0 0 -1
    outer loop
      vertex 95 -59 0
      vertex 97.3511 -58.2361 0
      vertex 96.816 -58.564 0
    endloop
  endfacet
  facet normal 0 0 -1
    outer loop
      vertex 91.2374 51.2374 0
      vertex 99 55 0
      vertex 91.4158 51.0286 0
    endloop
  endfacet
  facet normal 0 0 -1
    outer loop
      vertex 95 -59 0
      vertex 96.816 -58.564 0
      vertex 96.2361 -58.8042 0
    endloop
  endfacet
  facet normal 0 -0 -1
    outer loop
      vertex 95 59 0
      vertex 99 55 0
      vertex 91.2374 51.2374 0
    endloop
  endfacet
  facet normal 0 0 -1
    outer loop
      vertex 95 -59 0
      vertex 96.2361 -58.8042 0
      vertex 95.6257 -58.9508 0
    endloop
  endfacet
  facet normal 0 0 -1
    outer loop
      vertex 99 55 0
      vertex 95 59 0
      vertex 98.9508 55.6257 0
    endloop
  endfacet
  facet normal -0 0 -1
    outer loop
      vertex 99 -55 0
      vertex 95 -59 0
      vertex 91.2374 -51.2374 0
    endloop
  endfacet
  facet normal 0 0 -1
    outer loop
      vertex 98.9508 55.6257 0
      vertex 95 59 0
      vertex 98.8042 56.2361 0
    endloop
  endfacet
  facet normal 0 0 -1
    outer loop
      vertex 98.8042 56.2361 0
      vertex 95 59 0
      vertex 98.564 56.816 0
    endloop
  endfacet
  facet normal 0 0 -1
    outer loop
      vertex 99 -55 0
      vertex 91.7285 -50.2738 0
      vertex 91.75 -50 0
    endloop
  endfacet
  facet normal 0 0 -1
    outer loop
      vertex 99 -55 0
      vertex 91.6644 -50.5408 0
      vertex 91.7285 -50.2738 0
    endloop
  endfacet
  facet normal 0 0 -1
    outer loop
      vertex 99 -55 0
      vertex 91.5593 -50.7945 0
      vertex 91.6644 -50.5408 0
    endloop
  endfacet
  facet normal 0 0 -1
    outer loop
      vertex 99 -55 0
      vertex 91.4158 -51.0286 0
      vertex 91.5593 -50.7945 0
    endloop
  endfacet
  facet normal 0 0 -1
    outer loop
      vertex 99 -55 0
      vertex 91.2374 -51.2374 0
      vertex 91.4158 -51.0286 0
    endloop
  endfacet
  facet normal 0 0 -1
    outer loop
      vertex 95 -59 0
      vertex 91.0286 -51.4158 0
      vertex 91.2374 -51.2374 0
    endloop
  endfacet
  facet normal 0 0 -1
    outer loop
      vertex 95 -59 0
      vertex 90.7945 -51.5593 0
      vertex 91.0286 -51.4158 0
    endloop
  endfacet
  facet normal 0 0 -1
    outer loop
      vertex 95 -59 0
      vertex 90.5408 -51.6643 0
      vertex 90.7945 -51.5593 0
    endloop
  endfacet
  facet normal 0 0 -1
    outer loop
      vertex 88.7 -58.5 0
      vertex 90.5408 -51.6643 0
      vertex 95 -59 0
    endloop
  endfacet
  facet normal 0 0 -1
    outer loop
      vertex 90.5408 -51.6643 0
      vertex 88.7 -58.5 0
      vertex 90.2738 -51.7285 0
    endloop
  endfacet
  facet normal 0 0 -1
    outer loop
      vertex 90.2738 -51.7285 0
      vertex 88.7 -58.5 0
      vertex 90 -51.75 0
    endloop
  endfacet
  facet normal -0 0 -1
    outer loop
      vertex 90 -51.75 0
      vertex 88.7 -58.5 0
      vertex 89.7262 -51.7285 0
    endloop
  endfacet
  facet normal -0 0 -1
    outer loop
      vertex 89.7262 -51.7285 0
      vertex 88.7 -58.5 0
      vertex 89.4592 -51.6643 0
    endloop
  endfacet
  facet normal -0 0 -1
    outer loop
      vertex 89.4592 -51.6643 0
      vertex 88.7 -58.5 0
      vertex 89.2055 -51.5593 0
    endloop
  endfacet
  facet normal -0 0 -1
    outer loop
      vertex 89.2055 -51.5593 0
      vertex 88.7 -58.5 0
      vertex 88.9714 -51.4158 0
    endloop
  endfacet
  facet normal -0 0 -1
    outer loop
      vertex 88.9714 -51.4158 0
      vertex 88.7 -58.5 0
      vertex 88.7626 -51.2374 0
    endloop
  endfacet
  facet normal 0 -0 -1
    outer loop
      vertex 88.7 -58.5 0
      vertex 95 -59 0
      vertex 88.6607 -59 0
    endloop
  endfacet
  facet normal 0 0 -1
    outer loop
      vertex 98.564 56.816 0
      vertex 95 59 0
      vertex 98.2361 57.3511 0
    endloop
  endfacet
  facet normal 0 0 -1
    outer loop
      vertex 98.2361 57.3511 0
      vertex 95 59 0
      vertex 97.8284 57.8284 0
    endloop
  endfacet
  facet normal 0 0 -1
    outer loop
      vertex 97.8284 57.8284 0
      vertex 95 59 0
      vertex 97.3511 58.2361 0
    endloop
  endfacet
  facet normal 0 0 -1
    outer loop
      vertex 97.3511 58.2361 0
      vertex 95 59 0
      vertex 96.816 58.564 0
    endloop
  endfacet
  facet normal 0 0 -1
    outer loop
      vertex 96.2361 58.8042 0
      vertex 95 59 0
      vertex 95.6257 58.9508 0
    endloop
  endfacet
  facet normal 0 0 -1
    outer loop
      vertex 96.816 58.564 0
      vertex 95 59 0
      vertex 96.2361 58.8042 0
    endloop
  endfacet
  facet normal 0 0 -1
    outer loop
      vertex 91.0286 51.4158 0
      vertex 95 59 0
      vertex 91.2374 51.2374 0
    endloop
  endfacet
  facet normal 0 0 -1
    outer loop
      vertex 90.7945 51.5593 0
      vertex 95 59 0
      vertex 91.0286 51.4158 0
    endloop
  endfacet
  facet normal 0 0 -1
    outer loop
      vertex 90.5408 51.6643 0
      vertex 95 59 0
      vertex 90.7945 51.5593 0
    endloop
  endfacet
  facet normal 0 0 -1
    outer loop
      vertex 88.7 58.5 0
      vertex 90.5408 51.6643 0
      vertex 90.2738 51.7285 0
    endloop
  endfacet
  facet normal 0 0 -1
    outer loop
      vertex 88.7 58.5 0
      vertex 90.2738 51.7285 0
      vertex 90 51.75 0
    endloop
  endfacet
  facet normal 0 0 -1
    outer loop
      vertex 88.7 58.5 0
      vertex 90 51.75 0
      vertex 89.7262 51.7285 0
    endloop
  endfacet
  facet normal 0 0 -1
    outer loop
      vertex 88.7 58.5 0
      vertex 89.7262 51.7285 0
      vertex 89.4592 51.6643 0
    endloop
  endfacet
  facet normal 0 0 -1
    outer loop
      vertex 88.7 58.5 0
      vertex 89.4592 51.6643 0
      vertex 89.2055 51.5593 0
    endloop
  endfacet
  facet normal 0 0 -1
    outer loop
      vertex 88.7 58.5 0
      vertex 89.2055 51.5593 0
      vertex 88.9714 51.4158 0
    endloop
  endfacet
  facet normal 0 0 -1
    outer loop
      vertex 88.7 58.5 0
      vertex 88.9714 51.4158 0
      vertex 88.7626 51.2374 0
    endloop
  endfacet
  facet normal 0 0 -1
    outer loop
      vertex 88.7 58.5 0
      vertex 88.7626 51.2374 0
      vertex 88.7 51.1642 0
    endloop
  endfacet
  facet normal 0 0 -1
    outer loop
      vertex 90.5408 51.6643 0
      vertex 88.7 58.5 0
      vertex 95 59 0
    endloop
  endfacet
  facet normal -0 0 -1
    outer loop
      vertex 95 59 0
      vertex 88.7 58.5 0
      vertex 88.6607 59 0
    endloop
  endfacet
  facet normal -0 0 -1
    outer loop
      vertex 88.7626 -51.2374 0
      vertex 88.7 -58.5 0
      vertex 88.7 -51.1642 0
    endloop
  endfacet
  facet normal 0 0 -1
    outer loop
      vertex 10.2447 13.4549 0
      vertex -10 15 0
      vertex 10.0616 14.2178 0
    endloop
  endfacet
  facet normal 0 0 -1
    outer loop
      vertex 10 15 0
      vertex -10 15 0
      vertex 10 58.5 0
    endloop
  endfacet
  facet normal 0 0 -1
    outer loop
      vertex -10 58.5 0
      vertex 10 58.5 0
      vertex -10 15 0
    endloop
  endfacet
  facet normal 0 0 -1
    outer loop
      vertex 10 58.5 0
      vertex -10 58.5 0
      vertex 10.0394 59 0
    endloop
  endfacet
  facet normal -0 0 -1
    outer loop
      vertex 10.0394 59 0
      vertex -10 58.5 0
      vertex -10.0394 59 0
    endloop
  endfacet
  facet normal 0 0 -1
    outer loop
      vertex -88.7 51.1642 0
      vertex -88.7626 51.2374 0
      vertex -88.7 58.5 0
    endloop
  endfacet
  facet normal 0 0 -1
    outer loop
      vertex -88.9714 51.4158 0
      vertex -88.7 58.5 0
      vertex -88.7626 51.2374 0
    endloop
  endfacet
  facet normal 0 0 -1
    outer loop
      vertex -89.2055 51.5593 0
      vertex -88.7 58.5 0
      vertex -88.9714 51.4158 0
    endloop
  endfacet
  facet normal 0 0 -1
    outer loop
      vertex -89.4592 51.6643 0
      vertex -88.7 58.5 0
      vertex -89.2055 51.5593 0
    endloop
  endfacet
  facet normal 0 0 -1
    outer loop
      vertex -89.7262 51.7285 0
      vertex -88.7 58.5 0
      vertex -89.4592 51.6643 0
    endloop
  endfacet
  facet normal 0 0 -1
    outer loop
      vertex -90 51.75 0
      vertex -88.7 58.5 0
      vertex -89.7262 51.7285 0
    endloop
  endfacet
  facet normal 0 0 -1
    outer loop
      vertex -90.2738 51.7285 0
      vertex -88.7 58.5 0
      vertex -90 51.75 0
    endloop
  endfacet
  facet normal 0 0 -1
    outer loop
      vertex -90.5408 51.6643 0
      vertex -88.7 58.5 0
      vertex -90.2738 51.7285 0
    endloop
  endfacet
  facet normal 0 0 -1
    outer loop
      vertex -95 59 0
      vertex -88.7 58.5 0
      vertex -90.5408 51.6643 0
    endloop
  endfacet
  facet normal 0 0 -1
    outer loop
      vertex -95 59 0
      vertex -90.5408 51.6643 0
      vertex -90.7945 51.5593 0
    endloop
  endfacet
  facet normal 0 0 -1
    outer loop
      vertex -95 59 0
      vertex -90.7945 51.5593 0
      vertex -91.0286 51.4158 0
    endloop
  endfacet
  facet normal 0 0 -1
    outer loop
      vertex -95 59 0
      vertex -91.0286 51.4158 0
      vertex -91.2374 51.2374 0
    endloop
  endfacet
  facet normal 0 0 -1
    outer loop
      vertex -99 55 0
      vertex -91.2374 51.2374 0
      vertex -91.4158 51.0286 0
    endloop
  endfacet
  facet normal 0 0 -1
    outer loop
      vertex -99 55 0
      vertex -91.4158 51.0286 0
      vertex -91.5593 50.7945 0
    endloop
  endfacet
  facet normal 0 0 -1
    outer loop
      vertex -99 55 0
      vertex -91.5593 50.7945 0
      vertex -91.6644 50.5408 0
    endloop
  endfacet
  facet normal 0 0 -1
    outer loop
      vertex -88.7 58.5 0
      vertex -95 59 0
      vertex -88.6607 59 0
    endloop
  endfacet
  facet normal 0 0 -1
    outer loop
      vertex -99 55 0
      vertex -91.6644 50.5408 0
      vertex -91.7285 50.2738 0
    endloop
  endfacet
  facet normal 0 0 -1
    outer loop
      vertex -99 55 0
      vertex -91.7285 50.2738 0
      vertex -91.75 50 0
    endloop
  endfacet
  facet normal 0 0 -1
    outer loop
      vertex -88.7 15 0
      vertex -99 55 0
      vertex -91.7285 49.7262 0
    endloop
  endfacet
  facet normal 0 0 -1
    outer loop
      vertex -99 -55 0
      vertex -95 -59 0
      vertex -95.6257 -58.9508 0
    endloop
  endfacet
  facet normal 0 0 -1
    outer loop
      vertex -91.7285 49.7262 0
      vertex -99 55 0
      vertex -91.75 50 0
    endloop
  endfacet
  facet normal 0 0 -1
    outer loop
      vertex -99 -55 0
      vertex -95.6257 -58.9508 0
      vertex -96.2361 -58.8042 0
    endloop
  endfacet
  facet normal 0 0 -1
    outer loop
      vertex -91.2374 51.2374 0
      vertex -99 55 0
      vertex -95 59 0
    endloop
  endfacet
  facet normal 0 0 -1
    outer loop
      vertex -99 -55 0
      vertex -96.2361 -58.8042 0
      vertex -96.816 -58.564 0
    endloop
  endfacet
  facet normal 0 0 -1
    outer loop
      vertex -95 59 0
      vertex -99 55 0
      vertex -95.6257 58.9508 0
    endloop
  endfacet
  facet normal 0 0 -1
    outer loop
      vertex -99 -55 0
      vertex -96.816 -58.564 0
      vertex -97.3511 -58.2361 0
    endloop
  endfacet
  facet normal 0 0 -1
    outer loop
      vertex -95.6257 58.9508 0
      vertex -99 55 0
      vertex -96.2361 58.8042 0
    endloop
  endfacet
  facet normal 0 0 -1
    outer loop
      vertex -99 -55 0
      vertex -97.3511 -58.2361 0
      vertex -97.8284 -57.8284 0
    endloop
  endfacet
  facet normal 0 0 -1
    outer loop
      vertex -96.2361 58.8042 0
      vertex -99 55 0
      vertex -96.816 58.564 0
    endloop
  endfacet
  facet normal 0 0 -1
    outer loop
      vertex -99 -55 0
      vertex -97.8284 -57.8284 0
      vertex -98.2361 -57.3511 0
    endloop
  endfacet
  facet normal 0 0 -1
    outer loop
      vertex -96.816 58.564 0
      vertex -99 55 0
      vertex -97.3511 58.2361 0
    endloop
  endfacet
  facet normal 0 0 -1
    outer loop
      vertex -99 -55 0
      vertex -98.2361 -57.3511 0
      vertex -98.564 -56.816 0
    endloop
  endfacet
  facet normal 0 0 -1
    outer loop
      vertex -97.3511 58.2361 0
      vertex -99 55 0
      vertex -97.8284 57.8284 0
    endloop
  endfacet
  facet normal 0 0 -1
    outer loop
      vertex -99 -55 0
      vertex -98.564 -56.816 0
      vertex -98.8042 -56.2361 0
    endloop
  endfacet
  facet normal 0 0 -1
    outer loop
      vertex -97.8284 57.8284 0
      vertex -99 55 0
      vertex -98.2361 57.3511 0
    endloop
  endfacet
  facet normal 0 0 -1
    outer loop
      vertex -99 -55 0
      vertex -98.8042 -56.2361 0
      vertex -98.9508 -55.6257 0
    endloop
  endfacet
  facet normal 0 0 -1
    outer loop
      vertex -98.2361 57.3511 0
      vertex -99 55 0
      vertex -98.564 56.816 0
    endloop
  endfacet
  facet normal 0 0 -1
    outer loop
      vertex -98.564 56.816 0
      vertex -99 55 0
      vertex -98.8042 56.2361 0
    endloop
  endfacet
  facet normal 0 0 -1
    outer loop
      vertex -98.8042 56.2361 0
      vertex -99 55 0
      vertex -98.9508 55.6257 0
    endloop
  endfacet
  facet normal -0.97235 0.23353 0
    outer loop
      vertex -98.9508 55.6257 0
      vertex -98.8042 56.2361 2.8
      vertex -98.8042 56.2361 0
    endloop
  endfacet
  facet normal -0.97235 0.23353 0
    outer loop
      vertex -98.8042 56.2361 2.8
      vertex -98.9508 55.6257 0
      vertex -98.9508 55.6257 2.8
    endloop
  endfacet
  facet normal -0.923881 0.38268 0
    outer loop
      vertex -98.8042 56.2361 0
      vertex -98.564 56.816 2.8
      vertex -98.564 56.816 0
    endloop
  endfacet
  facet normal -0.923881 0.38268 0
    outer loop
      vertex -98.564 56.816 2.8
      vertex -98.8042 56.2361 0
      vertex -98.8042 56.2361 2.8
    endloop
  endfacet
  facet normal -0.760369 0.649492 0
    outer loop
      vertex -98.2361 57.3511 0
      vertex -97.8284 57.8284 2.8
      vertex -97.8284 57.8284 0
    endloop
  endfacet
  facet normal -0.760369 0.649492 0
    outer loop
      vertex -97.8284 57.8284 2.8
      vertex -98.2361 57.3511 0
      vertex -98.2361 57.3511 2.8
    endloop
  endfacet
  facet normal 0 1 -0
    outer loop
      vertex -88.6607 59 0
      vertex -95 59 2.8
      vertex -88.6607 59 2.8
    endloop
  endfacet
  facet normal 0 1 0
    outer loop
      vertex -95 59 2.8
      vertex -88.6607 59 0
      vertex -95 59 0
    endloop
  endfacet
  facet normal 0 1 -0
    outer loop
      vertex 95 59 0
      vertex 88.6607 59 2.8
      vertex 95 59 2.8
    endloop
  endfacet
  facet normal 0 1 0
    outer loop
      vertex 88.6607 59 2.8
      vertex 95 59 0
      vertex 88.6607 59 0
    endloop
  endfacet
  facet normal 0 1 -0
    outer loop
      vertex 10.0394 59 0
      vertex -10.0394 59 2.8
      vertex 10.0394 59 2.8
    endloop
  endfacet
  facet normal 0 1 0
    outer loop
      vertex -10.0394 59 2.8
      vertex 10.0394 59 0
      vertex -10.0394 59 0
    endloop
  endfacet
  facet normal -0.522487 -0.852647 0
    outer loop
      vertex -97.3511 -58.2361 0
      vertex -96.816 -58.564 2.8
      vertex -97.3511 -58.2361 2.8
    endloop
  endfacet
  facet normal -0.522487 -0.852647 -0
    outer loop
      vertex -96.816 -58.564 2.8
      vertex -97.3511 -58.2361 0
      vertex -96.816 -58.564 0
    endloop
  endfacet
  facet normal -0.23353 -0.97235 0
    outer loop
      vertex -96.2361 -58.8042 0
      vertex -95.6257 -58.9508 2.8
      vertex -96.2361 -58.8042 2.8
    endloop
  endfacet
  facet normal -0.23353 -0.97235 -0
    outer loop
      vertex -95.6257 -58.9508 2.8
      vertex -96.2361 -58.8042 0
      vertex -95.6257 -58.9508 0
    endloop
  endfacet
  facet normal -0.760369 -0.649492 0
    outer loop
      vertex -97.8284 -57.8284 0
      vertex -98.2361 -57.3511 2.8
      vertex -98.2361 -57.3511 0
    endloop
  endfacet
  facet normal -0.760369 -0.649492 0
    outer loop
      vertex -98.2361 -57.3511 2.8
      vertex -97.8284 -57.8284 0
      vertex -97.8284 -57.8284 2.8
    endloop
  endfacet
  facet normal -0.923881 -0.38268 0
    outer loop
      vertex -98.564 -56.816 0
      vertex -98.8042 -56.2361 2.8
      vertex -98.8042 -56.2361 0
    endloop
  endfacet
  facet normal -0.923881 -0.38268 0
    outer loop
      vertex -98.8042 -56.2361 2.8
      vertex -98.564 -56.816 0
      vertex -98.564 -56.816 2.8
    endloop
  endfacet
  facet normal -0.996923 -0.07839 0
    outer loop
      vertex -98.9508 -55.6257 0
      vertex -99 -55 2.8
      vertex -99 -55 0
    endloop
  endfacet
  facet normal -0.996923 -0.07839 0
    outer loop
      vertex -99 -55 2.8
      vertex -98.9508 -55.6257 0
      vertex -98.9508 -55.6257 2.8
    endloop
  endfacet
  facet normal -0.23353 0.97235 0
    outer loop
      vertex -95.6257 58.9508 0
      vertex -96.2361 58.8042 2.8
      vertex -95.6257 58.9508 2.8
    endloop
  endfacet
  facet normal -0.23353 0.97235 0
    outer loop
      vertex -96.2361 58.8042 2.8
      vertex -95.6257 58.9508 0
      vertex -96.2361 58.8042 0
    endloop
  endfacet
  facet normal -0.649492 0.760369 0
    outer loop
      vertex -97.3511 58.2361 0
      vertex -97.8284 57.8284 2.8
      vertex -97.3511 58.2361 2.8
    endloop
  endfacet
  facet normal -0.649492 0.760369 0
    outer loop
      vertex -97.8284 57.8284 2.8
      vertex -97.3511 58.2361 0
      vertex -97.8284 57.8284 0
    endloop
  endfacet
  facet normal -0.07839 0.996923 0
    outer loop
      vertex -95 59 0
      vertex -95.6257 58.9508 2.8
      vertex -95 59 2.8
    endloop
  endfacet
  facet normal -0.07839 0.996923 0
    outer loop
      vertex -95.6257 58.9508 2.8
      vertex -95 59 0
      vertex -95.6257 58.9508 0
    endloop
  endfacet
  facet normal 0.38268 0.923881 -0
    outer loop
      vertex 96.816 58.564 0
      vertex 96.2361 58.8042 2.8
      vertex 96.816 58.564 2.8
    endloop
  endfacet
  facet normal 0.38268 0.923881 0
    outer loop
      vertex 96.2361 58.8042 2.8
      vertex 96.816 58.564 0
      vertex 96.2361 58.8042 0
    endloop
  endfacet
  facet normal 0.522487 0.852647 -0
    outer loop
      vertex 97.3511 58.2361 0
      vertex 96.816 58.564 2.8
      vertex 97.3511 58.2361 2.8
    endloop
  endfacet
  facet normal 0.522487 0.852647 0
    outer loop
      vertex 96.816 58.564 2.8
      vertex 97.3511 58.2361 0
      vertex 96.816 58.564 0
    endloop
  endfacet
  facet normal 0.852647 0.522487 0
    outer loop
      vertex 98.564 56.816 2.8
      vertex 98.2361 57.3511 0
      vertex 98.2361 57.3511 2.8
    endloop
  endfacet
  facet normal 0.852647 0.522487 0
    outer loop
      vertex 98.2361 57.3511 0
      vertex 98.564 56.816 2.8
      vertex 98.564 56.816 0
    endloop
  endfacet
  facet normal 0.760369 0.649492 0
    outer loop
      vertex 98.2361 57.3511 2.8
      vertex 97.8284 57.8284 0
      vertex 97.8284 57.8284 2.8
    endloop
  endfacet
  facet normal 0.760369 0.649492 0
    outer loop
      vertex 97.8284 57.8284 0
      vertex 98.2361 57.3511 2.8
      vertex 98.2361 57.3511 0
    endloop
  endfacet
  facet normal -0.07839 -0.996923 0
    outer loop
      vertex -95.6257 -58.9508 0
      vertex -95 -59 2.8
      vertex -95.6257 -58.9508 2.8
    endloop
  endfacet
  facet normal -0.07839 -0.996923 -0
    outer loop
      vertex -95 -59 2.8
      vertex -95.6257 -58.9508 0
      vertex -95 -59 0
    endloop
  endfacet
  facet normal -0.97235 -0.23353 0
    outer loop
      vertex -98.8042 -56.2361 0
      vertex -98.9508 -55.6257 2.8
      vertex -98.9508 -55.6257 0
    endloop
  endfacet
  facet normal -0.97235 -0.23353 0
    outer loop
      vertex -98.9508 -55.6257 2.8
      vertex -98.8042 -56.2361 0
      vertex -98.8042 -56.2361 2.8
    endloop
  endfacet
  facet normal -0.38268 0.923881 0
    outer loop
      vertex -96.2361 58.8042 0
      vertex -96.816 58.564 2.8
      vertex -96.2361 58.8042 2.8
    endloop
  endfacet
  facet normal -0.38268 0.923881 0
    outer loop
      vertex -96.816 58.564 2.8
      vertex -96.2361 58.8042 0
      vertex -96.816 58.564 0
    endloop
  endfacet
  facet normal 0.923881 0.38268 0
    outer loop
      vertex 98.8042 56.2361 2.8
      vertex 98.564 56.816 0
      vertex 98.564 56.816 2.8
    endloop
  endfacet
  facet normal 0.923881 0.38268 0
    outer loop
      vertex 98.564 56.816 0
      vertex 98.8042 56.2361 2.8
      vertex 98.8042 56.2361 0
    endloop
  endfacet
  facet normal 0.07839 0.996923 -0
    outer loop
      vertex 95.6257 58.9508 0
      vertex 95 59 2.8
      vertex 95.6257 58.9508 2.8
    endloop
  endfacet
  facet normal 0.07839 0.996923 0
    outer loop
      vertex 95 59 2.8
      vertex 95.6257 58.9508 0
      vertex 95 59 0
    endloop
  endfacet
  facet normal 0.23353 0.97235 -0
    outer loop
      vertex 96.2361 58.8042 0
      vertex 95.6257 58.9508 2.8
      vertex 96.2361 58.8042 2.8
    endloop
  endfacet
  facet normal 0.23353 0.97235 0
    outer loop
      vertex 95.6257 58.9508 2.8
      vertex 96.2361 58.8042 0
      vertex 95.6257 58.9508 0
    endloop
  endfacet
  facet normal 0.649492 0.760369 -0
    outer loop
      vertex 97.8284 57.8284 0
      vertex 97.3511 58.2361 2.8
      vertex 97.8284 57.8284 2.8
    endloop
  endfacet
  facet normal 0.649492 0.760369 0
    outer loop
      vertex 97.3511 58.2361 2.8
      vertex 97.8284 57.8284 0
      vertex 97.3511 58.2361 0
    endloop
  endfacet
  facet normal 0.07839 -0.996923 0
    outer loop
      vertex 95 -59 0
      vertex 95.6257 -58.9508 2.8
      vertex 95 -59 2.8
    endloop
  endfacet
  facet normal 0.07839 -0.996923 0
    outer loop
      vertex 95.6257 -58.9508 2.8
      vertex 95 -59 0
      vertex 95.6257 -58.9508 0
    endloop
  endfacet
  facet normal 0.852647 -0.522487 0
    outer loop
      vertex 98.2361 -57.3511 2.8
      vertex 98.564 -56.816 0
      vertex 98.564 -56.816 2.8
    endloop
  endfacet
  facet normal 0.852647 -0.522487 0
    outer loop
      vertex 98.564 -56.816 0
      vertex 98.2361 -57.3511 2.8
      vertex 98.2361 -57.3511 0
    endloop
  endfacet
  facet normal 0.38268 -0.923881 0
    outer loop
      vertex 96.2361 -58.8042 0
      vertex 96.816 -58.564 2.8
      vertex 96.2361 -58.8042 2.8
    endloop
  endfacet
  facet normal 0.38268 -0.923881 0
    outer loop
      vertex 96.816 -58.564 2.8
      vertex 96.2361 -58.8042 0
      vertex 96.816 -58.564 0
    endloop
  endfacet
  facet normal 0.97235 0.23353 0
    outer loop
      vertex 98.9508 55.6257 2.8
      vertex 98.8042 56.2361 0
      vertex 98.8042 56.2361 2.8
    endloop
  endfacet
  facet normal 0.97235 0.23353 0
    outer loop
      vertex 98.8042 56.2361 0
      vertex 98.9508 55.6257 2.8
      vertex 98.9508 55.6257 0
    endloop
  endfacet
  facet normal 0.996923 0.07839 0
    outer loop
      vertex 99 55 2.8
      vertex 98.9508 55.6257 0
      vertex 98.9508 55.6257 2.8
    endloop
  endfacet
  facet normal 0.996923 0.07839 0
    outer loop
      vertex 98.9508 55.6257 0
      vertex 99 55 2.8
      vertex 99 55 0
    endloop
  endfacet
  facet normal 0.97235 -0.23353 0
    outer loop
      vertex 98.8042 -56.2361 2.8
      vertex 98.9508 -55.6257 0
      vertex 98.9508 -55.6257 2.8
    endloop
  endfacet
  facet normal 0.97235 -0.23353 0
    outer loop
      vertex 98.9508 -55.6257 0
      vertex 98.8042 -56.2361 2.8
      vertex 98.8042 -56.2361 0
    endloop
  endfacet
  facet normal 0.996923 -0.07839 0
    outer loop
      vertex 98.9508 -55.6257 2.8
      vertex 99 -55 0
      vertex 99 -55 2.8
    endloop
  endfacet
  facet normal 0.996923 -0.07839 0
    outer loop
      vertex 99 -55 0
      vertex 98.9508 -55.6257 2.8
      vertex 98.9508 -55.6257 0
    endloop
  endfacet
  facet normal 0.522487 -0.852647 0
    outer loop
      vertex 96.816 -58.564 0
      vertex 97.3511 -58.2361 2.8
      vertex 96.816 -58.564 2.8
    endloop
  endfacet
  facet normal 0.522487 -0.852647 0
    outer loop
      vertex 97.3511 -58.2361 2.8
      vertex 96.816 -58.564 0
      vertex 97.3511 -58.2361 0
    endloop
  endfacet
  facet normal 0.23353 -0.97235 0
    outer loop
      vertex 95.6257 -58.9508 0
      vertex 96.2361 -58.8042 2.8
      vertex 95.6257 -58.9508 2.8
    endloop
  endfacet
  facet normal 0.23353 -0.97235 0
    outer loop
      vertex 96.2361 -58.8042 2.8
      vertex 95.6257 -58.9508 0
      vertex 96.2361 -58.8042 0
    endloop
  endfacet
  facet normal 0.923881 -0.38268 0
    outer loop
      vertex 98.564 -56.816 2.8
      vertex 98.8042 -56.2361 0
      vertex 98.8042 -56.2361 2.8
    endloop
  endfacet
  facet normal 0.923881 -0.38268 0
    outer loop
      vertex 98.8042 -56.2361 0
      vertex 98.564 -56.816 2.8
      vertex 98.564 -56.816 0
    endloop
  endfacet
  facet normal 0.760369 -0.649492 0
    outer loop
      vertex 97.8284 -57.8284 2.8
      vertex 98.2361 -57.3511 0
      vertex 98.2361 -57.3511 2.8
    endloop
  endfacet
  facet normal 0.760369 -0.649492 0
    outer loop
      vertex 98.2361 -57.3511 0
      vertex 97.8284 -57.8284 2.8
      vertex 97.8284 -57.8284 0
    endloop
  endfacet
  facet normal 0.649492 -0.760369 0
    outer loop
      vertex 97.3511 -58.2361 0
      vertex 97.8284 -57.8284 2.8
      vertex 97.3511 -58.2361 2.8
    endloop
  endfacet
  facet normal 0.649492 -0.760369 0
    outer loop
      vertex 97.8284 -57.8284 2.8
      vertex 97.3511 -58.2361 0
      vertex 97.8284 -57.8284 0
    endloop
  endfacet
  facet normal -0.522613 -0.85257 0
    outer loop
      vertex 90.7945 51.5593 0
      vertex 91.0286 51.4158 2.8
      vertex 90.7945 51.5593 2.8
    endloop
  endfacet
  facet normal -0.522613 -0.85257 -0
    outer loop
      vertex 91.0286 51.4158 2.8
      vertex 90.7945 51.5593 0
      vertex 91.0286 51.4158 0
    endloop
  endfacet
  facet normal -0.996931 0.0782835 0
    outer loop
      vertex 91.7285 49.7262 0
      vertex 91.75 50 2.8
      vertex 91.75 50 0
    endloop
  endfacet
  facet normal -0.996931 0.0782835 0
    outer loop
      vertex 91.75 50 2.8
      vertex 91.7285 49.7262 0
      vertex 91.7285 49.7262 2.8
    endloop
  endfacet
  facet normal 0.0782835 0.996931 -0
    outer loop
      vertex 90 48.25 0
      vertex 89.7262 48.2715 2.8
      vertex 90 48.25 2.8
    endloop
  endfacet
  facet normal 0.0782835 0.996931 0
    outer loop
      vertex 89.7262 48.2715 2.8
      vertex 90 48.25 0
      vertex 89.7262 48.2715 0
    endloop
  endfacet
  facet normal 0.382416 -0.92399 0
    outer loop
      vertex 89.2055 51.5593 0
      vertex 89.4592 51.6643 2.8
      vertex 89.2055 51.5593 2.8
    endloop
  endfacet
  facet normal 0.382416 -0.92399 0
    outer loop
      vertex 89.4592 51.6643 2.8
      vertex 89.2055 51.5593 0
      vertex 89.4592 51.6643 0
    endloop
  endfacet
  facet normal -0.972371 -0.233442 0
    outer loop
      vertex 91.7285 50.2738 0
      vertex 91.6644 50.5408 2.8
      vertex 91.6644 50.5408 0
    endloop
  endfacet
  facet normal -0.972371 -0.233442 0
    outer loop
      vertex 91.6644 50.5408 2.8
      vertex 91.7285 50.2738 0
      vertex 91.7285 50.2738 2.8
    endloop
  endfacet
  facet normal -0.923861 -0.382727 0
    outer loop
      vertex 91.6644 50.5408 0
      vertex 91.5593 50.7945 2.8
      vertex 91.5593 50.7945 0
    endloop
  endfacet
  facet normal -0.923861 -0.382727 0
    outer loop
      vertex 91.5593 50.7945 2.8
      vertex 91.6644 50.5408 0
      vertex 91.6644 50.5408 2.8
    endloop
  endfacet
  facet normal -0.649591 -0.760284 0
    outer loop
      vertex 91.0286 51.4158 0
      vertex 91.2374 51.2374 2.8
      vertex 91.0286 51.4158 2.8
    endloop
  endfacet
  facet normal -0.649591 -0.760284 -0
    outer loop
      vertex 91.2374 51.2374 2.8
      vertex 91.0286 51.4158 0
      vertex 91.2374 51.2374 0
    endloop
  endfacet
  facet normal -0.382416 -0.92399 0
    outer loop
      vertex 90.5408 51.6643 0
      vertex 90.7945 51.5593 2.8
      vertex 90.5408 51.6643 2.8
    endloop
  endfacet
  facet normal -0.382416 -0.92399 -0
    outer loop
      vertex 90.7945 51.5593 2.8
      vertex 90.5408 51.6643 0
      vertex 90.7945 51.5593 0
    endloop
  endfacet
  facet normal 0.0782835 -0.996931 0
    outer loop
      vertex 89.7262 51.7285 0
      vertex 90 51.75 2.8
      vertex 89.7262 51.7285 2.8
    endloop
  endfacet
  facet normal 0.0782835 -0.996931 0
    outer loop
      vertex 90 51.75 2.8
      vertex 89.7262 51.7285 0
      vertex 90 51.75 0
    endloop
  endfacet
  facet normal 0.233786 -0.972288 0
    outer loop
      vertex 89.4592 51.6643 0
      vertex 89.7262 51.7285 2.8
      vertex 89.4592 51.6643 2.8
    endloop
  endfacet
  facet normal 0.233786 -0.972288 0
    outer loop
      vertex 89.7262 51.7285 2.8
      vertex 89.4592 51.6643 0
      vertex 89.7262 51.7285 0
    endloop
  endfacet
  facet normal 0.759989 -0.649936 0
    outer loop
      vertex 88.7 51.1642 2.8
      vertex 88.7626 51.2374 0
      vertex 88.7626 51.2374 2.8
    endloop
  endfacet
  facet normal 0.759989 -0.649936 0
    outer loop
      vertex 88.7626 51.2374 0
      vertex 88.7 51.1642 2.8
      vertex 88.7 51.1642 0
    endloop
  endfacet
  facet normal -0.996931 -0.0782835 0
    outer loop
      vertex 91.75 50 0
      vertex 91.7285 50.2738 2.8
      vertex 91.7285 50.2738 0
    endloop
  endfacet
  facet normal -0.996931 -0.0782835 0
    outer loop
      vertex 91.7285 50.2738 2.8
      vertex 91.75 50 0
      vertex 91.75 50 2.8
    endloop
  endfacet
  facet normal -0.233786 0.972288 0
    outer loop
      vertex 90.5408 48.3357 0
      vertex 90.2738 48.2715 2.8
      vertex 90.5408 48.3357 2.8
    endloop
  endfacet
  facet normal -0.233786 0.972288 0
    outer loop
      vertex 90.2738 48.2715 2.8
      vertex 90.5408 48.3357 0
      vertex 90.2738 48.2715 0
    endloop
  endfacet
  facet normal -0.923861 0.382727 0
    outer loop
      vertex 91.5593 49.2055 0
      vertex 91.6644 49.4592 2.8
      vertex 91.6644 49.4592 0
    endloop
  endfacet
  facet normal -0.923861 0.382727 0
    outer loop
      vertex 91.6644 49.4592 2.8
      vertex 91.5593 49.2055 0
      vertex 91.5593 49.2055 2.8
    endloop
  endfacet
  facet normal -0.382416 0.92399 0
    outer loop
      vertex 90.7945 48.4407 0
      vertex 90.5408 48.3357 2.8
      vertex 90.7945 48.4407 2.8
    endloop
  endfacet
  facet normal -0.382416 0.92399 0
    outer loop
      vertex 90.5408 48.3357 2.8
      vertex 90.7945 48.4407 0
      vertex 90.5408 48.3357 0
    endloop
  endfacet
  facet normal -0.0782835 0.996931 0
    outer loop
      vertex 90.2738 48.2715 0
      vertex 90 48.25 2.8
      vertex 90.2738 48.2715 2.8
    endloop
  endfacet
  facet normal -0.0782835 0.996931 0
    outer loop
      vertex 90 48.25 2.8
      vertex 90.2738 48.2715 0
      vertex 90 48.25 0
    endloop
  endfacet
  facet normal 0.382416 0.92399 -0
    outer loop
      vertex 89.4592 48.3357 0
      vertex 89.2055 48.4407 2.8
      vertex 89.4592 48.3357 2.8
    endloop
  endfacet
  facet normal 0.382416 0.92399 0
    outer loop
      vertex 89.2055 48.4407 2.8
      vertex 89.4592 48.3357 0
      vertex 89.2055 48.4407 0
    endloop
  endfacet
  facet normal 0.522613 0.85257 -0
    outer loop
      vertex 89.2055 48.4407 0
      vertex 88.9714 48.5842 2.8
      vertex 89.2055 48.4407 2.8
    endloop
  endfacet
  facet normal 0.522613 0.85257 0
    outer loop
      vertex 88.9714 48.5842 2.8
      vertex 89.2055 48.4407 0
      vertex 88.9714 48.5842 0
    endloop
  endfacet
  facet normal -0.85257 -0.522613 0
    outer loop
      vertex 91.5593 50.7945 0
      vertex 91.4158 51.0286 2.8
      vertex 91.4158 51.0286 0
    endloop
  endfacet
  facet normal -0.85257 -0.522613 0
    outer loop
      vertex 91.4158 51.0286 2.8
      vertex 91.5593 50.7945 0
      vertex 91.5593 50.7945 2.8
    endloop
  endfacet
  facet normal -0.760284 -0.649591 0
    outer loop
      vertex 91.4158 51.0286 0
      vertex 91.2374 51.2374 2.8
      vertex 91.2374 51.2374 0
    endloop
  endfacet
  facet normal -0.760284 -0.649591 0
    outer loop
      vertex 91.2374 51.2374 2.8
      vertex 91.4158 51.0286 0
      vertex 91.4158 51.0286 2.8
    endloop
  endfacet
  facet normal -0.233786 -0.972288 0
    outer loop
      vertex 90.2738 51.7285 0
      vertex 90.5408 51.6643 2.8
      vertex 90.2738 51.7285 2.8
    endloop
  endfacet
  facet normal -0.233786 -0.972288 -0
    outer loop
      vertex 90.5408 51.6643 2.8
      vertex 90.2738 51.7285 0
      vertex 90.5408 51.6643 0
    endloop
  endfacet
  facet normal -0.0782835 -0.996931 0
    outer loop
      vertex 90 51.75 0
      vertex 90.2738 51.7285 2.8
      vertex 90 51.75 2.8
    endloop
  endfacet
  facet normal -0.0782835 -0.996931 -0
    outer loop
      vertex 90.2738 51.7285 2.8
      vertex 90 51.75 0
      vertex 90.2738 51.7285 0
    endloop
  endfacet
  facet normal 0.522613 -0.85257 0
    outer loop
      vertex 88.9714 51.4158 0
      vertex 89.2055 51.5593 2.8
      vertex 88.9714 51.4158 2.8
    endloop
  endfacet
  facet normal 0.522613 -0.85257 0
    outer loop
      vertex 89.2055 51.5593 2.8
      vertex 88.9714 51.4158 0
      vertex 89.2055 51.5593 0
    endloop
  endfacet
  facet normal 0.649591 -0.760284 0
    outer loop
      vertex 88.7626 51.2374 0
      vertex 88.9714 51.4158 2.8
      vertex 88.7626 51.2374 2.8
    endloop
  endfacet
  facet normal 0.649591 -0.760284 0
    outer loop
      vertex 88.9714 51.4158 2.8
      vertex 88.7626 51.2374 0
      vertex 88.9714 51.4158 0
    endloop
  endfacet
  facet normal -0.85257 0.522613 0
    outer loop
      vertex 91.4158 48.9714 0
      vertex 91.5593 49.2055 2.8
      vertex 91.5593 49.2055 0
    endloop
  endfacet
  facet normal -0.85257 0.522613 0
    outer loop
      vertex 91.5593 49.2055 2.8
      vertex 91.4158 48.9714 0
      vertex 91.4158 48.9714 2.8
    endloop
  endfacet
  facet normal -0.522613 0.85257 0
    outer loop
      vertex 91.0286 48.5842 0
      vertex 90.7945 48.4407 2.8
      vertex 91.0286 48.5842 2.8
    endloop
  endfacet
  facet normal -0.522613 0.85257 0
    outer loop
      vertex 90.7945 48.4407 2.8
      vertex 91.0286 48.5842 0
      vertex 90.7945 48.4407 0
    endloop
  endfacet
  facet normal -0.760284 0.649591 0
    outer loop
      vertex 91.2374 48.7626 0
      vertex 91.4158 48.9714 2.8
      vertex 91.4158 48.9714 0
    endloop
  endfacet
  facet normal -0.760284 0.649591 0
    outer loop
      vertex 91.4158 48.9714 2.8
      vertex 91.2374 48.7626 0
      vertex 91.2374 48.7626 2.8
    endloop
  endfacet
  facet normal -0.649591 0.760284 0
    outer loop
      vertex 91.2374 48.7626 0
      vertex 91.0286 48.5842 2.8
      vertex 91.2374 48.7626 2.8
    endloop
  endfacet
  facet normal -0.649591 0.760284 0
    outer loop
      vertex 91.0286 48.5842 2.8
      vertex 91.2374 48.7626 0
      vertex 91.0286 48.5842 0
    endloop
  endfacet
  facet normal 0.233786 0.972288 -0
    outer loop
      vertex 89.7262 48.2715 0
      vertex 89.4592 48.3357 2.8
      vertex 89.7262 48.2715 2.8
    endloop
  endfacet
  facet normal 0.233786 0.972288 0
    outer loop
      vertex 89.4592 48.3357 2.8
      vertex 89.7262 48.2715 0
      vertex 89.4592 48.3357 0
    endloop
  endfacet
  facet normal 0.649591 0.760284 -0
    outer loop
      vertex 88.9714 48.5842 0
      vertex 88.7626 48.7626 2.8
      vertex 88.9714 48.5842 2.8
    endloop
  endfacet
  facet normal 0.649591 0.760284 0
    outer loop
      vertex 88.7626 48.7626 2.8
      vertex 88.9714 48.5842 0
      vertex 88.7626 48.7626 0
    endloop
  endfacet
  facet normal -0.972371 0.233442 0
    outer loop
      vertex 91.6644 49.4592 0
      vertex 91.7285 49.7262 2.8
      vertex 91.7285 49.7262 0
    endloop
  endfacet
  facet normal -0.972371 0.233442 0
    outer loop
      vertex 91.7285 49.7262 2.8
      vertex 91.6644 49.4592 0
      vertex 91.6644 49.4592 2.8
    endloop
  endfacet
  facet normal 0.759989 0.649936 0
    outer loop
      vertex 88.7626 48.7626 2.8
      vertex 88.7 48.8358 0
      vertex 88.7 48.8358 2.8
    endloop
  endfacet
  facet normal 0.759989 0.649936 0
    outer loop
      vertex 88.7 48.8358 0
      vertex 88.7626 48.7626 2.8
      vertex 88.7626 48.7626 0
    endloop
  endfacet
  facet normal -0.522613 -0.85257 0
    outer loop
      vertex -89.2055 51.5593 0
      vertex -88.9714 51.4158 2.8
      vertex -89.2055 51.5593 2.8
    endloop
  endfacet
  facet normal -0.522613 -0.85257 -0
    outer loop
      vertex -88.9714 51.4158 2.8
      vertex -89.2055 51.5593 0
      vertex -88.9714 51.4158 0
    endloop
  endfacet
  facet normal 0.382416 -0.92399 0
    outer loop
      vertex -90.7945 51.5593 0
      vertex -90.5408 51.6643 2.8
      vertex -90.7945 51.5593 2.8
    endloop
  endfacet
  facet normal 0.382416 -0.92399 0
    outer loop
      vertex -90.5408 51.6643 2.8
      vertex -90.7945 51.5593 0
      vertex -90.5408 51.6643 0
    endloop
  endfacet
  facet normal 0.85257 -0.522613 0
    outer loop
      vertex -91.5593 50.7945 2.8
      vertex -91.4158 51.0286 0
      vertex -91.4158 51.0286 2.8
    endloop
  endfacet
  facet normal 0.85257 -0.522613 0
    outer loop
      vertex -91.4158 51.0286 0
      vertex -91.5593 50.7945 2.8
      vertex -91.5593 50.7945 0
    endloop
  endfacet
  facet normal -0.233786 0.972288 0
    outer loop
      vertex -89.4592 48.3357 0
      vertex -89.7262 48.2715 2.8
      vertex -89.4592 48.3357 2.8
    endloop
  endfacet
  facet normal -0.233786 0.972288 0
    outer loop
      vertex -89.7262 48.2715 2.8
      vertex -89.4592 48.3357 0
      vertex -89.7262 48.2715 0
    endloop
  endfacet
  facet normal -0.759989 -0.649936 0
    outer loop
      vertex -88.7 51.1642 0
      vertex -88.7626 51.2374 2.8
      vertex -88.7626 51.2374 0
    endloop
  endfacet
  facet normal -0.759989 -0.649936 0
    outer loop
      vertex -88.7626 51.2374 2.8
      vertex -88.7 51.1642 0
      vertex -88.7 51.1642 2.8
    endloop
  endfacet
  facet normal -0.0782835 -0.996931 0
    outer loop
      vertex -90 51.75 0
      vertex -89.7262 51.7285 2.8
      vertex -90 51.75 2.8
    endloop
  endfacet
  facet normal -0.0782835 -0.996931 -0
    outer loop
      vertex -89.7262 51.7285 2.8
      vertex -90 51.75 0
      vertex -89.7262 51.7285 0
    endloop
  endfacet
  facet normal -0.649591 -0.760284 0
    outer loop
      vertex -88.9714 51.4158 0
      vertex -88.7626 51.2374 2.8
      vertex -88.9714 51.4158 2.8
    endloop
  endfacet
  facet normal -0.649591 -0.760284 -0
    outer loop
      vertex -88.7626 51.2374 2.8
      vertex -88.9714 51.4158 0
      vertex -88.7626 51.2374 0
    endloop
  endfacet
  facet normal 0.996931 -0.0782835 0
    outer loop
      vertex -91.75 50 2.8
      vertex -91.7285 50.2738 0
      vertex -91.7285 50.2738 2.8
    endloop
  endfacet
  facet normal 0.996931 -0.0782835 0
    outer loop
      vertex -91.7285 50.2738 0
      vertex -91.75 50 2.8
      vertex -91.75 50 0
    endloop
  endfacet
  facet normal 0.972371 -0.233442 0
    outer loop
      vertex -91.7285 50.2738 2.8
      vertex -91.6644 50.5408 0
      vertex -91.6644 50.5408 2.8
    endloop
  endfacet
  facet normal 0.972371 -0.233442 0
    outer loop
      vertex -91.6644 50.5408 0
      vertex -91.7285 50.2738 2.8
      vertex -91.7285 50.2738 0
    endloop
  endfacet
  facet normal 0.760284 -0.649591 0
    outer loop
      vertex -91.4158 51.0286 2.8
      vertex -91.2374 51.2374 0
      vertex -91.2374 51.2374 2.8
    endloop
  endfacet
  facet normal 0.760284 -0.649591 0
    outer loop
      vertex -91.2374 51.2374 0
      vertex -91.4158 51.0286 2.8
      vertex -91.4158 51.0286 0
    endloop
  endfacet
  facet normal 0.522613 -0.85257 0
    outer loop
      vertex -91.0286 51.4158 0
      vertex -90.7945 51.5593 2.8
      vertex -91.0286 51.4158 2.8
    endloop
  endfacet
  facet normal 0.522613 -0.85257 0
    outer loop
      vertex -90.7945 51.5593 2.8
      vertex -91.0286 51.4158 0
      vertex -90.7945 51.5593 0
    endloop
  endfacet
  facet normal 0.0782835 -0.996931 0
    outer loop
      vertex -90.2738 51.7285 0
      vertex -90 51.75 2.8
      vertex -90.2738 51.7285 2.8
    endloop
  endfacet
  facet normal 0.0782835 -0.996931 0
    outer loop
      vertex -90 51.75 2.8
      vertex -90.2738 51.7285 0
      vertex -90 51.75 0
    endloop
  endfacet
  facet normal 0.649591 -0.760284 0
    outer loop
      vertex -91.2374 51.2374 0
      vertex -91.0286 51.4158 2.8
      vertex -91.2374 51.2374 2.8
    endloop
  endfacet
  facet normal 0.649591 -0.760284 0
    outer loop
      vertex -91.0286 51.4158 2.8
      vertex -91.2374 51.2374 0
      vertex -91.0286 51.4158 0
    endloop
  endfacet
  facet normal 0.233786 0.972288 -0
    outer loop
      vertex -90.2738 48.2715 0
      vertex -90.5408 48.3357 2.8
      vertex -90.2738 48.2715 2.8
    endloop
  endfacet
  facet normal 0.233786 0.972288 0
    outer loop
      vertex -90.5408 48.3357 2.8
      vertex -90.2738 48.2715 0
      vertex -90.5408 48.3357 0
    endloop
  endfacet
  facet normal -0.382416 -0.92399 0
    outer loop
      vertex -89.4592 51.6643 0
      vertex -89.2055 51.5593 2.8
      vertex -89.4592 51.6643 2.8
    endloop
  endfacet
  facet normal -0.382416 -0.92399 -0
    outer loop
      vertex -89.2055 51.5593 2.8
      vertex -89.4592 51.6643 0
      vertex -89.2055 51.5593 0
    endloop
  endfacet
  facet normal -0.233786 -0.972288 0
    outer loop
      vertex -89.7262 51.7285 0
      vertex -89.4592 51.6643 2.8
      vertex -89.7262 51.7285 2.8
    endloop
  endfacet
  facet normal -0.233786 -0.972288 -0
    outer loop
      vertex -89.4592 51.6643 2.8
      vertex -89.7262 51.7285 0
      vertex -89.4592 51.6643 0
    endloop
  endfacet
  facet normal 0.0782835 0.996931 -0
    outer loop
      vertex -90 48.25 0
      vertex -90.2738 48.2715 2.8
      vertex -90 48.25 2.8
    endloop
  endfacet
  facet normal 0.0782835 0.996931 0
    outer loop
      vertex -90.2738 48.2715 2.8
      vertex -90 48.25 0
      vertex -90.2738 48.2715 0
    endloop
  endfacet
  facet normal 0.996931 0.0782835 0
    outer loop
      vertex -91.7285 49.7262 2.8
      vertex -91.75 50 0
      vertex -91.75 50 2.8
    endloop
  endfacet
  facet normal 0.996931 0.0782835 0
    outer loop
      vertex -91.75 50 0
      vertex -91.7285 49.7262 2.8
      vertex -91.7285 49.7262 0
    endloop
  endfacet
  facet normal 0.972371 0.233442 0
    outer loop
      vertex -91.6644 49.4592 2.8
      vertex -91.7285 49.7262 0
      vertex -91.7285 49.7262 2.8
    endloop
  endfacet
  facet normal 0.972371 0.233442 0
    outer loop
      vertex -91.7285 49.7262 0
      vertex -91.6644 49.4592 2.8
      vertex -91.6644 49.4592 0
    endloop
  endfacet
  facet normal 0.85257 0.522613 0
    outer loop
      vertex -91.4158 48.9714 2.8
      vertex -91.5593 49.2055 0
      vertex -91.5593 49.2055 2.8
    endloop
  endfacet
  facet normal 0.85257 0.522613 0
    outer loop
      vertex -91.5593 49.2055 0
      vertex -91.4158 48.9714 2.8
      vertex -91.4158 48.9714 0
    endloop
  endfacet
  facet normal 0.923861 -0.382727 0
    outer loop
      vertex -91.6644 50.5408 2.8
      vertex -91.5593 50.7945 0
      vertex -91.5593 50.7945 2.8
    endloop
  endfacet
  facet normal 0.923861 -0.382727 0
    outer loop
      vertex -91.5593 50.7945 0
      vertex -91.6644 50.5408 2.8
      vertex -91.6644 50.5408 0
    endloop
  endfacet
  facet normal 0.233786 -0.972288 0
    outer loop
      vertex -90.5408 51.6643 0
      vertex -90.2738 51.7285 2.8
      vertex -90.5408 51.6643 2.8
    endloop
  endfacet
  facet normal 0.233786 -0.972288 0
    outer loop
      vertex -90.2738 51.7285 2.8
      vertex -90.5408 51.6643 0
      vertex -90.2738 51.7285 0
    endloop
  endfacet
  facet normal -0.522613 0.85257 0
    outer loop
      vertex -88.9714 48.5842 0
      vertex -89.2055 48.4407 2.8
      vertex -88.9714 48.5842 2.8
    endloop
  endfacet
  facet normal -0.522613 0.85257 0
    outer loop
      vertex -89.2055 48.4407 2.8
      vertex -88.9714 48.5842 0
      vertex -89.2055 48.4407 0
    endloop
  endfacet
  facet normal -0.759989 0.649936 0
    outer loop
      vertex -88.7626 48.7626 0
      vertex -88.7 48.8358 2.8
      vertex -88.7 48.8358 0
    endloop
  endfacet
  facet normal -0.759989 0.649936 0
    outer loop
      vertex -88.7 48.8358 2.8
      vertex -88.7626 48.7626 0
      vertex -88.7626 48.7626 2.8
    endloop
  endfacet
  facet normal 0.522613 0.85257 -0
    outer loop
      vertex -90.7945 48.4407 0
      vertex -91.0286 48.5842 2.8
      vertex -90.7945 48.4407 2.8
    endloop
  endfacet
  facet normal 0.522613 0.85257 0
    outer loop
      vertex -91.0286 48.5842 2.8
      vertex -90.7945 48.4407 0
      vertex -91.0286 48.5842 0
    endloop
  endfacet
  facet normal 0.923861 0.382727 0
    outer loop
      vertex -91.5593 49.2055 2.8
      vertex -91.6644 49.4592 0
      vertex -91.6644 49.4592 2.8
    endloop
  endfacet
  facet normal 0.923861 0.382727 0
    outer loop
      vertex -91.6644 49.4592 0
      vertex -91.5593 49.2055 2.8
      vertex -91.5593 49.2055 0
    endloop
  endfacet
  facet normal 0.760284 0.649591 0
    outer loop
      vertex -91.2374 48.7626 2.8
      vertex -91.4158 48.9714 0
      vertex -91.4158 48.9714 2.8
    endloop
  endfacet
  facet normal 0.760284 0.649591 0
    outer loop
      vertex -91.4158 48.9714 0
      vertex -91.2374 48.7626 2.8
      vertex -91.2374 48.7626 0
    endloop
  endfacet
  facet normal -0.382416 0.92399 0
    outer loop
      vertex -89.2055 48.4407 0
      vertex -89.4592 48.3357 2.8
      vertex -89.2055 48.4407 2.8
    endloop
  endfacet
  facet normal -0.382416 0.92399 0
    outer loop
      vertex -89.4592 48.3357 2.8
      vertex -89.2055 48.4407 0
      vertex -89.4592 48.3357 0
    endloop
  endfacet
  facet normal -0.649591 0.760284 0
    outer loop
      vertex -88.7626 48.7626 0
      vertex -88.9714 48.5842 2.8
      vertex -88.7626 48.7626 2.8
    endloop
  endfacet
  facet normal -0.649591 0.760284 0
    outer loop
      vertex -88.9714 48.5842 2.8
      vertex -88.7626 48.7626 0
      vertex -88.9714 48.5842 0
    endloop
  endfacet
  facet normal 0.382416 0.92399 -0
    outer loop
      vertex -90.5408 48.3357 0
      vertex -90.7945 48.4407 2.8
      vertex -90.5408 48.3357 2.8
    endloop
  endfacet
  facet normal 0.382416 0.92399 0
    outer loop
      vertex -90.7945 48.4407 2.8
      vertex -90.5408 48.3357 0
      vertex -90.7945 48.4407 0
    endloop
  endfacet
  facet normal 0.649591 0.760284 -0
    outer loop
      vertex -91.0286 48.5842 0
      vertex -91.2374 48.7626 2.8
      vertex -91.0286 48.5842 2.8
    endloop
  endfacet
  facet normal 0.649591 0.760284 0
    outer loop
      vertex -91.2374 48.7626 2.8
      vertex -91.0286 48.5842 0
      vertex -91.2374 48.7626 0
    endloop
  endfacet
  facet normal -0.0782835 0.996931 0
    outer loop
      vertex -89.7262 48.2715 0
      vertex -90 48.25 2.8
      vertex -89.7262 48.2715 2.8
    endloop
  endfacet
  facet normal -0.0782835 0.996931 0
    outer loop
      vertex -90 48.25 2.8
      vertex -89.7262 48.2715 0
      vertex -90 48.25 0
    endloop
  endfacet
  facet normal -0.996931 -0.0782835 0
    outer loop
      vertex 91.75 -50 0
      vertex 91.7285 -49.7262 2.8
      vertex 91.7285 -49.7262 0
    endloop
  endfacet
  facet normal -0.996931 -0.0782835 0
    outer loop
      vertex 91.7285 -49.7262 2.8
      vertex 91.75 -50 0
      vertex 91.75 -50 2.8
    endloop
  endfacet
  facet normal 0.0782835 -0.996931 0
    outer loop
      vertex 89.7262 -48.2715 0
      vertex 90 -48.25 2.8
      vertex 89.7262 -48.2715 2.8
    endloop
  endfacet
  facet normal 0.0782835 -0.996931 0
    outer loop
      vertex 90 -48.25 2.8
      vertex 89.7262 -48.2715 0
      vertex 90 -48.25 0
    endloop
  endfacet
  facet normal -0.649591 -0.760284 0
    outer loop
      vertex 91.0286 -48.5842 0
      vertex 91.2374 -48.7626 2.8
      vertex 91.0286 -48.5842 2.8
    endloop
  endfacet
  facet normal -0.649591 -0.760284 -0
    outer loop
      vertex 91.2374 -48.7626 2.8
      vertex 91.0286 -48.5842 0
      vertex 91.2374 -48.7626 0
    endloop
  endfacet
  facet normal 0.759989 -0.649936 0
    outer loop
      vertex 88.7 -48.8358 2.8
      vertex 88.7626 -48.7626 0
      vertex 88.7626 -48.7626 2.8
    endloop
  endfacet
  facet normal 0.759989 -0.649936 0
    outer loop
      vertex 88.7626 -48.7626 0
      vertex 88.7 -48.8358 2.8
      vertex 88.7 -48.8358 0
    endloop
  endfacet
  facet normal 0.382416 -0.92399 0
    outer loop
      vertex 89.2055 -48.4407 0
      vertex 89.4592 -48.3357 2.8
      vertex 89.2055 -48.4407 2.8
    endloop
  endfacet
  facet normal 0.382416 -0.92399 0
    outer loop
      vertex 89.4592 -48.3357 2.8
      vertex 89.2055 -48.4407 0
      vertex 89.4592 -48.3357 0
    endloop
  endfacet
  facet normal -0.923861 -0.382727 0
    outer loop
      vertex 91.6644 -49.4592 0
      vertex 91.5593 -49.2055 2.8
      vertex 91.5593 -49.2055 0
    endloop
  endfacet
  facet normal -0.923861 -0.382727 0
    outer loop
      vertex 91.5593 -49.2055 2.8
      vertex 91.6644 -49.4592 0
      vertex 91.6644 -49.4592 2.8
    endloop
  endfacet
  facet normal -0.972371 -0.233442 0
    outer loop
      vertex 91.7285 -49.7262 0
      vertex 91.6644 -49.4592 2.8
      vertex 91.6644 -49.4592 0
    endloop
  endfacet
  facet normal -0.972371 -0.233442 0
    outer loop
      vertex 91.6644 -49.4592 2.8
      vertex 91.7285 -49.7262 0
      vertex 91.7285 -49.7262 2.8
    endloop
  endfacet
  facet normal -0.233786 -0.972288 0
    outer loop
      vertex 90.2738 -48.2715 0
      vertex 90.5408 -48.3357 2.8
      vertex 90.2738 -48.2715 2.8
    endloop
  endfacet
  facet normal -0.233786 -0.972288 -0
    outer loop
      vertex 90.5408 -48.3357 2.8
      vertex 90.2738 -48.2715 0
      vertex 90.5408 -48.3357 0
    endloop
  endfacet
  facet normal -0.0782835 -0.996931 0
    outer loop
      vertex 90 -48.25 0
      vertex 90.2738 -48.2715 2.8
      vertex 90 -48.25 2.8
    endloop
  endfacet
  facet normal -0.0782835 -0.996931 -0
    outer loop
      vertex 90.2738 -48.2715 2.8
      vertex 90 -48.25 0
      vertex 90.2738 -48.2715 0
    endloop
  endfacet
  facet normal -0.522613 -0.85257 0
    outer loop
      vertex 90.7945 -48.4407 0
      vertex 91.0286 -48.5842 2.8
      vertex 90.7945 -48.4407 2.8
    endloop
  endfacet
  facet normal -0.522613 -0.85257 -0
    outer loop
      vertex 91.0286 -48.5842 2.8
      vertex 90.7945 -48.4407 0
      vertex 91.0286 -48.5842 0
    endloop
  endfacet
  facet normal 0.649591 -0.760284 0
    outer loop
      vertex 88.7626 -48.7626 0
      vertex 88.9714 -48.5842 2.8
      vertex 88.7626 -48.7626 2.8
    endloop
  endfacet
  facet normal 0.649591 -0.760284 0
    outer loop
      vertex 88.9714 -48.5842 2.8
      vertex 88.7626 -48.7626 0
      vertex 88.9714 -48.5842 0
    endloop
  endfacet
  facet normal 0.233786 -0.972288 0
    outer loop
      vertex 89.4592 -48.3357 0
      vertex 89.7262 -48.2715 2.8
      vertex 89.4592 -48.3357 2.8
    endloop
  endfacet
  facet normal 0.233786 -0.972288 0
    outer loop
      vertex 89.7262 -48.2715 2.8
      vertex 89.4592 -48.3357 0
      vertex 89.7262 -48.2715 0
    endloop
  endfacet
  facet normal -0.996931 0.0782835 0
    outer loop
      vertex 91.7285 -50.2738 0
      vertex 91.75 -50 2.8
      vertex 91.75 -50 0
    endloop
  endfacet
  facet normal -0.996931 0.0782835 0
    outer loop
      vertex 91.75 -50 2.8
      vertex 91.7285 -50.2738 0
      vertex 91.7285 -50.2738 2.8
    endloop
  endfacet
  facet normal 0.0782835 0.996931 -0
    outer loop
      vertex 90 -51.75 0
      vertex 89.7262 -51.7285 2.8
      vertex 90 -51.75 2.8
    endloop
  endfacet
  facet normal 0.0782835 0.996931 0
    outer loop
      vertex 89.7262 -51.7285 2.8
      vertex 90 -51.75 0
      vertex 89.7262 -51.7285 0
    endloop
  endfacet
  facet normal -0.760284 -0.649591 0
    outer loop
      vertex 91.4158 -48.9714 0
      vertex 91.2374 -48.7626 2.8
      vertex 91.2374 -48.7626 0
    endloop
  endfacet
  facet normal -0.760284 -0.649591 0
    outer loop
      vertex 91.2374 -48.7626 2.8
      vertex 91.4158 -48.9714 0
      vertex 91.4158 -48.9714 2.8
    endloop
  endfacet
  facet normal -0.85257 -0.522613 0
    outer loop
      vertex 91.5593 -49.2055 0
      vertex 91.4158 -48.9714 2.8
      vertex 91.4158 -48.9714 0
    endloop
  endfacet
  facet normal -0.85257 -0.522613 0
    outer loop
      vertex 91.4158 -48.9714 2.8
      vertex 91.5593 -49.2055 0
      vertex 91.5593 -49.2055 2.8
    endloop
  endfacet
  facet normal -0.382416 -0.92399 0
    outer loop
      vertex 90.5408 -48.3357 0
      vertex 90.7945 -48.4407 2.8
      vertex 90.5408 -48.3357 2.8
    endloop
  endfacet
  facet normal -0.382416 -0.92399 -0
    outer loop
      vertex 90.7945 -48.4407 2.8
      vertex 90.5408 -48.3357 0
      vertex 90.7945 -48.4407 0
    endloop
  endfacet
  facet normal -0.972371 0.233442 0
    outer loop
      vertex 91.6644 -50.5408 0
      vertex 91.7285 -50.2738 2.8
      vertex 91.7285 -50.2738 0
    endloop
  endfacet
  facet normal -0.972371 0.233442 0
    outer loop
      vertex 91.7285 -50.2738 2.8
      vertex 91.6644 -50.5408 0
      vertex 91.6644 -50.5408 2.8
    endloop
  endfacet
  facet normal -0.233786 0.972288 0
    outer loop
      vertex 90.5408 -51.6643 0
      vertex 90.2738 -51.7285 2.8
      vertex 90.5408 -51.6643 2.8
    endloop
  endfacet
  facet normal -0.233786 0.972288 0
    outer loop
      vertex 90.2738 -51.7285 2.8
      vertex 90.5408 -51.6643 0
      vertex 90.2738 -51.7285 0
    endloop
  endfacet
  facet normal 0.522613 -0.85257 0
    outer loop
      vertex 88.9714 -48.5842 0
      vertex 89.2055 -48.4407 2.8
      vertex 88.9714 -48.5842 2.8
    endloop
  endfacet
  facet normal 0.522613 -0.85257 0
    outer loop
      vertex 89.2055 -48.4407 2.8
      vertex 88.9714 -48.5842 0
      vertex 89.2055 -48.4407 0
    endloop
  endfacet
  facet normal -0.85257 0.522613 0
    outer loop
      vertex 91.4158 -51.0286 0
      vertex 91.5593 -50.7945 2.8
      vertex 91.5593 -50.7945 0
    endloop
  endfacet
  facet normal -0.85257 0.522613 0
    outer loop
      vertex 91.5593 -50.7945 2.8
      vertex 91.4158 -51.0286 0
      vertex 91.4158 -51.0286 2.8
    endloop
  endfacet
  facet normal -0.522613 0.85257 0
    outer loop
      vertex 91.0286 -51.4158 0
      vertex 90.7945 -51.5593 2.8
      vertex 91.0286 -51.4158 2.8
    endloop
  endfacet
  facet normal -0.522613 0.85257 0
    outer loop
      vertex 90.7945 -51.5593 2.8
      vertex 91.0286 -51.4158 0
      vertex 90.7945 -51.5593 0
    endloop
  endfacet
  facet normal -0.760284 0.649591 0
    outer loop
      vertex 91.2374 -51.2374 0
      vertex 91.4158 -51.0286 2.8
      vertex 91.4158 -51.0286 0
    endloop
  endfacet
  facet normal -0.760284 0.649591 0
    outer loop
      vertex 91.4158 -51.0286 2.8
      vertex 91.2374 -51.2374 0
      vertex 91.2374 -51.2374 2.8
    endloop
  endfacet
  facet normal -0.923861 0.382727 0
    outer loop
      vertex 91.5593 -50.7945 0
      vertex 91.6644 -50.5408 2.8
      vertex 91.6644 -50.5408 0
    endloop
  endfacet
  facet normal -0.923861 0.382727 0
    outer loop
      vertex 91.6644 -50.5408 2.8
      vertex 91.5593 -50.7945 0
      vertex 91.5593 -50.7945 2.8
    endloop
  endfacet
  facet normal -0.0782835 0.996931 0
    outer loop
      vertex 90.2738 -51.7285 0
      vertex 90 -51.75 2.8
      vertex 90.2738 -51.7285 2.8
    endloop
  endfacet
  facet normal -0.0782835 0.996931 0
    outer loop
      vertex 90 -51.75 2.8
      vertex 90.2738 -51.7285 0
      vertex 90 -51.75 0
    endloop
  endfacet
  facet normal 0.649591 0.760284 -0
    outer loop
      vertex 88.9714 -51.4158 0
      vertex 88.7626 -51.2374 2.8
      vertex 88.9714 -51.4158 2.8
    endloop
  endfacet
  facet normal 0.649591 0.760284 0
    outer loop
      vertex 88.7626 -51.2374 2.8
      vertex 88.9714 -51.4158 0
      vertex 88.7626 -51.2374 0
    endloop
  endfacet
  facet normal -0.382416 0.92399 0
    outer loop
      vertex 90.7945 -51.5593 0
      vertex 90.5408 -51.6643 2.8
      vertex 90.7945 -51.5593 2.8
    endloop
  endfacet
  facet normal -0.382416 0.92399 0
    outer loop
      vertex 90.5408 -51.6643 2.8
      vertex 90.7945 -51.5593 0
      vertex 90.5408 -51.6643 0
    endloop
  endfacet
  facet normal -0.649591 0.760284 0
    outer loop
      vertex 91.2374 -51.2374 0
      vertex 91.0286 -51.4158 2.8
      vertex 91.2374 -51.2374 2.8
    endloop
  endfacet
  facet normal -0.649591 0.760284 0
    outer loop
      vertex 91.0286 -51.4158 2.8
      vertex 91.2374 -51.2374 0
      vertex 91.0286 -51.4158 0
    endloop
  endfacet
  facet normal 0.522613 0.85257 -0
    outer loop
      vertex 89.2055 -51.5593 0
      vertex 88.9714 -51.4158 2.8
      vertex 89.2055 -51.5593 2.8
    endloop
  endfacet
  facet normal 0.522613 0.85257 0
    outer loop
      vertex 88.9714 -51.4158 2.8
      vertex 89.2055 -51.5593 0
      vertex 88.9714 -51.4158 0
    endloop
  endfacet
  facet normal 0.759989 0.649936 0
    outer loop
      vertex 88.7626 -51.2374 2.8
      vertex 88.7 -51.1642 0
      vertex 88.7 -51.1642 2.8
    endloop
  endfacet
  facet normal 0.759989 0.649936 0
    outer loop
      vertex 88.7 -51.1642 0
      vertex 88.7626 -51.2374 2.8
      vertex 88.7626 -51.2374 0
    endloop
  endfacet
  facet normal 0.382416 0.92399 -0
    outer loop
      vertex 89.4592 -51.6643 0
      vertex 89.2055 -51.5593 2.8
      vertex 89.4592 -51.6643 2.8
    endloop
  endfacet
  facet normal 0.382416 0.92399 0
    outer loop
      vertex 89.2055 -51.5593 2.8
      vertex 89.4592 -51.6643 0
      vertex 89.2055 -51.5593 0
    endloop
  endfacet
  facet normal 0.233786 0.972288 -0
    outer loop
      vertex 89.7262 -51.7285 0
      vertex 89.4592 -51.6643 2.8
      vertex 89.7262 -51.7285 2.8
    endloop
  endfacet
  facet normal 0.233786 0.972288 0
    outer loop
      vertex 89.4592 -51.6643 2.8
      vertex 89.7262 -51.7285 0
      vertex 89.4592 -51.6643 0
    endloop
  endfacet
  facet normal 0.996931 -0.0782835 0
    outer loop
      vertex -91.75 -50 2.8
      vertex -91.7285 -49.7262 0
      vertex -91.7285 -49.7262 2.8
    endloop
  endfacet
  facet normal 0.996931 -0.0782835 0
    outer loop
      vertex -91.7285 -49.7262 0
      vertex -91.75 -50 2.8
      vertex -91.75 -50 0
    endloop
  endfacet
  facet normal 0.0782835 -0.996931 0
    outer loop
      vertex -90.2738 -48.2715 0
      vertex -90 -48.25 2.8
      vertex -90.2738 -48.2715 2.8
    endloop
  endfacet
  facet normal 0.0782835 -0.996931 0
    outer loop
      vertex -90 -48.25 2.8
      vertex -90.2738 -48.2715 0
      vertex -90 -48.25 0
    endloop
  endfacet
  facet normal -0.649591 -0.760284 0
    outer loop
      vertex -88.9714 -48.5842 0
      vertex -88.7626 -48.7626 2.8
      vertex -88.9714 -48.5842 2.8
    endloop
  endfacet
  facet normal -0.649591 -0.760284 -0
    outer loop
      vertex -88.7626 -48.7626 2.8
      vertex -88.9714 -48.5842 0
      vertex -88.7626 -48.7626 0
    endloop
  endfacet
  facet normal 0.649591 -0.760284 0
    outer loop
      vertex -91.2374 -48.7626 0
      vertex -91.0286 -48.5842 2.8
      vertex -91.2374 -48.7626 2.8
    endloop
  endfacet
  facet normal 0.649591 -0.760284 0
    outer loop
      vertex -91.0286 -48.5842 2.8
      vertex -91.2374 -48.7626 0
      vertex -91.0286 -48.5842 0
    endloop
  endfacet
  facet normal 0.382416 -0.92399 0
    outer loop
      vertex -90.7945 -48.4407 0
      vertex -90.5408 -48.3357 2.8
      vertex -90.7945 -48.4407 2.8
    endloop
  endfacet
  facet normal 0.382416 -0.92399 0
    outer loop
      vertex -90.5408 -48.3357 2.8
      vertex -90.7945 -48.4407 0
      vertex -90.5408 -48.3357 0
    endloop
  endfacet
  facet normal -0.233786 -0.972288 0
    outer loop
      vertex -89.7262 -48.2715 0
      vertex -89.4592 -48.3357 2.8
      vertex -89.7262 -48.2715 2.8
    endloop
  endfacet
  facet normal -0.233786 -0.972288 -0
    outer loop
      vertex -89.4592 -48.3357 2.8
      vertex -89.7262 -48.2715 0
      vertex -89.4592 -48.3357 0
    endloop
  endfacet
  facet normal -0.0782835 -0.996931 0
    outer loop
      vertex -90 -48.25 0
      vertex -89.7262 -48.2715 2.8
      vertex -90 -48.25 2.8
    endloop
  endfacet
  facet normal -0.0782835 -0.996931 -0
    outer loop
      vertex -89.7262 -48.2715 2.8
      vertex -90 -48.25 0
      vertex -89.7262 -48.2715 0
    endloop
  endfacet
  facet normal -0.522613 -0.85257 0
    outer loop
      vertex -89.2055 -48.4407 0
      vertex -88.9714 -48.5842 2.8
      vertex -89.2055 -48.4407 2.8
    endloop
  endfacet
  facet normal -0.522613 -0.85257 -0
    outer loop
      vertex -88.9714 -48.5842 2.8
      vertex -89.2055 -48.4407 0
      vertex -88.9714 -48.5842 0
    endloop
  endfacet
  facet normal 0.85257 -0.522613 0
    outer loop
      vertex -91.5593 -49.2055 2.8
      vertex -91.4158 -48.9714 0
      vertex -91.4158 -48.9714 2.8
    endloop
  endfacet
  facet normal 0.85257 -0.522613 0
    outer loop
      vertex -91.4158 -48.9714 0
      vertex -91.5593 -49.2055 2.8
      vertex -91.5593 -49.2055 0
    endloop
  endfacet
  facet normal 0.760284 -0.649591 0
    outer loop
      vertex -91.4158 -48.9714 2.8
      vertex -91.2374 -48.7626 0
      vertex -91.2374 -48.7626 2.8
    endloop
  endfacet
  facet normal 0.760284 -0.649591 0
    outer loop
      vertex -91.2374 -48.7626 0
      vertex -91.4158 -48.9714 2.8
      vertex -91.4158 -48.9714 0
    endloop
  endfacet
  facet normal 0.972371 -0.233442 0
    outer loop
      vertex -91.7285 -49.7262 2.8
      vertex -91.6644 -49.4592 0
      vertex -91.6644 -49.4592 2.8
    endloop
  endfacet
  facet normal 0.972371 -0.233442 0
    outer loop
      vertex -91.6644 -49.4592 0
      vertex -91.7285 -49.7262 2.8
      vertex -91.7285 -49.7262 0
    endloop
  endfacet
  facet normal 0.522613 -0.85257 0
    outer loop
      vertex -91.0286 -48.5842 0
      vertex -90.7945 -48.4407 2.8
      vertex -91.0286 -48.5842 2.8
    endloop
  endfacet
  facet normal 0.522613 -0.85257 0
    outer loop
      vertex -90.7945 -48.4407 2.8
      vertex -91.0286 -48.5842 0
      vertex -90.7945 -48.4407 0
    endloop
  endfacet
  facet normal 0.233786 -0.972288 0
    outer loop
      vertex -90.5408 -48.3357 0
      vertex -90.2738 -48.2715 2.8
      vertex -90.5408 -48.3357 2.8
    endloop
  endfacet
  facet normal 0.233786 -0.972288 0
    outer loop
      vertex -90.2738 -48.2715 2.8
      vertex -90.5408 -48.3357 0
      vertex -90.2738 -48.2715 0
    endloop
  endfacet
  facet normal 0.233786 0.972288 -0
    outer loop
      vertex -90.2738 -51.7285 0
      vertex -90.5408 -51.6643 2.8
      vertex -90.2738 -51.7285 2.8
    endloop
  endfacet
  facet normal 0.233786 0.972288 0
    outer loop
      vertex -90.5408 -51.6643 2.8
      vertex -90.2738 -51.7285 0
      vertex -90.5408 -51.6643 0
    endloop
  endfacet
  facet normal -0.759989 -0.649936 0
    outer loop
      vertex -88.7 -48.8358 0
      vertex -88.7626 -48.7626 2.8
      vertex -88.7626 -48.7626 0
    endloop
  endfacet
  facet normal -0.759989 -0.649936 0
    outer loop
      vertex -88.7626 -48.7626 2.8
      vertex -88.7 -48.8358 0
      vertex -88.7 -48.8358 2.8
    endloop
  endfacet
  facet normal -0.382416 -0.92399 0
    outer loop
      vertex -89.4592 -48.3357 0
      vertex -89.2055 -48.4407 2.8
      vertex -89.4592 -48.3357 2.8
    endloop
  endfacet
  facet normal -0.382416 -0.92399 -0
    outer loop
      vertex -89.2055 -48.4407 2.8
      vertex -89.4592 -48.3357 0
      vertex -89.2055 -48.4407 0
    endloop
  endfacet
  facet normal 0.923861 -0.382727 0
    outer loop
      vertex -91.6644 -49.4592 2.8
      vertex -91.5593 -49.2055 0
      vertex -91.5593 -49.2055 2.8
    endloop
  endfacet
  facet normal 0.923861 -0.382727 0
    outer loop
      vertex -91.5593 -49.2055 0
      vertex -91.6644 -49.4592 2.8
      vertex -91.6644 -49.4592 0
    endloop
  endfacet
  facet normal 0.0782835 0.996931 -0
    outer loop
      vertex -90 -51.75 0
      vertex -90.2738 -51.7285 2.8
      vertex -90 -51.75 2.8
    endloop
  endfacet
  facet normal 0.0782835 0.996931 0
    outer loop
      vertex -90.2738 -51.7285 2.8
      vertex -90 -51.75 0
      vertex -90.2738 -51.7285 0
    endloop
  endfacet
  facet normal 0.85257 0.522613 0
    outer loop
      vertex -91.4158 -51.0286 2.8
      vertex -91.5593 -50.7945 0
      vertex -91.5593 -50.7945 2.8
    endloop
  endfacet
  facet normal 0.85257 0.522613 0
    outer loop
      vertex -91.5593 -50.7945 0
      vertex -91.4158 -51.0286 2.8
      vertex -91.4158 -51.0286 0
    endloop
  endfacet
  facet normal 0.996931 0.0782835 0
    outer loop
      vertex -91.7285 -50.2738 2.8
      vertex -91.75 -50 0
      vertex -91.75 -50 2.8
    endloop
  endfacet
  facet normal 0.996931 0.0782835 0
    outer loop
      vertex -91.75 -50 0
      vertex -91.7285 -50.2738 2.8
      vertex -91.7285 -50.2738 0
    endloop
  endfacet
  facet normal 0.923861 0.382727 0
    outer loop
      vertex -91.5593 -50.7945 2.8
      vertex -91.6644 -50.5408 0
      vertex -91.6644 -50.5408 2.8
    endloop
  endfacet
  facet normal 0.923861 0.382727 0
    outer loop
      vertex -91.6644 -50.5408 0
      vertex -91.5593 -50.7945 2.8
      vertex -91.5593 -50.7945 0
    endloop
  endfacet
  facet normal -0.233786 0.972288 0
    outer loop
      vertex -89.4592 -51.6643 0
      vertex -89.7262 -51.7285 2.8
      vertex -89.4592 -51.6643 2.8
    endloop
  endfacet
  facet normal -0.233786 0.972288 0
    outer loop
      vertex -89.7262 -51.7285 2.8
      vertex -89.4592 -51.6643 0
      vertex -89.7262 -51.7285 0
    endloop
  endfacet
  facet normal -0.522613 0.85257 0
    outer loop
      vertex -88.9714 -51.4158 0
      vertex -89.2055 -51.5593 2.8
      vertex -88.9714 -51.4158 2.8
    endloop
  endfacet
  facet normal -0.522613 0.85257 0
    outer loop
      vertex -89.2055 -51.5593 2.8
      vertex -88.9714 -51.4158 0
      vertex -89.2055 -51.5593 0
    endloop
  endfacet
  facet normal -0.759989 0.649936 0
    outer loop
      vertex -88.7626 -51.2374 0
      vertex -88.7 -51.1642 2.8
      vertex -88.7 -51.1642 0
    endloop
  endfacet
  facet normal -0.759989 0.649936 0
    outer loop
      vertex -88.7 -51.1642 2.8
      vertex -88.7626 -51.2374 0
      vertex -88.7626 -51.2374 2.8
    endloop
  endfacet
  facet normal 0.382416 0.92399 -0
    outer loop
      vertex -90.5408 -51.6643 0
      vertex -90.7945 -51.5593 2.8
      vertex -90.5408 -51.6643 2.8
    endloop
  endfacet
  facet normal 0.382416 0.92399 0
    outer loop
      vertex -90.7945 -51.5593 2.8
      vertex -90.5408 -51.6643 0
      vertex -90.7945 -51.5593 0
    endloop
  endfacet
  facet normal 0.760284 0.649591 0
    outer loop
      vertex -91.2374 -51.2374 2.8
      vertex -91.4158 -51.0286 0
      vertex -91.4158 -51.0286 2.8
    endloop
  endfacet
  facet normal 0.760284 0.649591 0
    outer loop
      vertex -91.4158 -51.0286 0
      vertex -91.2374 -51.2374 2.8
      vertex -91.2374 -51.2374 0
    endloop
  endfacet
  facet normal 0.972371 0.233442 0
    outer loop
      vertex -91.6644 -50.5408 2.8
      vertex -91.7285 -50.2738 0
      vertex -91.7285 -50.2738 2.8
    endloop
  endfacet
  facet normal 0.972371 0.233442 0
    outer loop
      vertex -91.7285 -50.2738 0
      vertex -91.6644 -50.5408 2.8
      vertex -91.6644 -50.5408 0
    endloop
  endfacet
  facet normal -0.382416 0.92399 0
    outer loop
      vertex -89.2055 -51.5593 0
      vertex -89.4592 -51.6643 2.8
      vertex -89.2055 -51.5593 2.8
    endloop
  endfacet
  facet normal -0.382416 0.92399 0
    outer loop
      vertex -89.4592 -51.6643 2.8
      vertex -89.2055 -51.5593 0
      vertex -89.4592 -51.6643 0
    endloop
  endfacet
  facet normal -0.649591 0.760284 0
    outer loop
      vertex -88.7626 -51.2374 0
      vertex -88.9714 -51.4158 2.8
      vertex -88.7626 -51.2374 2.8
    endloop
  endfacet
  facet normal -0.649591 0.760284 0
    outer loop
      vertex -88.9714 -51.4158 2.8
      vertex -88.7626 -51.2374 0
      vertex -88.9714 -51.4158 0
    endloop
  endfacet
  facet normal -0.0782835 0.996931 0
    outer loop
      vertex -89.7262 -51.7285 0
      vertex -90 -51.75 2.8
      vertex -89.7262 -51.7285 2.8
    endloop
  endfacet
  facet normal -0.0782835 0.996931 0
    outer loop
      vertex -90 -51.75 2.8
      vertex -89.7262 -51.7285 0
      vertex -90 -51.75 0
    endloop
  endfacet
  facet normal 0.649591 0.760284 -0
    outer loop
      vertex -91.0286 -51.4158 0
      vertex -91.2374 -51.2374 2.8
      vertex -91.0286 -51.4158 2.8
    endloop
  endfacet
  facet normal 0.649591 0.760284 0
    outer loop
      vertex -91.2374 -51.2374 2.8
      vertex -91.0286 -51.4158 0
      vertex -91.2374 -51.2374 0
    endloop
  endfacet
  facet normal 0.522613 0.85257 -0
    outer loop
      vertex -90.7945 -51.5593 0
      vertex -91.0286 -51.4158 2.8
      vertex -90.7945 -51.5593 2.8
    endloop
  endfacet
  facet normal 0.522613 0.85257 0
    outer loop
      vertex -91.0286 -51.4158 2.8
      vertex -90.7945 -51.5593 0
      vertex -91.0286 -51.4158 0
    endloop
  endfacet
  facet normal -0.521965 -0.852967 0
    outer loop
      vertex 100.381 75.8365 2.8
      vertex 100.582 75.7135 8.8
      vertex 100.381 75.8365 8.8
    endloop
  endfacet
  facet normal -0.521965 -0.852967 -0
    outer loop
      vertex 100.582 75.7135 8.8
      vertex 100.381 75.8365 2.8
      vertex 100.582 75.7135 2.8
    endloop
  endfacet
  facet normal -0.997069 0.0765015 0
    outer loop
      vertex 101.182 74.2654 2.8
      vertex 101.2 74.5 8.8
      vertex 101.2 74.5 2.8
    endloop
  endfacet
  facet normal -0.997069 0.0765015 0
    outer loop
      vertex 101.2 74.5 8.8
      vertex 101.182 74.2654 2.8
      vertex 101.182 74.2654 8.8
    endloop
  endfacet
  facet normal 0.233325 0.972399 -0
    outer loop
      vertex 99.4653 73.0185 2.8
      vertex 99.2365 73.0734 8.8
      vertex 99.4653 73.0185 8.8
    endloop
  endfacet
  facet normal 0.233325 0.972399 0
    outer loop
      vertex 99.2365 73.0734 8.8
      vertex 99.4653 73.0185 2.8
      vertex 99.2365 73.0734 2.8
    endloop
  endfacet
  facet normal 0.382714 -0.923867 0
    outer loop
      vertex 99.019 75.8365 2.8
      vertex 99.2365 75.9266 8.8
      vertex 99.019 75.8365 8.8
    endloop
  endfacet
  facet normal 0.382714 -0.923867 0
    outer loop
      vertex 99.2365 75.9266 8.8
      vertex 99.019 75.8365 2.8
      vertex 99.2365 75.9266 2.8
    endloop
  endfacet
  facet normal 0.972422 -0.233228 0
    outer loop
      vertex 98.2185 74.7346 8.8
      vertex 98.2734 74.9635 2.8
      vertex 98.2734 74.9635 8.8
    endloop
  endfacet
  facet normal 0.972422 -0.233228 0
    outer loop
      vertex 98.2734 74.9635 2.8
      vertex 98.2185 74.7346 8.8
      vertex 98.2185 74.7346 2.8
    endloop
  endfacet
  facet normal 0.85262 0.522532 0
    outer loop
      vertex 98.4865 73.6183 8.8
      vertex 98.3635 73.819 2.8
      vertex 98.3635 73.819 8.8
    endloop
  endfacet
  facet normal 0.85262 0.522532 0
    outer loop
      vertex 98.3635 73.819 2.8
      vertex 98.4865 73.6183 8.8
      vertex 98.4865 73.6183 2.8
    endloop
  endfacet
  facet normal -0.924017 -0.382352 0
    outer loop
      vertex 101.127 74.9635 2.8
      vertex 101.037 75.181 8.8
      vertex 101.037 75.181 2.8
    endloop
  endfacet
  facet normal -0.924017 -0.382352 0
    outer loop
      vertex 101.037 75.181 8.8
      vertex 101.127 74.9635 2.8
      vertex 101.127 74.9635 8.8
    endloop
  endfacet
  facet normal -0.85262 -0.522532 0
    outer loop
      vertex 101.037 75.181 2.8
      vertex 100.914 75.3817 8.8
      vertex 100.914 75.3817 2.8
    endloop
  endfacet
  facet normal -0.85262 -0.522532 0
    outer loop
      vertex 100.914 75.3817 8.8
      vertex 101.037 75.181 2.8
      vertex 101.037 75.181 8.8
    endloop
  endfacet
  facet normal -0.64925 -0.760575 0
    outer loop
      vertex 100.582 75.7135 2.8
      vertex 100.761 75.5607 8.8
      vertex 100.582 75.7135 8.8
    endloop
  endfacet
  facet normal -0.64925 -0.760575 -0
    outer loop
      vertex 100.761 75.5607 8.8
      vertex 100.582 75.7135 2.8
      vertex 100.761 75.5607 2.8
    endloop
  endfacet
  facet normal -0.232844 -0.972514 0
    outer loop
      vertex 99.9347 75.9815 2.8
      vertex 100.164 75.9266 8.8
      vertex 99.9347 75.9815 8.8
    endloop
  endfacet
  facet normal -0.232844 -0.972514 -0
    outer loop
      vertex 100.164 75.9266 8.8
      vertex 99.9347 75.9815 2.8
      vertex 100.164 75.9266 2.8
    endloop
  endfacet
  facet normal 0.0785803 -0.996908 0
    outer loop
      vertex 99.4653 75.9815 2.8
      vertex 99.7 76 8.8
      vertex 99.4653 75.9815 8.8
    endloop
  endfacet
  facet normal 0.0785803 -0.996908 0
    outer loop
      vertex 99.7 76 8.8
      vertex 99.4653 75.9815 2.8
      vertex 99.7 76 2.8
    endloop
  endfacet
  facet normal 0.996905 0.0786136 0
    outer loop
      vertex 98.2185 74.2654 8.8
      vertex 98.2 74.5 2.8
      vertex 98.2 74.5 8.8
    endloop
  endfacet
  facet normal 0.996905 0.0786136 0
    outer loop
      vertex 98.2 74.5 2.8
      vertex 98.2185 74.2654 8.8
      vertex 98.2185 74.2654 2.8
    endloop
  endfacet
  facet normal 0.85262 -0.522532 0
    outer loop
      vertex 98.3635 75.181 8.8
      vertex 98.4865 75.3817 2.8
      vertex 98.4865 75.3817 8.8
    endloop
  endfacet
  facet normal 0.85262 -0.522532 0
    outer loop
      vertex 98.4865 75.3817 2.8
      vertex 98.3635 75.181 8.8
      vertex 98.3635 75.181 2.8
    endloop
  endfacet
  facet normal 0.522532 -0.85262 0
    outer loop
      vertex 98.8183 75.7135 2.8
      vertex 99.019 75.8365 8.8
      vertex 98.8183 75.7135 8.8
    endloop
  endfacet
  facet normal 0.522532 -0.85262 0
    outer loop
      vertex 99.019 75.8365 8.8
      vertex 98.8183 75.7135 2.8
      vertex 99.019 75.8365 2.8
    endloop
  endfacet
  facet normal 0.233325 -0.972399 0
    outer loop
      vertex 99.2365 75.9266 2.8
      vertex 99.4653 75.9815 8.8
      vertex 99.2365 75.9266 8.8
    endloop
  endfacet
  facet normal 0.233325 -0.972399 0
    outer loop
      vertex 99.4653 75.9815 8.8
      vertex 99.2365 75.9266 2.8
      vertex 99.4653 75.9815 2.8
    endloop
  endfacet
  facet normal -0.997069 -0.0765015 0
    outer loop
      vertex 101.2 74.5 2.8
      vertex 101.182 74.7346 8.8
      vertex 101.182 74.7346 2.8
    endloop
  endfacet
  facet normal -0.997069 -0.0765015 0
    outer loop
      vertex 101.182 74.7346 8.8
      vertex 101.2 74.5 2.8
      vertex 101.2 74.5 8.8
    endloop
  endfacet
  facet normal -0.232844 0.972514 0
    outer loop
      vertex 100.164 73.0734 2.8
      vertex 99.9347 73.0185 8.8
      vertex 100.164 73.0734 8.8
    endloop
  endfacet
  facet normal -0.232844 0.972514 0
    outer loop
      vertex 99.9347 73.0185 8.8
      vertex 100.164 73.0734 2.8
      vertex 99.9347 73.0185 2.8
    endloop
  endfacet
  facet normal -0.972326 0.23363 0
    outer loop
      vertex 101.127 74.0365 2.8
      vertex 101.182 74.2654 8.8
      vertex 101.182 74.2654 2.8
    endloop
  endfacet
  facet normal -0.972326 0.23363 0
    outer loop
      vertex 101.182 74.2654 8.8
      vertex 101.127 74.0365 2.8
      vertex 101.127 74.0365 8.8
    endloop
  endfacet
  facet normal -0.383467 0.923555 0
    outer loop
      vertex 100.381 73.1635 2.8
      vertex 100.164 73.0734 8.8
      vertex 100.381 73.1635 8.8
    endloop
  endfacet
  facet normal -0.383467 0.923555 0
    outer loop
      vertex 100.164 73.0734 8.8
      vertex 100.381 73.1635 2.8
      vertex 100.164 73.0734 2.8
    endloop
  endfacet
  facet normal 0.0785803 0.996908 -0
    outer loop
      vertex 99.7 73 2.8
      vertex 99.4653 73.0185 8.8
      vertex 99.7 73 8.8
    endloop
  endfacet
  facet normal 0.0785803 0.996908 0
    outer loop
      vertex 99.4653 73.0185 8.8
      vertex 99.7 73 2.8
      vertex 99.4653 73.0185 2.8
    endloop
  endfacet
  facet normal 0.522532 0.85262 -0
    outer loop
      vertex 99.019 73.1635 2.8
      vertex 98.8183 73.2865 8.8
      vertex 99.019 73.1635 8.8
    endloop
  endfacet
  facet normal 0.522532 0.85262 0
    outer loop
      vertex 98.8183 73.2865 8.8
      vertex 99.019 73.1635 2.8
      vertex 98.8183 73.2865 2.8
    endloop
  endfacet
  facet normal 0.760575 0.64925 0
    outer loop
      vertex 98.6393 73.4393 8.8
      vertex 98.4865 73.6183 2.8
      vertex 98.4865 73.6183 8.8
    endloop
  endfacet
  facet normal 0.760575 0.64925 0
    outer loop
      vertex 98.4865 73.6183 2.8
      vertex 98.6393 73.4393 8.8
      vertex 98.6393 73.4393 2.8
    endloop
  endfacet
  facet normal 0.972422 0.233228 0
    outer loop
      vertex 98.2734 74.0365 8.8
      vertex 98.2185 74.2654 2.8
      vertex 98.2185 74.2654 8.8
    endloop
  endfacet
  facet normal 0.972422 0.233228 0
    outer loop
      vertex 98.2185 74.2654 2.8
      vertex 98.2734 74.0365 8.8
      vertex 98.2734 74.0365 2.8
    endloop
  endfacet
  facet normal -0.972326 -0.23363 0
    outer loop
      vertex 101.182 74.7346 2.8
      vertex 101.127 74.9635 8.8
      vertex 101.127 74.9635 2.8
    endloop
  endfacet
  facet normal -0.972326 -0.23363 0
    outer loop
      vertex 101.127 74.9635 8.8
      vertex 101.182 74.7346 2.8
      vertex 101.182 74.7346 8.8
    endloop
  endfacet
  facet normal -0.760155 -0.649742 0
    outer loop
      vertex 100.914 75.3817 2.8
      vertex 100.761 75.5607 8.8
      vertex 100.761 75.5607 2.8
    endloop
  endfacet
  facet normal -0.760155 -0.649742 0
    outer loop
      vertex 100.761 75.5607 8.8
      vertex 100.914 75.3817 2.8
      vertex 100.914 75.3817 8.8
    endloop
  endfacet
  facet normal -0.383467 -0.923555 0
    outer loop
      vertex 100.164 75.9266 2.8
      vertex 100.381 75.8365 8.8
      vertex 100.164 75.9266 8.8
    endloop
  endfacet
  facet normal -0.383467 -0.923555 -0
    outer loop
      vertex 100.381 75.8365 8.8
      vertex 100.164 75.9266 2.8
      vertex 100.381 75.8365 2.8
    endloop
  endfacet
  facet normal -0.0785803 -0.996908 0
    outer loop
      vertex 99.7 76 2.8
      vertex 99.9347 75.9815 8.8
      vertex 99.7 76 8.8
    endloop
  endfacet
  facet normal -0.0785803 -0.996908 -0
    outer loop
      vertex 99.9347 75.9815 8.8
      vertex 99.7 76 2.8
      vertex 99.9347 75.9815 2.8
    endloop
  endfacet
  facet normal 0.996905 -0.0786136 0
    outer loop
      vertex 98.2 74.5 8.8
      vertex 98.2185 74.7346 2.8
      vertex 98.2185 74.7346 8.8
    endloop
  endfacet
  facet normal 0.996905 -0.0786136 0
    outer loop
      vertex 98.2185 74.7346 2.8
      vertex 98.2 74.5 8.8
      vertex 98.2 74.5 2.8
    endloop
  endfacet
  facet normal 0.923867 -0.382714 0
    outer loop
      vertex 98.2734 74.9635 8.8
      vertex 98.3635 75.181 2.8
      vertex 98.3635 75.181 8.8
    endloop
  endfacet
  facet normal 0.923867 -0.382714 0
    outer loop
      vertex 98.3635 75.181 2.8
      vertex 98.2734 74.9635 8.8
      vertex 98.2734 74.9635 2.8
    endloop
  endfacet
  facet normal 0.64925 -0.760575 0
    outer loop
      vertex 98.6393 75.5607 2.8
      vertex 98.8183 75.7135 8.8
      vertex 98.6393 75.5607 8.8
    endloop
  endfacet
  facet normal 0.64925 -0.760575 0
    outer loop
      vertex 98.8183 75.7135 8.8
      vertex 98.6393 75.5607 2.8
      vertex 98.8183 75.7135 2.8
    endloop
  endfacet
  facet normal 0.760575 -0.64925 0
    outer loop
      vertex 98.4865 75.3817 8.8
      vertex 98.6393 75.5607 2.8
      vertex 98.6393 75.5607 8.8
    endloop
  endfacet
  facet normal 0.760575 -0.64925 0
    outer loop
      vertex 98.6393 75.5607 2.8
      vertex 98.4865 75.3817 8.8
      vertex 98.4865 75.3817 2.8
    endloop
  endfacet
  facet normal -0.85262 0.522532 0
    outer loop
      vertex 100.914 73.6183 2.8
      vertex 101.037 73.819 8.8
      vertex 101.037 73.819 2.8
    endloop
  endfacet
  facet normal -0.85262 0.522532 0
    outer loop
      vertex 101.037 73.819 8.8
      vertex 100.914 73.6183 2.8
      vertex 100.914 73.6183 8.8
    endloop
  endfacet
  facet normal -0.760155 0.649742 0
    outer loop
      vertex 100.761 73.4393 2.8
      vertex 100.914 73.6183 8.8
      vertex 100.914 73.6183 2.8
    endloop
  endfacet
  facet normal -0.760155 0.649742 0
    outer loop
      vertex 100.914 73.6183 8.8
      vertex 100.761 73.4393 2.8
      vertex 100.761 73.4393 8.8
    endloop
  endfacet
  facet normal -0.521965 0.852967 0
    outer loop
      vertex 100.582 73.2865 2.8
      vertex 100.381 73.1635 8.8
      vertex 100.582 73.2865 8.8
    endloop
  endfacet
  facet normal -0.521965 0.852967 0
    outer loop
      vertex 100.381 73.1635 8.8
      vertex 100.582 73.2865 2.8
      vertex 100.381 73.1635 2.8
    endloop
  endfacet
  facet normal -0.0785803 0.996908 0
    outer loop
      vertex 99.9347 73.0185 2.8
      vertex 99.7 73 8.8
      vertex 99.9347 73.0185 8.8
    endloop
  endfacet
  facet normal -0.0785803 0.996908 0
    outer loop
      vertex 99.7 73 8.8
      vertex 99.9347 73.0185 2.8
      vertex 99.7 73 2.8
    endloop
  endfacet
  facet normal 0.382714 0.923867 -0
    outer loop
      vertex 99.2365 73.0734 2.8
      vertex 99.019 73.1635 8.8
      vertex 99.2365 73.0734 8.8
    endloop
  endfacet
  facet normal 0.382714 0.923867 0
    outer loop
      vertex 99.019 73.1635 8.8
      vertex 99.2365 73.0734 2.8
      vertex 99.019 73.1635 2.8
    endloop
  endfacet
  facet normal 0.923867 0.382714 0
    outer loop
      vertex 98.3635 73.819 8.8
      vertex 98.2734 74.0365 2.8
      vertex 98.2734 74.0365 8.8
    endloop
  endfacet
  facet normal 0.923867 0.382714 0
    outer loop
      vertex 98.2734 74.0365 2.8
      vertex 98.3635 73.819 8.8
      vertex 98.3635 73.819 2.8
    endloop
  endfacet
  facet normal 0.64925 0.760575 -0
    outer loop
      vertex 98.8183 73.2865 2.8
      vertex 98.6393 73.4393 8.8
      vertex 98.8183 73.2865 8.8
    endloop
  endfacet
  facet normal 0.64925 0.760575 0
    outer loop
      vertex 98.6393 73.4393 8.8
      vertex 98.8183 73.2865 2.8
      vertex 98.6393 73.4393 2.8
    endloop
  endfacet
  facet normal -0.924017 0.382352 0
    outer loop
      vertex 101.037 73.819 2.8
      vertex 101.127 74.0365 8.8
      vertex 101.127 74.0365 2.8
    endloop
  endfacet
  facet normal -0.924017 0.382352 0
    outer loop
      vertex 101.127 74.0365 8.8
      vertex 101.037 73.819 2.8
      vertex 101.037 73.819 8.8
    endloop
  endfacet
  facet normal -0.64925 0.760575 0
    outer loop
      vertex 100.761 73.4393 2.8
      vertex 100.582 73.2865 8.8
      vertex 100.761 73.4393 8.8
    endloop
  endfacet
  facet normal -0.64925 0.760575 0
    outer loop
      vertex 100.582 73.2865 8.8
      vertex 100.761 73.4393 2.8
      vertex 100.582 73.2865 2.8
    endloop
  endfacet
  facet normal -0.760575 -0.64925 0
    outer loop
      vertex -98.4865 75.3817 2.8
      vertex -98.6393 75.5607 8.8
      vertex -98.6393 75.5607 2.8
    endloop
  endfacet
  facet normal -0.760575 -0.64925 0
    outer loop
      vertex -98.6393 75.5607 8.8
      vertex -98.4865 75.3817 2.8
      vertex -98.4865 75.3817 8.8
    endloop
  endfacet
  facet normal -0.233325 -0.972399 0
    outer loop
      vertex -99.4653 75.9815 2.8
      vertex -99.2365 75.9266 8.8
      vertex -99.4653 75.9815 8.8
    endloop
  endfacet
  facet normal -0.233325 -0.972399 -0
    outer loop
      vertex -99.2365 75.9266 8.8
      vertex -99.4653 75.9815 2.8
      vertex -99.2365 75.9266 2.8
    endloop
  endfacet
  facet normal -0.382714 -0.923867 0
    outer loop
      vertex -99.2365 75.9266 2.8
      vertex -99.019 75.8365 8.8
      vertex -99.2365 75.9266 8.8
    endloop
  endfacet
  facet normal -0.382714 -0.923867 -0
    outer loop
      vertex -99.019 75.8365 8.8
      vertex -99.2365 75.9266 2.8
      vertex -99.019 75.8365 2.8
    endloop
  endfacet
  facet normal 0.383467 -0.923555 0
    outer loop
      vertex -100.381 75.8365 2.8
      vertex -100.164 75.9266 8.8
      vertex -100.381 75.8365 8.8
    endloop
  endfacet
  facet normal 0.383467 -0.923555 0
    outer loop
      vertex -100.164 75.9266 8.8
      vertex -100.381 75.8365 2.8
      vertex -100.164 75.9266 2.8
    endloop
  endfacet
  facet normal 0.85262 -0.522532 0
    outer loop
      vertex -101.037 75.181 8.8
      vertex -100.914 75.3817 2.8
      vertex -100.914 75.3817 8.8
    endloop
  endfacet
  facet normal 0.85262 -0.522532 0
    outer loop
      vertex -100.914 75.3817 2.8
      vertex -101.037 75.181 8.8
      vertex -101.037 75.181 2.8
    endloop
  endfacet
  facet normal -0.996905 0.0786136 0
    outer loop
      vertex -98.2185 74.2654 2.8
      vertex -98.2 74.5 8.8
      vertex -98.2 74.5 2.8
    endloop
  endfacet
  facet normal -0.996905 0.0786136 0
    outer loop
      vertex -98.2 74.5 8.8
      vertex -98.2185 74.2654 2.8
      vertex -98.2185 74.2654 8.8
    endloop
  endfacet
  facet normal -0.233325 0.972399 0
    outer loop
      vertex -99.2365 73.0734 2.8
      vertex -99.4653 73.0185 8.8
      vertex -99.2365 73.0734 8.8
    endloop
  endfacet
  facet normal -0.233325 0.972399 0
    outer loop
      vertex -99.4653 73.0185 8.8
      vertex -99.2365 73.0734 2.8
      vertex -99.4653 73.0185 2.8
    endloop
  endfacet
  facet normal -0.972422 -0.233228 0
    outer loop
      vertex -98.2185 74.7346 2.8
      vertex -98.2734 74.9635 8.8
      vertex -98.2734 74.9635 2.8
    endloop
  endfacet
  facet normal -0.972422 -0.233228 0
    outer loop
      vertex -98.2734 74.9635 8.8
      vertex -98.2185 74.7346 2.8
      vertex -98.2185 74.7346 8.8
    endloop
  endfacet
  facet normal -0.64925 -0.760575 0
    outer loop
      vertex -98.8183 75.7135 2.8
      vertex -98.6393 75.5607 8.8
      vertex -98.8183 75.7135 8.8
    endloop
  endfacet
  facet normal -0.64925 -0.760575 -0
    outer loop
      vertex -98.6393 75.5607 8.8
      vertex -98.8183 75.7135 2.8
      vertex -98.6393 75.5607 2.8
    endloop
  endfacet
  facet normal -0.0785803 -0.996908 0
    outer loop
      vertex -99.7 76 2.8
      vertex -99.4653 75.9815 8.8
      vertex -99.7 76 8.8
    endloop
  endfacet
  facet normal -0.0785803 -0.996908 -0
    outer loop
      vertex -99.4653 75.9815 8.8
      vertex -99.7 76 2.8
      vertex -99.4653 75.9815 2.8
    endloop
  endfacet
  facet normal -0.522532 -0.85262 0
    outer loop
      vertex -99.019 75.8365 2.8
      vertex -98.8183 75.7135 8.8
      vertex -99.019 75.8365 8.8
    endloop
  endfacet
  facet normal -0.522532 -0.85262 -0
    outer loop
      vertex -98.8183 75.7135 8.8
      vertex -99.019 75.8365 2.8
      vertex -98.8183 75.7135 2.8
    endloop
  endfacet
  facet normal 0.997069 -0.0765015 0
    outer loop
      vertex -101.2 74.5 8.8
      vertex -101.182 74.7346 2.8
      vertex -101.182 74.7346 8.8
    endloop
  endfacet
  facet normal 0.997069 -0.0765015 0
    outer loop
      vertex -101.182 74.7346 2.8
      vertex -101.2 74.5 8.8
      vertex -101.2 74.5 2.8
    endloop
  endfacet
  facet normal 0.760155 -0.649742 0
    outer loop
      vertex -100.914 75.3817 8.8
      vertex -100.761 75.5607 2.8
      vertex -100.761 75.5607 8.8
    endloop
  endfacet
  facet normal 0.760155 -0.649742 0
    outer loop
      vertex -100.761 75.5607 2.8
      vertex -100.914 75.3817 8.8
      vertex -100.914 75.3817 2.8
    endloop
  endfacet
  facet normal 0.521965 -0.852967 0
    outer loop
      vertex -100.582 75.7135 2.8
      vertex -100.381 75.8365 8.8
      vertex -100.582 75.7135 8.8
    endloop
  endfacet
  facet normal 0.521965 -0.852967 0
    outer loop
      vertex -100.381 75.8365 8.8
      vertex -100.582 75.7135 2.8
      vertex -100.381 75.8365 2.8
    endloop
  endfacet
  facet normal 0.0785803 -0.996908 0
    outer loop
      vertex -99.9347 75.9815 2.8
      vertex -99.7 76 8.8
      vertex -99.9347 75.9815 8.8
    endloop
  endfacet
  facet normal 0.0785803 -0.996908 0
    outer loop
      vertex -99.7 76 8.8
      vertex -99.9347 75.9815 2.8
      vertex -99.7 76 2.8
    endloop
  endfacet
  facet normal 0.64925 -0.760575 0
    outer loop
      vertex -100.761 75.5607 2.8
      vertex -100.582 75.7135 8.8
      vertex -100.761 75.5607 8.8
    endloop
  endfacet
  facet normal 0.64925 -0.760575 0
    outer loop
      vertex -100.582 75.7135 8.8
      vertex -100.761 75.5607 2.8
      vertex -100.582 75.7135 2.8
    endloop
  endfacet
  facet normal -0.996905 -0.0786136 0
    outer loop
      vertex -98.2 74.5 2.8
      vertex -98.2185 74.7346 8.8
      vertex -98.2185 74.7346 2.8
    endloop
  endfacet
  facet normal -0.996905 -0.0786136 0
    outer loop
      vertex -98.2185 74.7346 8.8
      vertex -98.2 74.5 2.8
      vertex -98.2 74.5 8.8
    endloop
  endfacet
  facet normal -0.972422 0.233228 0
    outer loop
      vertex -98.2734 74.0365 2.8
      vertex -98.2185 74.2654 8.8
      vertex -98.2185 74.2654 2.8
    endloop
  endfacet
  facet normal -0.972422 0.233228 0
    outer loop
      vertex -98.2185 74.2654 8.8
      vertex -98.2734 74.0365 2.8
      vertex -98.2734 74.0365 8.8
    endloop
  endfacet
  facet normal 0.64925 0.760575 -0
    outer loop
      vertex -100.582 73.2865 2.8
      vertex -100.761 73.4393 8.8
      vertex -100.582 73.2865 8.8
    endloop
  endfacet
  facet normal 0.64925 0.760575 0
    outer loop
      vertex -100.761 73.4393 8.8
      vertex -100.582 73.2865 2.8
      vertex -100.761 73.4393 2.8
    endloop
  endfacet
  facet normal 0.85262 0.522532 0
    outer loop
      vertex -100.914 73.6183 8.8
      vertex -101.037 73.819 2.8
      vertex -101.037 73.819 8.8
    endloop
  endfacet
  facet normal 0.85262 0.522532 0
    outer loop
      vertex -101.037 73.819 2.8
      vertex -100.914 73.6183 8.8
      vertex -100.914 73.6183 2.8
    endloop
  endfacet
  facet normal -0.522532 0.85262 0
    outer loop
      vertex -98.8183 73.2865 2.8
      vertex -99.019 73.1635 8.8
      vertex -98.8183 73.2865 8.8
    endloop
  endfacet
  facet normal -0.522532 0.85262 0
    outer loop
      vertex -99.019 73.1635 8.8
      vertex -98.8183 73.2865 2.8
      vertex -99.019 73.1635 2.8
    endloop
  endfacet
  facet normal 0.924017 -0.382352 0
    outer loop
      vertex -101.127 74.9635 8.8
      vertex -101.037 75.181 2.8
      vertex -101.037 75.181 8.8
    endloop
  endfacet
  facet normal 0.924017 -0.382352 0
    outer loop
      vertex -101.037 75.181 2.8
      vertex -101.127 74.9635 8.8
      vertex -101.127 74.9635 2.8
    endloop
  endfacet
  facet normal 0.972326 -0.23363 0
    outer loop
      vertex -101.182 74.7346 8.8
      vertex -101.127 74.9635 2.8
      vertex -101.127 74.9635 8.8
    endloop
  endfacet
  facet normal 0.972326 -0.23363 0
    outer loop
      vertex -101.127 74.9635 2.8
      vertex -101.182 74.7346 8.8
      vertex -101.182 74.7346 2.8
    endloop
  endfacet
  facet normal 0.232844 -0.972514 0
    outer loop
      vertex -100.164 75.9266 2.8
      vertex -99.9347 75.9815 8.8
      vertex -100.164 75.9266 8.8
    endloop
  endfacet
  facet normal 0.232844 -0.972514 0
    outer loop
      vertex -99.9347 75.9815 8.8
      vertex -100.164 75.9266 2.8
      vertex -99.9347 75.9815 2.8
    endloop
  endfacet
  facet normal -0.85262 0.522532 0
    outer loop
      vertex -98.4865 73.6183 2.8
      vertex -98.3635 73.819 8.8
      vertex -98.3635 73.819 2.8
    endloop
  endfacet
  facet normal -0.85262 0.522532 0
    outer loop
      vertex -98.3635 73.819 8.8
      vertex -98.4865 73.6183 2.8
      vertex -98.4865 73.6183 8.8
    endloop
  endfacet
  facet normal 0.997069 0.0765015 0
    outer loop
      vertex -101.182 74.2654 8.8
      vertex -101.2 74.5 2.8
      vertex -101.2 74.5 8.8
    endloop
  endfacet
  facet normal 0.997069 0.0765015 0
    outer loop
      vertex -101.2 74.5 2.8
      vertex -101.182 74.2654 8.8
      vertex -101.182 74.2654 2.8
    endloop
  endfacet
  facet normal 0.760155 0.649742 0
    outer loop
      vertex -100.761 73.4393 8.8
      vertex -100.914 73.6183 2.8
      vertex -100.914 73.6183 8.8
    endloop
  endfacet
  facet normal 0.760155 0.649742 0
    outer loop
      vertex -100.914 73.6183 2.8
      vertex -100.761 73.4393 8.8
      vertex -100.761 73.4393 2.8
    endloop
  endfacet
  facet normal -0.382714 0.923867 0
    outer loop
      vertex -99.019 73.1635 2.8
      vertex -99.2365 73.0734 8.8
      vertex -99.019 73.1635 8.8
    endloop
  endfacet
  facet normal -0.382714 0.923867 0
    outer loop
      vertex -99.2365 73.0734 8.8
      vertex -99.019 73.1635 2.8
      vertex -99.2365 73.0734 2.8
    endloop
  endfacet
  facet normal -0.64925 0.760575 0
    outer loop
      vertex -98.6393 73.4393 2.8
      vertex -98.8183 73.2865 8.8
      vertex -98.6393 73.4393 8.8
    endloop
  endfacet
  facet normal -0.64925 0.760575 0
    outer loop
      vertex -98.8183 73.2865 8.8
      vertex -98.6393 73.4393 2.8
      vertex -98.8183 73.2865 2.8
    endloop
  endfacet
  facet normal -0.85262 -0.522532 0
    outer loop
      vertex -98.3635 75.181 2.8
      vertex -98.4865 75.3817 8.8
      vertex -98.4865 75.3817 2.8
    endloop
  endfacet
  facet normal -0.85262 -0.522532 0
    outer loop
      vertex -98.4865 75.3817 8.8
      vertex -98.3635 75.181 2.8
      vertex -98.3635 75.181 8.8
    endloop
  endfacet
  facet normal -0.923867 -0.382714 0
    outer loop
      vertex -98.2734 74.9635 2.8
      vertex -98.3635 75.181 8.8
      vertex -98.3635 75.181 2.8
    endloop
  endfacet
  facet normal -0.923867 -0.382714 0
    outer loop
      vertex -98.3635 75.181 8.8
      vertex -98.2734 74.9635 2.8
      vertex -98.2734 74.9635 8.8
    endloop
  endfacet
  facet normal -0.923867 0.382714 0
    outer loop
      vertex -98.3635 73.819 2.8
      vertex -98.2734 74.0365 8.8
      vertex -98.2734 74.0365 2.8
    endloop
  endfacet
  facet normal -0.923867 0.382714 0
    outer loop
      vertex -98.2734 74.0365 8.8
      vertex -98.3635 73.819 2.8
      vertex -98.3635 73.819 8.8
    endloop
  endfacet
  facet normal 0.383467 0.923555 -0
    outer loop
      vertex -100.164 73.0734 2.8
      vertex -100.381 73.1635 8.8
      vertex -100.164 73.0734 8.8
    endloop
  endfacet
  facet normal 0.383467 0.923555 0
    outer loop
      vertex -100.381 73.1635 8.8
      vertex -100.164 73.0734 2.8
      vertex -100.381 73.1635 2.8
    endloop
  endfacet
  facet normal 0.924017 0.382352 0
    outer loop
      vertex -101.037 73.819 8.8
      vertex -101.127 74.0365 2.8
      vertex -101.127 74.0365 8.8
    endloop
  endfacet
  facet normal 0.924017 0.382352 0
    outer loop
      vertex -101.127 74.0365 2.8
      vertex -101.037 73.819 8.8
      vertex -101.037 73.819 2.8
    endloop
  endfacet
  facet normal 0.972326 0.23363 0
    outer loop
      vertex -101.127 74.0365 8.8
      vertex -101.182 74.2654 2.8
      vertex -101.182 74.2654 8.8
    endloop
  endfacet
  facet normal 0.972326 0.23363 0
    outer loop
      vertex -101.182 74.2654 2.8
      vertex -101.127 74.0365 8.8
      vertex -101.127 74.0365 2.8
    endloop
  endfacet
  facet normal 0.232844 0.972514 -0
    outer loop
      vertex -99.9347 73.0185 2.8
      vertex -100.164 73.0734 8.8
      vertex -99.9347 73.0185 8.8
    endloop
  endfacet
  facet normal 0.232844 0.972514 0
    outer loop
      vertex -100.164 73.0734 8.8
      vertex -99.9347 73.0185 2.8
      vertex -100.164 73.0734 2.8
    endloop
  endfacet
  facet normal 0.0785803 0.996908 -0
    outer loop
      vertex -99.7 73 2.8
      vertex -99.9347 73.0185 8.8
      vertex -99.7 73 8.8
    endloop
  endfacet
  facet normal 0.0785803 0.996908 0
    outer loop
      vertex -99.9347 73.0185 8.8
      vertex -99.7 73 2.8
      vertex -99.9347 73.0185 2.8
    endloop
  endfacet
  facet normal -0.0785803 0.996908 0
    outer loop
      vertex -99.4653 73.0185 2.8
      vertex -99.7 73 8.8
      vertex -99.4653 73.0185 8.8
    endloop
  endfacet
  facet normal -0.0785803 0.996908 0
    outer loop
      vertex -99.7 73 8.8
      vertex -99.4653 73.0185 2.8
      vertex -99.7 73 2.8
    endloop
  endfacet
  facet normal -0.760575 0.64925 0
    outer loop
      vertex -98.6393 73.4393 2.8
      vertex -98.4865 73.6183 8.8
      vertex -98.4865 73.6183 2.8
    endloop
  endfacet
  facet normal -0.760575 0.64925 0
    outer loop
      vertex -98.4865 73.6183 8.8
      vertex -98.6393 73.4393 2.8
      vertex -98.6393 73.4393 8.8
    endloop
  endfacet
  facet normal 0.521965 0.852967 -0
    outer loop
      vertex -100.381 73.1635 2.8
      vertex -100.582 73.2865 8.8
      vertex -100.381 73.1635 8.8
    endloop
  endfacet
  facet normal 0.521965 0.852967 0
    outer loop
      vertex -100.582 73.2865 8.8
      vertex -100.381 73.1635 2.8
      vertex -100.582 73.2865 2.8
    endloop
  endfacet
  facet normal -0.924017 -0.382352 0
    outer loop
      vertex 101.127 -74.0365 2.8
      vertex 101.037 -73.819 8.8
      vertex 101.037 -73.819 2.8
    endloop
  endfacet
  facet normal -0.924017 -0.382352 0
    outer loop
      vertex 101.037 -73.819 8.8
      vertex 101.127 -74.0365 2.8
      vertex 101.127 -74.0365 8.8
    endloop
  endfacet
  facet normal -0.85262 -0.522532 0
    outer loop
      vertex 101.037 -73.819 2.8
      vertex 100.914 -73.6183 8.8
      vertex 100.914 -73.6183 2.8
    endloop
  endfacet
  facet normal -0.85262 -0.522532 0
    outer loop
      vertex 100.914 -73.6183 8.8
      vertex 101.037 -73.819 2.8
      vertex 101.037 -73.819 8.8
    endloop
  endfacet
  facet normal -0.232844 -0.972514 0
    outer loop
      vertex 99.9347 -73.0185 2.8
      vertex 100.164 -73.0734 8.8
      vertex 99.9347 -73.0185 8.8
    endloop
  endfacet
  facet normal -0.232844 -0.972514 -0
    outer loop
      vertex 100.164 -73.0734 8.8
      vertex 99.9347 -73.0185 2.8
      vertex 100.164 -73.0734 2.8
    endloop
  endfacet
  facet normal 0.382714 -0.923867 0
    outer loop
      vertex 99.019 -73.1635 2.8
      vertex 99.2365 -73.0734 8.8
      vertex 99.019 -73.1635 8.8
    endloop
  endfacet
  facet normal 0.382714 -0.923867 0
    outer loop
      vertex 99.2365 -73.0734 8.8
      vertex 99.019 -73.1635 2.8
      vertex 99.2365 -73.0734 2.8
    endloop
  endfacet
  facet normal 0.972422 -0.233228 0
    outer loop
      vertex 98.2185 -74.2654 8.8
      vertex 98.2734 -74.0365 2.8
      vertex 98.2734 -74.0365 8.8
    endloop
  endfacet
  facet normal 0.972422 -0.233228 0
    outer loop
      vertex 98.2734 -74.0365 2.8
      vertex 98.2185 -74.2654 8.8
      vertex 98.2185 -74.2654 2.8
    endloop
  endfacet
  facet normal -0.997069 0.0765015 0
    outer loop
      vertex 101.182 -74.7346 2.8
      vertex 101.2 -74.5 8.8
      vertex 101.2 -74.5 2.8
    endloop
  endfacet
  facet normal -0.997069 0.0765015 0
    outer loop
      vertex 101.2 -74.5 8.8
      vertex 101.182 -74.7346 2.8
      vertex 101.182 -74.7346 8.8
    endloop
  endfacet
  facet normal -0.232844 0.972514 0
    outer loop
      vertex 100.164 -75.9266 2.8
      vertex 99.9347 -75.9815 8.8
      vertex 100.164 -75.9266 8.8
    endloop
  endfacet
  facet normal -0.232844 0.972514 0
    outer loop
      vertex 99.9347 -75.9815 8.8
      vertex 100.164 -75.9266 2.8
      vertex 99.9347 -75.9815 2.8
    endloop
  endfacet
  facet normal -0.972326 -0.23363 0
    outer loop
      vertex 101.182 -74.2654 2.8
      vertex 101.127 -74.0365 8.8
      vertex 101.127 -74.0365 2.8
    endloop
  endfacet
  facet normal -0.972326 -0.23363 0
    outer loop
      vertex 101.127 -74.0365 8.8
      vertex 101.182 -74.2654 2.8
      vertex 101.182 -74.2654 8.8
    endloop
  endfacet
  facet normal -0.64925 -0.760575 0
    outer loop
      vertex 100.582 -73.2865 2.8
      vertex 100.761 -73.4393 8.8
      vertex 100.582 -73.2865 8.8
    endloop
  endfacet
  facet normal -0.64925 -0.760575 -0
    outer loop
      vertex 100.761 -73.4393 8.8
      vertex 100.582 -73.2865 2.8
      vertex 100.761 -73.4393 2.8
    endloop
  endfacet
  facet normal 0.0785803 -0.996908 0
    outer loop
      vertex 99.4653 -73.0185 2.8
      vertex 99.7 -73 8.8
      vertex 99.4653 -73.0185 8.8
    endloop
  endfacet
  facet normal 0.0785803 -0.996908 0
    outer loop
      vertex 99.7 -73 8.8
      vertex 99.4653 -73.0185 2.8
      vertex 99.7 -73 2.8
    endloop
  endfacet
  facet normal -0.521965 -0.852967 0
    outer loop
      vertex 100.381 -73.1635 2.8
      vertex 100.582 -73.2865 8.8
      vertex 100.381 -73.1635 8.8
    endloop
  endfacet
  facet normal -0.521965 -0.852967 -0
    outer loop
      vertex 100.582 -73.2865 8.8
      vertex 100.381 -73.1635 2.8
      vertex 100.582 -73.2865 2.8
    endloop
  endfacet
  facet normal 0.996905 0.0786136 0
    outer loop
      vertex 98.2185 -74.7346 8.8
      vertex 98.2 -74.5 2.8
      vertex 98.2 -74.5 8.8
    endloop
  endfacet
  facet normal 0.996905 0.0786136 0
    outer loop
      vertex 98.2 -74.5 2.8
      vertex 98.2185 -74.7346 8.8
      vertex 98.2185 -74.7346 2.8
    endloop
  endfacet
  facet normal 0.85262 -0.522532 0
    outer loop
      vertex 98.3635 -73.819 8.8
      vertex 98.4865 -73.6183 2.8
      vertex 98.4865 -73.6183 8.8
    endloop
  endfacet
  facet normal 0.85262 -0.522532 0
    outer loop
      vertex 98.4865 -73.6183 2.8
      vertex 98.3635 -73.819 8.8
      vertex 98.3635 -73.819 2.8
    endloop
  endfacet
  facet normal 0.522532 -0.85262 0
    outer loop
      vertex 98.8183 -73.2865 2.8
      vertex 99.019 -73.1635 8.8
      vertex 98.8183 -73.2865 8.8
    endloop
  endfacet
  facet normal 0.522532 -0.85262 0
    outer loop
      vertex 99.019 -73.1635 8.8
      vertex 98.8183 -73.2865 2.8
      vertex 99.019 -73.1635 2.8
    endloop
  endfacet
  facet normal 0.233325 -0.972399 0
    outer loop
      vertex 99.2365 -73.0734 2.8
      vertex 99.4653 -73.0185 8.8
      vertex 99.2365 -73.0734 8.8
    endloop
  endfacet
  facet normal 0.233325 -0.972399 0
    outer loop
      vertex 99.4653 -73.0185 8.8
      vertex 99.2365 -73.0734 2.8
      vertex 99.4653 -73.0185 2.8
    endloop
  endfacet
  facet normal -0.997069 -0.0765015 0
    outer loop
      vertex 101.2 -74.5 2.8
      vertex 101.182 -74.2654 8.8
      vertex 101.182 -74.2654 2.8
    endloop
  endfacet
  facet normal -0.997069 -0.0765015 0
    outer loop
      vertex 101.182 -74.2654 8.8
      vertex 101.2 -74.5 2.8
      vertex 101.2 -74.5 8.8
    endloop
  endfacet
  facet normal -0.972326 0.23363 0
    outer loop
      vertex 101.127 -74.9635 2.8
      vertex 101.182 -74.7346 8.8
      vertex 101.182 -74.7346 2.8
    endloop
  endfacet
  facet normal -0.972326 0.23363 0
    outer loop
      vertex 101.182 -74.7346 8.8
      vertex 101.127 -74.9635 2.8
      vertex 101.127 -74.9635 8.8
    endloop
  endfacet
  facet normal 0.522532 0.85262 -0
    outer loop
      vertex 99.019 -75.8365 2.8
      vertex 98.8183 -75.7135 8.8
      vertex 99.019 -75.8365 8.8
    endloop
  endfacet
  facet normal 0.522532 0.85262 0
    outer loop
      vertex 98.8183 -75.7135 8.8
      vertex 99.019 -75.8365 2.8
      vertex 98.8183 -75.7135 2.8
    endloop
  endfacet
  facet normal 0.760575 0.64925 0
    outer loop
      vertex 98.6393 -75.5607 8.8
      vertex 98.4865 -75.3817 2.8
      vertex 98.4865 -75.3817 8.8
    endloop
  endfacet
  facet normal 0.760575 0.64925 0
    outer loop
      vertex 98.4865 -75.3817 2.8
      vertex 98.6393 -75.5607 8.8
      vertex 98.6393 -75.5607 2.8
    endloop
  endfacet
  facet normal -0.760155 -0.649742 0
    outer loop
      vertex 100.914 -73.6183 2.8
      vertex 100.761 -73.4393 8.8
      vertex 100.761 -73.4393 2.8
    endloop
  endfacet
  facet normal -0.760155 -0.649742 0
    outer loop
      vertex 100.761 -73.4393 8.8
      vertex 100.914 -73.6183 2.8
      vertex 100.914 -73.6183 8.8
    endloop
  endfacet
  facet normal -0.0785803 -0.996908 0
    outer loop
      vertex 99.7 -73 2.8
      vertex 99.9347 -73.0185 8.8
      vertex 99.7 -73 8.8
    endloop
  endfacet
  facet normal -0.0785803 -0.996908 -0
    outer loop
      vertex 99.9347 -73.0185 8.8
      vertex 99.7 -73 2.8
      vertex 99.9347 -73.0185 2.8
    endloop
  endfacet
  facet normal -0.383467 -0.923555 0
    outer loop
      vertex 100.164 -73.0734 2.8
      vertex 100.381 -73.1635 8.8
      vertex 100.164 -73.0734 8.8
    endloop
  endfacet
  facet normal -0.383467 -0.923555 -0
    outer loop
      vertex 100.381 -73.1635 8.8
      vertex 100.164 -73.0734 2.8
      vertex 100.381 -73.1635 2.8
    endloop
  endfacet
  facet normal 0.996905 -0.0786136 0
    outer loop
      vertex 98.2 -74.5 8.8
      vertex 98.2185 -74.2654 2.8
      vertex 98.2185 -74.2654 8.8
    endloop
  endfacet
  facet normal 0.996905 -0.0786136 0
    outer loop
      vertex 98.2185 -74.2654 2.8
      vertex 98.2 -74.5 8.8
      vertex 98.2 -74.5 2.8
    endloop
  endfacet
  facet normal 0.923867 -0.382714 0
    outer loop
      vertex 98.2734 -74.0365 8.8
      vertex 98.3635 -73.819 2.8
      vertex 98.3635 -73.819 8.8
    endloop
  endfacet
  facet normal 0.923867 -0.382714 0
    outer loop
      vertex 98.3635 -73.819 2.8
      vertex 98.2734 -74.0365 8.8
      vertex 98.2734 -74.0365 2.8
    endloop
  endfacet
  facet normal 0.64925 -0.760575 0
    outer loop
      vertex 98.6393 -73.4393 2.8
      vertex 98.8183 -73.2865 8.8
      vertex 98.6393 -73.4393 8.8
    endloop
  endfacet
  facet normal 0.64925 -0.760575 0
    outer loop
      vertex 98.8183 -73.2865 8.8
      vertex 98.6393 -73.4393 2.8
      vertex 98.8183 -73.2865 2.8
    endloop
  endfacet
  facet normal 0.760575 -0.64925 0
    outer loop
      vertex 98.4865 -73.6183 8.8
      vertex 98.6393 -73.4393 2.8
      vertex 98.6393 -73.4393 8.8
    endloop
  endfacet
  facet normal 0.760575 -0.64925 0
    outer loop
      vertex 98.6393 -73.4393 2.8
      vertex 98.4865 -73.6183 8.8
      vertex 98.4865 -73.6183 2.8
    endloop
  endfacet
  facet normal 0.972422 0.233228 0
    outer loop
      vertex 98.2734 -74.9635 8.8
      vertex 98.2185 -74.7346 2.8
      vertex 98.2185 -74.7346 8.8
    endloop
  endfacet
  facet normal 0.972422 0.233228 0
    outer loop
      vertex 98.2185 -74.7346 2.8
      vertex 98.2734 -74.9635 8.8
      vertex 98.2734 -74.9635 2.8
    endloop
  endfacet
  facet normal 0.64925 0.760575 -0
    outer loop
      vertex 98.8183 -75.7135 2.8
      vertex 98.6393 -75.5607 8.8
      vertex 98.8183 -75.7135 8.8
    endloop
  endfacet
  facet normal 0.64925 0.760575 0
    outer loop
      vertex 98.6393 -75.5607 8.8
      vertex 98.8183 -75.7135 2.8
      vertex 98.6393 -75.5607 2.8
    endloop
  endfacet
  facet normal -0.383467 0.923555 0
    outer loop
      vertex 100.381 -75.8365 2.8
      vertex 100.164 -75.9266 8.8
      vertex 100.381 -75.8365 8.8
    endloop
  endfacet
  facet normal -0.383467 0.923555 0
    outer loop
      vertex 100.164 -75.9266 8.8
      vertex 100.381 -75.8365 2.8
      vertex 100.164 -75.9266 2.8
    endloop
  endfacet
  facet normal -0.760155 0.649742 0
    outer loop
      vertex 100.761 -75.5607 2.8
      vertex 100.914 -75.3817 8.8
      vertex 100.914 -75.3817 2.8
    endloop
  endfacet
  facet normal -0.760155 0.649742 0
    outer loop
      vertex 100.914 -75.3817 8.8
      vertex 100.761 -75.5607 2.8
      vertex 100.761 -75.5607 8.8
    endloop
  endfacet
  facet normal -0.924017 0.382352 0
    outer loop
      vertex 101.037 -75.181 2.8
      vertex 101.127 -74.9635 8.8
      vertex 101.127 -74.9635 2.8
    endloop
  endfacet
  facet normal -0.924017 0.382352 0
    outer loop
      vertex 101.127 -74.9635 8.8
      vertex 101.037 -75.181 2.8
      vertex 101.037 -75.181 8.8
    endloop
  endfacet
  facet normal -0.0785803 0.996908 0
    outer loop
      vertex 99.9347 -75.9815 2.8
      vertex 99.7 -76 8.8
      vertex 99.9347 -75.9815 8.8
    endloop
  endfacet
  facet normal -0.0785803 0.996908 0
    outer loop
      vertex 99.7 -76 8.8
      vertex 99.9347 -75.9815 2.8
      vertex 99.7 -76 2.8
    endloop
  endfacet
  facet normal 0.85262 0.522532 0
    outer loop
      vertex 98.4865 -75.3817 8.8
      vertex 98.3635 -75.181 2.8
      vertex 98.3635 -75.181 8.8
    endloop
  endfacet
  facet normal 0.85262 0.522532 0
    outer loop
      vertex 98.3635 -75.181 2.8
      vertex 98.4865 -75.3817 8.8
      vertex 98.4865 -75.3817 2.8
    endloop
  endfacet
  facet normal 0.923867 0.382714 0
    outer loop
      vertex 98.3635 -75.181 8.8
      vertex 98.2734 -74.9635 2.8
      vertex 98.2734 -74.9635 8.8
    endloop
  endfacet
  facet normal 0.923867 0.382714 0
    outer loop
      vertex 98.2734 -74.9635 2.8
      vertex 98.3635 -75.181 8.8
      vertex 98.3635 -75.181 2.8
    endloop
  endfacet
  facet normal -0.64925 0.760575 0
    outer loop
      vertex 100.761 -75.5607 2.8
      vertex 100.582 -75.7135 8.8
      vertex 100.761 -75.5607 8.8
    endloop
  endfacet
  facet normal -0.64925 0.760575 0
    outer loop
      vertex 100.582 -75.7135 8.8
      vertex 100.761 -75.5607 2.8
      vertex 100.582 -75.7135 2.8
    endloop
  endfacet
  facet normal -0.521965 0.852967 0
    outer loop
      vertex 100.582 -75.7135 2.8
      vertex 100.381 -75.8365 8.8
      vertex 100.582 -75.7135 8.8
    endloop
  endfacet
  facet normal -0.521965 0.852967 0
    outer loop
      vertex 100.381 -75.8365 8.8
      vertex 100.582 -75.7135 2.8
      vertex 100.381 -75.8365 2.8
    endloop
  endfacet
  facet normal -0.85262 0.522532 0
    outer loop
      vertex 100.914 -75.3817 2.8
      vertex 101.037 -75.181 8.8
      vertex 101.037 -75.181 2.8
    endloop
  endfacet
  facet normal -0.85262 0.522532 0
    outer loop
      vertex 101.037 -75.181 8.8
      vertex 100.914 -75.3817 2.8
      vertex 100.914 -75.3817 8.8
    endloop
  endfacet
  facet normal 0.233325 0.972399 -0
    outer loop
      vertex 99.4653 -75.9815 2.8
      vertex 99.2365 -75.9266 8.8
      vertex 99.4653 -75.9815 8.8
    endloop
  endfacet
  facet normal 0.233325 0.972399 0
    outer loop
      vertex 99.2365 -75.9266 8.8
      vertex 99.4653 -75.9815 2.8
      vertex 99.2365 -75.9266 2.8
    endloop
  endfacet
  facet normal 0.382714 0.923867 -0
    outer loop
      vertex 99.2365 -75.9266 2.8
      vertex 99.019 -75.8365 8.8
      vertex 99.2365 -75.9266 8.8
    endloop
  endfacet
  facet normal 0.382714 0.923867 0
    outer loop
      vertex 99.019 -75.8365 8.8
      vertex 99.2365 -75.9266 2.8
      vertex 99.019 -75.8365 2.8
    endloop
  endfacet
  facet normal 0.0785803 0.996908 -0
    outer loop
      vertex 99.7 -76 2.8
      vertex 99.4653 -75.9815 8.8
      vertex 99.7 -76 8.8
    endloop
  endfacet
  facet normal 0.0785803 0.996908 0
    outer loop
      vertex 99.4653 -75.9815 8.8
      vertex 99.7 -76 2.8
      vertex 99.4653 -75.9815 2.8
    endloop
  endfacet
  facet normal -0.522532 -0.85262 0
    outer loop
      vertex -99.019 -73.1635 2.8
      vertex -98.8183 -73.2865 8.8
      vertex -99.019 -73.1635 8.8
    endloop
  endfacet
  facet normal -0.522532 -0.85262 -0
    outer loop
      vertex -98.8183 -73.2865 8.8
      vertex -99.019 -73.1635 2.8
      vertex -98.8183 -73.2865 2.8
    endloop
  endfacet
  facet normal -0.996905 0.0786136 0
    outer loop
      vertex -98.2185 -74.7346 2.8
      vertex -98.2 -74.5 8.8
      vertex -98.2 -74.5 2.8
    endloop
  endfacet
  facet normal -0.996905 0.0786136 0
    outer loop
      vertex -98.2 -74.5 8.8
      vertex -98.2185 -74.7346 2.8
      vertex -98.2185 -74.7346 8.8
    endloop
  endfacet
  facet normal 0.383467 -0.923555 0
    outer loop
      vertex -100.381 -73.1635 2.8
      vertex -100.164 -73.0734 8.8
      vertex -100.381 -73.1635 8.8
    endloop
  endfacet
  facet normal 0.383467 -0.923555 0
    outer loop
      vertex -100.164 -73.0734 8.8
      vertex -100.381 -73.1635 2.8
      vertex -100.164 -73.0734 2.8
    endloop
  endfacet
  facet normal 0.85262 -0.522532 0
    outer loop
      vertex -101.037 -73.819 8.8
      vertex -100.914 -73.6183 2.8
      vertex -100.914 -73.6183 8.8
    endloop
  endfacet
  facet normal 0.85262 -0.522532 0
    outer loop
      vertex -100.914 -73.6183 2.8
      vertex -101.037 -73.819 8.8
      vertex -101.037 -73.819 2.8
    endloop
  endfacet
  facet normal 0.924017 0.382352 0
    outer loop
      vertex -101.037 -75.181 8.8
      vertex -101.127 -74.9635 2.8
      vertex -101.127 -74.9635 8.8
    endloop
  endfacet
  facet normal 0.924017 0.382352 0
    outer loop
      vertex -101.127 -74.9635 2.8
      vertex -101.037 -75.181 8.8
      vertex -101.037 -75.181 2.8
    endloop
  endfacet
  facet normal -0.85262 -0.522532 0
    outer loop
      vertex -98.3635 -73.819 2.8
      vertex -98.4865 -73.6183 8.8
      vertex -98.4865 -73.6183 2.8
    endloop
  endfacet
  facet normal -0.85262 -0.522532 0
    outer loop
      vertex -98.4865 -73.6183 8.8
      vertex -98.3635 -73.819 2.8
      vertex -98.3635 -73.819 8.8
    endloop
  endfacet
  facet normal -0.972422 -0.233228 0
    outer loop
      vertex -98.2185 -74.2654 2.8
      vertex -98.2734 -74.0365 8.8
      vertex -98.2734 -74.0365 2.8
    endloop
  endfacet
  facet normal -0.972422 -0.233228 0
    outer loop
      vertex -98.2734 -74.0365 8.8
      vertex -98.2185 -74.2654 2.8
      vertex -98.2185 -74.2654 8.8
    endloop
  endfacet
  facet normal -0.760575 -0.64925 0
    outer loop
      vertex -98.4865 -73.6183 2.8
      vertex -98.6393 -73.4393 8.8
      vertex -98.6393 -73.4393 2.8
    endloop
  endfacet
  facet normal -0.760575 -0.64925 0
    outer loop
      vertex -98.6393 -73.4393 8.8
      vertex -98.4865 -73.6183 2.8
      vertex -98.4865 -73.6183 8.8
    endloop
  endfacet
  facet normal -0.64925 -0.760575 0
    outer loop
      vertex -98.8183 -73.2865 2.8
      vertex -98.6393 -73.4393 8.8
      vertex -98.8183 -73.2865 8.8
    endloop
  endfacet
  facet normal -0.64925 -0.760575 -0
    outer loop
      vertex -98.6393 -73.4393 8.8
      vertex -98.8183 -73.2865 2.8
      vertex -98.6393 -73.4393 2.8
    endloop
  endfacet
  facet normal -0.382714 -0.923867 0
    outer loop
      vertex -99.2365 -73.0734 2.8
      vertex -99.019 -73.1635 8.8
      vertex -99.2365 -73.0734 8.8
    endloop
  endfacet
  facet normal -0.382714 -0.923867 -0
    outer loop
      vertex -99.019 -73.1635 8.8
      vertex -99.2365 -73.0734 2.8
      vertex -99.019 -73.1635 2.8
    endloop
  endfacet
  facet normal -0.0785803 -0.996908 0
    outer loop
      vertex -99.7 -73 2.8
      vertex -99.4653 -73.0185 8.8
      vertex -99.7 -73 8.8
    endloop
  endfacet
  facet normal -0.0785803 -0.996908 -0
    outer loop
      vertex -99.4653 -73.0185 8.8
      vertex -99.7 -73 2.8
      vertex -99.4653 -73.0185 2.8
    endloop
  endfacet
  facet normal 0.997069 -0.0765015 0
    outer loop
      vertex -101.2 -74.5 8.8
      vertex -101.182 -74.2654 2.8
      vertex -101.182 -74.2654 8.8
    endloop
  endfacet
  facet normal 0.997069 -0.0765015 0
    outer loop
      vertex -101.182 -74.2654 2.8
      vertex -101.2 -74.5 8.8
      vertex -101.2 -74.5 2.8
    endloop
  endfacet
  facet normal 0.760155 -0.649742 0
    outer loop
      vertex -100.914 -73.6183 8.8
      vertex -100.761 -73.4393 2.8
      vertex -100.761 -73.4393 8.8
    endloop
  endfacet
  facet normal 0.760155 -0.649742 0
    outer loop
      vertex -100.761 -73.4393 2.8
      vertex -100.914 -73.6183 8.8
      vertex -100.914 -73.6183 2.8
    endloop
  endfacet
  facet normal 0.521965 -0.852967 0
    outer loop
      vertex -100.582 -73.2865 2.8
      vertex -100.381 -73.1635 8.8
      vertex -100.582 -73.2865 8.8
    endloop
  endfacet
  facet normal 0.521965 -0.852967 0
    outer loop
      vertex -100.381 -73.1635 8.8
      vertex -100.582 -73.2865 2.8
      vertex -100.381 -73.1635 2.8
    endloop
  endfacet
  facet normal 0.232844 -0.972514 0
    outer loop
      vertex -100.164 -73.0734 2.8
      vertex -99.9347 -73.0185 8.8
      vertex -100.164 -73.0734 8.8
    endloop
  endfacet
  facet normal 0.232844 -0.972514 0
    outer loop
      vertex -99.9347 -73.0185 8.8
      vertex -100.164 -73.0734 2.8
      vertex -99.9347 -73.0185 2.8
    endloop
  endfacet
  facet normal 0.64925 -0.760575 0
    outer loop
      vertex -100.761 -73.4393 2.8
      vertex -100.582 -73.2865 8.8
      vertex -100.761 -73.4393 8.8
    endloop
  endfacet
  facet normal 0.64925 -0.760575 0
    outer loop
      vertex -100.582 -73.2865 8.8
      vertex -100.761 -73.4393 2.8
      vertex -100.582 -73.2865 2.8
    endloop
  endfacet
  facet normal -0.996905 -0.0786136 0
    outer loop
      vertex -98.2 -74.5 2.8
      vertex -98.2185 -74.2654 8.8
      vertex -98.2185 -74.2654 2.8
    endloop
  endfacet
  facet normal -0.996905 -0.0786136 0
    outer loop
      vertex -98.2185 -74.2654 8.8
      vertex -98.2 -74.5 2.8
      vertex -98.2 -74.5 8.8
    endloop
  endfacet
  facet normal -0.0785803 0.996908 0
    outer loop
      vertex -99.4653 -75.9815 2.8
      vertex -99.7 -76 8.8
      vertex -99.4653 -75.9815 8.8
    endloop
  endfacet
  facet normal -0.0785803 0.996908 0
    outer loop
      vertex -99.7 -76 8.8
      vertex -99.4653 -75.9815 2.8
      vertex -99.7 -76 2.8
    endloop
  endfacet
  facet normal -0.85262 0.522532 0
    outer loop
      vertex -98.4865 -75.3817 2.8
      vertex -98.3635 -75.181 8.8
      vertex -98.3635 -75.181 2.8
    endloop
  endfacet
  facet normal -0.85262 0.522532 0
    outer loop
      vertex -98.3635 -75.181 8.8
      vertex -98.4865 -75.3817 2.8
      vertex -98.4865 -75.3817 8.8
    endloop
  endfacet
  facet normal -0.972422 0.233228 0
    outer loop
      vertex -98.2734 -74.9635 2.8
      vertex -98.2185 -74.7346 8.8
      vertex -98.2185 -74.7346 2.8
    endloop
  endfacet
  facet normal -0.972422 0.233228 0
    outer loop
      vertex -98.2185 -74.7346 8.8
      vertex -98.2734 -74.9635 2.8
      vertex -98.2734 -74.9635 8.8
    endloop
  endfacet
  facet normal -0.382714 0.923867 0
    outer loop
      vertex -99.019 -75.8365 2.8
      vertex -99.2365 -75.9266 8.8
      vertex -99.019 -75.8365 8.8
    endloop
  endfacet
  facet normal -0.382714 0.923867 0
    outer loop
      vertex -99.2365 -75.9266 8.8
      vertex -99.019 -75.8365 2.8
      vertex -99.2365 -75.9266 2.8
    endloop
  endfacet
  facet normal -0.522532 0.85262 0
    outer loop
      vertex -98.8183 -75.7135 2.8
      vertex -99.019 -75.8365 8.8
      vertex -98.8183 -75.7135 8.8
    endloop
  endfacet
  facet normal -0.522532 0.85262 0
    outer loop
      vertex -99.019 -75.8365 8.8
      vertex -98.8183 -75.7135 2.8
      vertex -99.019 -75.8365 2.8
    endloop
  endfacet
  facet normal 0.0785803 0.996908 -0
    outer loop
      vertex -99.7 -76 2.8
      vertex -99.9347 -75.9815 8.8
      vertex -99.7 -76 8.8
    endloop
  endfacet
  facet normal 0.0785803 0.996908 0
    outer loop
      vertex -99.9347 -75.9815 8.8
      vertex -99.7 -76 2.8
      vertex -99.9347 -75.9815 2.8
    endloop
  endfacet
  facet normal 0.64925 0.760575 -0
    outer loop
      vertex -100.582 -75.7135 2.8
      vertex -100.761 -75.5607 8.8
      vertex -100.582 -75.7135 8.8
    endloop
  endfacet
  facet normal 0.64925 0.760575 0
    outer loop
      vertex -100.761 -75.5607 8.8
      vertex -100.582 -75.7135 2.8
      vertex -100.761 -75.5607 2.8
    endloop
  endfacet
  facet normal 0.85262 0.522532 0
    outer loop
      vertex -100.914 -75.3817 8.8
      vertex -101.037 -75.181 2.8
      vertex -101.037 -75.181 8.8
    endloop
  endfacet
  facet normal 0.85262 0.522532 0
    outer loop
      vertex -101.037 -75.181 2.8
      vertex -100.914 -75.3817 8.8
      vertex -100.914 -75.3817 2.8
    endloop
  endfacet
  facet normal 0.997069 0.0765015 0
    outer loop
      vertex -101.182 -74.7346 8.8
      vertex -101.2 -74.5 2.8
      vertex -101.2 -74.5 8.8
    endloop
  endfacet
  facet normal 0.997069 0.0765015 0
    outer loop
      vertex -101.2 -74.5 2.8
      vertex -101.182 -74.7346 8.8
      vertex -101.182 -74.7346 2.8
    endloop
  endfacet
  facet normal -0.923867 -0.382714 0
    outer loop
      vertex -98.2734 -74.0365 2.8
      vertex -98.3635 -73.819 8.8
      vertex -98.3635 -73.819 2.8
    endloop
  endfacet
  facet normal -0.923867 -0.382714 0
    outer loop
      vertex -98.3635 -73.819 8.8
      vertex -98.2734 -74.0365 2.8
      vertex -98.2734 -74.0365 8.8
    endloop
  endfacet
  facet normal 0.0785803 -0.996908 0
    outer loop
      vertex -99.9347 -73.0185 2.8
      vertex -99.7 -73 8.8
      vertex -99.9347 -73.0185 8.8
    endloop
  endfacet
  facet normal 0.0785803 -0.996908 0
    outer loop
      vertex -99.7 -73 8.8
      vertex -99.9347 -73.0185 2.8
      vertex -99.7 -73 2.8
    endloop
  endfacet
  facet normal -0.233325 -0.972399 0
    outer loop
      vertex -99.4653 -73.0185 2.8
      vertex -99.2365 -73.0734 8.8
      vertex -99.4653 -73.0185 8.8
    endloop
  endfacet
  facet normal -0.233325 -0.972399 -0
    outer loop
      vertex -99.2365 -73.0734 8.8
      vertex -99.4653 -73.0185 2.8
      vertex -99.2365 -73.0734 2.8
    endloop
  endfacet
  facet normal 0.924017 -0.382352 0
    outer loop
      vertex -101.127 -74.0365 8.8
      vertex -101.037 -73.819 2.8
      vertex -101.037 -73.819 8.8
    endloop
  endfacet
  facet normal 0.924017 -0.382352 0
    outer loop
      vertex -101.037 -73.819 2.8
      vertex -101.127 -74.0365 8.8
      vertex -101.127 -74.0365 2.8
    endloop
  endfacet
  facet normal 0.972326 -0.23363 0
    outer loop
      vertex -101.182 -74.2654 8.8
      vertex -101.127 -74.0365 2.8
      vertex -101.127 -74.0365 8.8
    endloop
  endfacet
  facet normal 0.972326 -0.23363 0
    outer loop
      vertex -101.127 -74.0365 2.8
      vertex -101.182 -74.2654 8.8
      vertex -101.182 -74.2654 2.8
    endloop
  endfacet
  facet normal -0.233325 0.972399 0
    outer loop
      vertex -99.2365 -75.9266 2.8
      vertex -99.4653 -75.9815 8.8
      vertex -99.2365 -75.9266 8.8
    endloop
  endfacet
  facet normal -0.233325 0.972399 0
    outer loop
      vertex -99.4653 -75.9815 8.8
      vertex -99.2365 -75.9266 2.8
      vertex -99.4653 -75.9815 2.8
    endloop
  endfacet
  facet normal -0.64925 0.760575 0
    outer loop
      vertex -98.6393 -75.5607 2.8
      vertex -98.8183 -75.7135 8.8
      vertex -98.6393 -75.5607 8.8
    endloop
  endfacet
  facet normal -0.64925 0.760575 0
    outer loop
      vertex -98.8183 -75.7135 8.8
      vertex -98.6393 -75.5607 2.8
      vertex -98.8183 -75.7135 2.8
    endloop
  endfacet
  facet normal 0.383467 0.923555 -0
    outer loop
      vertex -100.164 -75.9266 2.8
      vertex -100.381 -75.8365 8.8
      vertex -100.164 -75.9266 8.8
    endloop
  endfacet
  facet normal 0.383467 0.923555 0
    outer loop
      vertex -100.381 -75.8365 8.8
      vertex -100.164 -75.9266 2.8
      vertex -100.381 -75.8365 2.8
    endloop
  endfacet
  facet normal 0.521965 0.852967 -0
    outer loop
      vertex -100.381 -75.8365 2.8
      vertex -100.582 -75.7135 8.8
      vertex -100.381 -75.8365 8.8
    endloop
  endfacet
  facet normal 0.521965 0.852967 0
    outer loop
      vertex -100.582 -75.7135 8.8
      vertex -100.381 -75.8365 2.8
      vertex -100.582 -75.7135 2.8
    endloop
  endfacet
  facet normal 0.972326 0.23363 0
    outer loop
      vertex -101.127 -74.9635 8.8
      vertex -101.182 -74.7346 2.8
      vertex -101.182 -74.7346 8.8
    endloop
  endfacet
  facet normal 0.972326 0.23363 0
    outer loop
      vertex -101.182 -74.7346 2.8
      vertex -101.127 -74.9635 8.8
      vertex -101.127 -74.9635 2.8
    endloop
  endfacet
  facet normal 0.760155 0.649742 0
    outer loop
      vertex -100.761 -75.5607 8.8
      vertex -100.914 -75.3817 2.8
      vertex -100.914 -75.3817 8.8
    endloop
  endfacet
  facet normal 0.760155 0.649742 0
    outer loop
      vertex -100.914 -75.3817 2.8
      vertex -100.761 -75.5607 8.8
      vertex -100.761 -75.5607 2.8
    endloop
  endfacet
  facet normal -0.923867 0.382714 0
    outer loop
      vertex -98.3635 -75.181 2.8
      vertex -98.2734 -74.9635 8.8
      vertex -98.2734 -74.9635 2.8
    endloop
  endfacet
  facet normal -0.923867 0.382714 0
    outer loop
      vertex -98.2734 -74.9635 8.8
      vertex -98.3635 -75.181 2.8
      vertex -98.3635 -75.181 8.8
    endloop
  endfacet
  facet normal -0.760575 0.64925 0
    outer loop
      vertex -98.6393 -75.5607 2.8
      vertex -98.4865 -75.3817 8.8
      vertex -98.4865 -75.3817 2.8
    endloop
  endfacet
  facet normal -0.760575 0.64925 0
    outer loop
      vertex -98.4865 -75.3817 8.8
      vertex -98.6393 -75.5607 2.8
      vertex -98.6393 -75.5607 8.8
    endloop
  endfacet
  facet normal 0.232844 0.972514 -0
    outer loop
      vertex -99.9347 -75.9815 2.8
      vertex -100.164 -75.9266 8.8
      vertex -99.9347 -75.9815 8.8
    endloop
  endfacet
  facet normal 0.232844 0.972514 0
    outer loop
      vertex -100.164 -75.9266 8.8
      vertex -99.9347 -75.9815 2.8
      vertex -100.164 -75.9266 2.8
    endloop
  endfacet
  facet normal 0.760371 -0.649489 0
    outer loop
      vertex -87.7451 -12.0611 2.8
      vertex -87.2355 -11.4645 0
      vertex -87.2355 -11.4645 2.8
    endloop
  endfacet
  facet normal 0.760371 -0.649489 0
    outer loop
      vertex -87.2355 -11.4645 0
      vertex -87.7451 -12.0611 2.8
      vertex -87.7451 -12.0611 0
    endloop
  endfacet
  facet normal -0.996913 -0.0785092 0
    outer loop
      vertex -10 -15 0
      vertex -10.0616 -14.2178 2.8
      vertex -10.0616 -14.2178 0
    endloop
  endfacet
  facet normal -0.996913 -0.0785092 0
    outer loop
      vertex -10.0616 -14.2178 2.8
      vertex -10 -15 0
      vertex -10 -15 2.8
    endloop
  endfacet
  facet normal 0 -1 0
    outer loop
      vertex -83.7 -10 0
      vertex -15 -10 2.8
      vertex -83.7 -10 2.8
    endloop
  endfacet
  facet normal 0 -1 -0
    outer loop
      vertex -15 -10 2.8
      vertex -83.7 -10 0
      vertex -15 -10 0
    endloop
  endfacet
  facet normal 1 -0 0
    outer loop
      vertex -88.7 -48.8358 2.8
      vertex -88.7 -15 0
      vertex -88.7 -15 2.8
    endloop
  endfacet
  facet normal 1 0 0
    outer loop
      vertex -88.7 -15 0
      vertex -88.7 -48.8358 2.8
      vertex -88.7 -48.8358 0
    endloop
  endfacet
  facet normal 1 -0 0
    outer loop
      vertex -88.7 -58.5 2.8
      vertex -88.7 -51.1642 0
      vertex -88.7 -51.1642 2.8
    endloop
  endfacet
  facet normal 1 0 0
    outer loop
      vertex -88.7 -51.1642 0
      vertex -88.7 -58.5 2.8
      vertex -88.7 -58.5 0
    endloop
  endfacet
  facet normal -0.0785092 -0.996913 0
    outer loop
      vertex -15 -10 0
      vertex -14.2178 -10.0616 2.8
      vertex -15 -10 2.8
    endloop
  endfacet
  facet normal -0.0785092 -0.996913 -0
    outer loop
      vertex -14.2178 -10.0616 2.8
      vertex -15 -10 0
      vertex -14.2178 -10.0616 0
    endloop
  endfacet
  facet normal -1 0 0
    outer loop
      vertex -10 -58.5 0
      vertex -10 -15 2.8
      vertex -10 -15 0
    endloop
  endfacet
  facet normal -1 -0 0
    outer loop
      vertex -10 -15 2.8
      vertex -10 -58.5 0
      vertex -10 -58.5 2.8
    endloop
  endfacet
  facet normal -0.972386 -0.233378 0
    outer loop
      vertex -10.0616 -14.2178 0
      vertex -10.2447 -13.4549 2.8
      vertex -10.2447 -13.4549 0
    endloop
  endfacet
  facet normal -0.972386 -0.233378 0
    outer loop
      vertex -10.2447 -13.4549 2.8
      vertex -10.0616 -14.2178 0
      vertex -10.0616 -14.2178 2.8
    endloop
  endfacet
  facet normal 0.382723 -0.923863 0
    outer loop
      vertex -85.97 -10.545 0
      vertex -85.2451 -10.2447 2.8
      vertex -85.97 -10.545 2.8
    endloop
  endfacet
  facet normal 0.382723 -0.923863 0
    outer loop
      vertex -85.2451 -10.2447 2.8
      vertex -85.97 -10.545 0
      vertex -85.2451 -10.2447 0
    endloop
  endfacet
  facet normal -0.233378 -0.972386 0
    outer loop
      vertex -14.2178 -10.0616 0
      vertex -13.4549 -10.2447 2.8
      vertex -14.2178 -10.0616 2.8
    endloop
  endfacet
  facet normal -0.233378 -0.972386 -0
    outer loop
      vertex -13.4549 -10.2447 2.8
      vertex -14.2178 -10.0616 0
      vertex -13.4549 -10.2447 0
    endloop
  endfacet
  facet normal -0.760371 -0.649489 0
    outer loop
      vertex -10.9549 -12.0611 0
      vertex -11.4645 -11.4645 2.8
      vertex -11.4645 -11.4645 0
    endloop
  endfacet
  facet normal -0.760371 -0.649489 0
    outer loop
      vertex -11.4645 -11.4645 2.8
      vertex -10.9549 -12.0611 0
      vertex -10.9549 -12.0611 2.8
    endloop
  endfacet
  facet normal 0.996913 -0.0785092 0
    outer loop
      vertex -88.7 -15 2.8
      vertex -88.6384 -14.2178 0
      vertex -88.6384 -14.2178 2.8
    endloop
  endfacet
  facet normal 0.996913 -0.0785092 0
    outer loop
      vertex -88.6384 -14.2178 0
      vertex -88.7 -15 2.8
      vertex -88.7 -15 0
    endloop
  endfacet
  facet normal 0.0785092 -0.996913 0
    outer loop
      vertex -84.4822 -10.0616 0
      vertex -83.7 -10 2.8
      vertex -84.4822 -10.0616 2.8
    endloop
  endfacet
  facet normal 0.0785092 -0.996913 0
    outer loop
      vertex -83.7 -10 2.8
      vertex -84.4822 -10.0616 0
      vertex -83.7 -10 0
    endloop
  endfacet
  facet normal 0.233378 -0.972386 0
    outer loop
      vertex -85.2451 -10.2447 0
      vertex -84.4822 -10.0616 2.8
      vertex -85.2451 -10.2447 2.8
    endloop
  endfacet
  facet normal 0.233378 -0.972386 0
    outer loop
      vertex -84.4822 -10.0616 2.8
      vertex -85.2451 -10.2447 0
      vertex -84.4822 -10.0616 0
    endloop
  endfacet
  facet normal -0.923863 -0.382723 0
    outer loop
      vertex -10.2447 -13.4549 0
      vertex -10.545 -12.73 2.8
      vertex -10.545 -12.73 0
    endloop
  endfacet
  facet normal -0.923863 -0.382723 0
    outer loop
      vertex -10.545 -12.73 2.8
      vertex -10.2447 -13.4549 0
      vertex -10.2447 -13.4549 2.8
    endloop
  endfacet
  facet normal 0.649489 -0.760371 0
    outer loop
      vertex -87.2355 -11.4645 0
      vertex -86.6389 -10.9549 2.8
      vertex -87.2355 -11.4645 2.8
    endloop
  endfacet
  facet normal 0.649489 -0.760371 0
    outer loop
      vertex -86.6389 -10.9549 2.8
      vertex -87.2355 -11.4645 0
      vertex -86.6389 -10.9549 0
    endloop
  endfacet
  facet normal 0.522496 -0.852642 0
    outer loop
      vertex -86.6389 -10.9549 0
      vertex -85.97 -10.545 2.8
      vertex -86.6389 -10.9549 2.8
    endloop
  endfacet
  facet normal 0.522496 -0.852642 0
    outer loop
      vertex -85.97 -10.545 2.8
      vertex -86.6389 -10.9549 0
      vertex -85.97 -10.545 0
    endloop
  endfacet
  facet normal 0.923863 -0.382723 0
    outer loop
      vertex -88.4553 -13.4549 2.8
      vertex -88.155 -12.73 0
      vertex -88.155 -12.73 2.8
    endloop
  endfacet
  facet normal 0.923863 -0.382723 0
    outer loop
      vertex -88.155 -12.73 0
      vertex -88.4553 -13.4549 2.8
      vertex -88.4553 -13.4549 0
    endloop
  endfacet
  facet normal 0.852642 -0.522496 0
    outer loop
      vertex -88.155 -12.73 2.8
      vertex -87.7451 -12.0611 0
      vertex -87.7451 -12.0611 2.8
    endloop
  endfacet
  facet normal 0.852642 -0.522496 0
    outer loop
      vertex -87.7451 -12.0611 0
      vertex -88.155 -12.73 2.8
      vertex -88.155 -12.73 0
    endloop
  endfacet
  facet normal 0.972386 -0.233378 0
    outer loop
      vertex -88.6384 -14.2178 2.8
      vertex -88.4553 -13.4549 0
      vertex -88.4553 -13.4549 2.8
    endloop
  endfacet
  facet normal 0.972386 -0.233378 0
    outer loop
      vertex -88.4553 -13.4549 0
      vertex -88.6384 -14.2178 2.8
      vertex -88.6384 -14.2178 0
    endloop
  endfacet
  facet normal -0.382723 -0.923863 0
    outer loop
      vertex -13.4549 -10.2447 0
      vertex -12.73 -10.545 2.8
      vertex -13.4549 -10.2447 2.8
    endloop
  endfacet
  facet normal -0.382723 -0.923863 -0
    outer loop
      vertex -12.73 -10.545 2.8
      vertex -13.4549 -10.2447 0
      vertex -12.73 -10.545 0
    endloop
  endfacet
  facet normal -0.522496 -0.852642 0
    outer loop
      vertex -12.73 -10.545 0
      vertex -12.0611 -10.9549 2.8
      vertex -12.73 -10.545 2.8
    endloop
  endfacet
  facet normal -0.522496 -0.852642 -0
    outer loop
      vertex -12.0611 -10.9549 2.8
      vertex -12.73 -10.545 0
      vertex -12.0611 -10.9549 0
    endloop
  endfacet
  facet normal -0.649489 -0.760371 0
    outer loop
      vertex -12.0611 -10.9549 0
      vertex -11.4645 -11.4645 2.8
      vertex -12.0611 -10.9549 2.8
    endloop
  endfacet
  facet normal -0.649489 -0.760371 -0
    outer loop
      vertex -11.4645 -11.4645 2.8
      vertex -12.0611 -10.9549 0
      vertex -11.4645 -11.4645 0
    endloop
  endfacet
  facet normal -0.852642 -0.522496 0
    outer loop
      vertex -10.545 -12.73 0
      vertex -10.9549 -12.0611 2.8
      vertex -10.9549 -12.0611 0
    endloop
  endfacet
  facet normal -0.852642 -0.522496 0
    outer loop
      vertex -10.9549 -12.0611 2.8
      vertex -10.545 -12.73 0
      vertex -10.545 -12.73 2.8
    endloop
  endfacet
  facet normal -0.99691 0.0785565 0
    outer loop
      vertex -10.0394 -59 0
      vertex -10 -58.5 2.8
      vertex -10 -58.5 0
    endloop
  endfacet
  facet normal -0.99691 0.0785565 0
    outer loop
      vertex -10 -58.5 2.8
      vertex -10.0394 -59 0
      vertex -10.0394 -59 2.8
    endloop
  endfacet
  facet normal 0.996925 0.0783583 0
    outer loop
      vertex -88.6607 -59 2.8
      vertex -88.7 -58.5 0
      vertex -88.7 -58.5 2.8
    endloop
  endfacet
  facet normal 0.996925 0.0783583 0
    outer loop
      vertex -88.7 -58.5 0
      vertex -88.6607 -59 2.8
      vertex -88.6607 -59 0
    endloop
  endfacet
  facet normal 0.649489 0.760371 -0
    outer loop
      vertex -86.6389 10.9549 0
      vertex -87.2355 11.4645 2.8
      vertex -86.6389 10.9549 2.8
    endloop
  endfacet
  facet normal 0.649489 0.760371 0
    outer loop
      vertex -87.2355 11.4645 2.8
      vertex -86.6389 10.9549 0
      vertex -87.2355 11.4645 0
    endloop
  endfacet
  facet normal -0.99691 -0.0785565 0
    outer loop
      vertex -10 58.5 0
      vertex -10.0394 59 2.8
      vertex -10.0394 59 0
    endloop
  endfacet
  facet normal -0.99691 -0.0785565 0
    outer loop
      vertex -10.0394 59 2.8
      vertex -10 58.5 0
      vertex -10 58.5 2.8
    endloop
  endfacet
  facet normal 0 1 -0
    outer loop
      vertex -15 10 0
      vertex -83.7 10 2.8
      vertex -15 10 2.8
    endloop
  endfacet
  facet normal 0 1 0
    outer loop
      vertex -83.7 10 2.8
      vertex -15 10 0
      vertex -83.7 10 0
    endloop
  endfacet
  facet normal 1 -0 0
    outer loop
      vertex -88.7 51.1642 2.8
      vertex -88.7 58.5 0
      vertex -88.7 58.5 2.8
    endloop
  endfacet
  facet normal 1 0 0
    outer loop
      vertex -88.7 58.5 0
      vertex -88.7 51.1642 2.8
      vertex -88.7 51.1642 0
    endloop
  endfacet
  facet normal 1 -0 0
    outer loop
      vertex -88.7 15 2.8
      vertex -88.7 48.8358 0
      vertex -88.7 48.8358 2.8
    endloop
  endfacet
  facet normal 1 0 0
    outer loop
      vertex -88.7 48.8358 0
      vertex -88.7 15 2.8
      vertex -88.7 15 0
    endloop
  endfacet
  facet normal -1 0 0
    outer loop
      vertex -10 15 0
      vertex -10 58.5 2.8
      vertex -10 58.5 0
    endloop
  endfacet
  facet normal -1 -0 0
    outer loop
      vertex -10 58.5 2.8
      vertex -10 15 0
      vertex -10 15 2.8
    endloop
  endfacet
  facet normal -0.382723 0.923863 0
    outer loop
      vertex -12.73 10.545 0
      vertex -13.4549 10.2447 2.8
      vertex -12.73 10.545 2.8
    endloop
  endfacet
  facet normal -0.382723 0.923863 0
    outer loop
      vertex -13.4549 10.2447 2.8
      vertex -12.73 10.545 0
      vertex -13.4549 10.2447 0
    endloop
  endfacet
  facet normal 0.760371 0.649489 0
    outer loop
      vertex -87.2355 11.4645 2.8
      vertex -87.7451 12.0611 0
      vertex -87.7451 12.0611 2.8
    endloop
  endfacet
  facet normal 0.760371 0.649489 0
    outer loop
      vertex -87.7451 12.0611 0
      vertex -87.2355 11.4645 2.8
      vertex -87.2355 11.4645 0
    endloop
  endfacet
  facet normal -0.760371 0.649489 0
    outer loop
      vertex -11.4645 11.4645 0
      vertex -10.9549 12.0611 2.8
      vertex -10.9549 12.0611 0
    endloop
  endfacet
  facet normal -0.760371 0.649489 0
    outer loop
      vertex -10.9549 12.0611 2.8
      vertex -11.4645 11.4645 0
      vertex -11.4645 11.4645 2.8
    endloop
  endfacet
  facet normal -0.923863 0.382723 0
    outer loop
      vertex -10.545 12.73 0
      vertex -10.2447 13.4549 2.8
      vertex -10.2447 13.4549 0
    endloop
  endfacet
  facet normal -0.923863 0.382723 0
    outer loop
      vertex -10.2447 13.4549 2.8
      vertex -10.545 12.73 0
      vertex -10.545 12.73 2.8
    endloop
  endfacet
  facet normal -0.852642 0.522496 0
    outer loop
      vertex -10.9549 12.0611 0
      vertex -10.545 12.73 2.8
      vertex -10.545 12.73 0
    endloop
  endfacet
  facet normal -0.852642 0.522496 0
    outer loop
      vertex -10.545 12.73 2.8
      vertex -10.9549 12.0611 0
      vertex -10.9549 12.0611 2.8
    endloop
  endfacet
  facet normal 0.0785092 0.996913 -0
    outer loop
      vertex -83.7 10 0
      vertex -84.4822 10.0616 2.8
      vertex -83.7 10 2.8
    endloop
  endfacet
  facet normal 0.0785092 0.996913 0
    outer loop
      vertex -84.4822 10.0616 2.8
      vertex -83.7 10 0
      vertex -84.4822 10.0616 0
    endloop
  endfacet
  facet normal 0.233378 0.972386 -0
    outer loop
      vertex -84.4822 10.0616 0
      vertex -85.2451 10.2447 2.8
      vertex -84.4822 10.0616 2.8
    endloop
  endfacet
  facet normal 0.233378 0.972386 0
    outer loop
      vertex -85.2451 10.2447 2.8
      vertex -84.4822 10.0616 0
      vertex -85.2451 10.2447 0
    endloop
  endfacet
  facet normal -0.0785092 0.996913 0
    outer loop
      vertex -14.2178 10.0616 0
      vertex -15 10 2.8
      vertex -14.2178 10.0616 2.8
    endloop
  endfacet
  facet normal -0.0785092 0.996913 0
    outer loop
      vertex -15 10 2.8
      vertex -14.2178 10.0616 0
      vertex -15 10 0
    endloop
  endfacet
  facet normal 0.996913 0.0785092 0
    outer loop
      vertex -88.6384 14.2178 2.8
      vertex -88.7 15 0
      vertex -88.7 15 2.8
    endloop
  endfacet
  facet normal 0.996913 0.0785092 0
    outer loop
      vertex -88.7 15 0
      vertex -88.6384 14.2178 2.8
      vertex -88.6384 14.2178 0
    endloop
  endfacet
  facet normal 0.996925 -0.0783583 0
    outer loop
      vertex -88.7 58.5 2.8
      vertex -88.6607 59 0
      vertex -88.6607 59 2.8
    endloop
  endfacet
  facet normal 0.996925 -0.0783583 0
    outer loop
      vertex -88.6607 59 0
      vertex -88.7 58.5 2.8
      vertex -88.7 58.5 0
    endloop
  endfacet
  facet normal -0.972386 0.233378 0
    outer loop
      vertex -10.2447 13.4549 0
      vertex -10.0616 14.2178 2.8
      vertex -10.0616 14.2178 0
    endloop
  endfacet
  facet normal -0.972386 0.233378 0
    outer loop
      vertex -10.0616 14.2178 2.8
      vertex -10.2447 13.4549 0
      vertex -10.2447 13.4549 2.8
    endloop
  endfacet
  facet normal -0.996913 0.0785092 0
    outer loop
      vertex -10.0616 14.2178 0
      vertex -10 15 2.8
      vertex -10 15 0
    endloop
  endfacet
  facet normal -0.996913 0.0785092 0
    outer loop
      vertex -10 15 2.8
      vertex -10.0616 14.2178 0
      vertex -10.0616 14.2178 2.8
    endloop
  endfacet
  facet normal 0.522496 0.852642 -0
    outer loop
      vertex -85.97 10.545 0
      vertex -86.6389 10.9549 2.8
      vertex -85.97 10.545 2.8
    endloop
  endfacet
  facet normal 0.522496 0.852642 0
    outer loop
      vertex -86.6389 10.9549 2.8
      vertex -85.97 10.545 0
      vertex -86.6389 10.9549 0
    endloop
  endfacet
  facet normal 0.382723 0.923863 -0
    outer loop
      vertex -85.2451 10.2447 0
      vertex -85.97 10.545 2.8
      vertex -85.2451 10.2447 2.8
    endloop
  endfacet
  facet normal 0.382723 0.923863 0
    outer loop
      vertex -85.97 10.545 2.8
      vertex -85.2451 10.2447 0
      vertex -85.97 10.545 0
    endloop
  endfacet
  facet normal -0.233378 0.972386 0
    outer loop
      vertex -13.4549 10.2447 0
      vertex -14.2178 10.0616 2.8
      vertex -13.4549 10.2447 2.8
    endloop
  endfacet
  facet normal -0.233378 0.972386 0
    outer loop
      vertex -14.2178 10.0616 2.8
      vertex -13.4549 10.2447 0
      vertex -14.2178 10.0616 0
    endloop
  endfacet
  facet normal -0.522496 0.852642 0
    outer loop
      vertex -12.0611 10.9549 0
      vertex -12.73 10.545 2.8
      vertex -12.0611 10.9549 2.8
    endloop
  endfacet
  facet normal -0.522496 0.852642 0
    outer loop
      vertex -12.73 10.545 2.8
      vertex -12.0611 10.9549 0
      vertex -12.73 10.545 0
    endloop
  endfacet
  facet normal -0.649489 0.760371 0
    outer loop
      vertex -11.4645 11.4645 0
      vertex -12.0611 10.9549 2.8
      vertex -11.4645 11.4645 2.8
    endloop
  endfacet
  facet normal -0.649489 0.760371 0
    outer loop
      vertex -12.0611 10.9549 2.8
      vertex -11.4645 11.4645 0
      vertex -12.0611 10.9549 0
    endloop
  endfacet
  facet normal 0.923863 0.382723 0
    outer loop
      vertex -88.155 12.73 2.8
      vertex -88.4553 13.4549 0
      vertex -88.4553 13.4549 2.8
    endloop
  endfacet
  facet normal 0.923863 0.382723 0
    outer loop
      vertex -88.4553 13.4549 0
      vertex -88.155 12.73 2.8
      vertex -88.155 12.73 0
    endloop
  endfacet
  facet normal 0.972386 0.233378 0
    outer loop
      vertex -88.4553 13.4549 2.8
      vertex -88.6384 14.2178 0
      vertex -88.6384 14.2178 2.8
    endloop
  endfacet
  facet normal 0.972386 0.233378 0
    outer loop
      vertex -88.6384 14.2178 0
      vertex -88.4553 13.4549 2.8
      vertex -88.4553 13.4549 0
    endloop
  endfacet
  facet normal 0.852642 0.522496 0
    outer loop
      vertex -87.7451 12.0611 2.8
      vertex -88.155 12.73 0
      vertex -88.155 12.73 2.8
    endloop
  endfacet
  facet normal 0.852642 0.522496 0
    outer loop
      vertex -88.155 12.73 0
      vertex -87.7451 12.0611 2.8
      vertex -87.7451 12.0611 0
    endloop
  endfacet
  facet normal -0.996913 -0.0785092 0
    outer loop
      vertex 88.7 -15 0
      vertex 88.6384 -14.2178 2.8
      vertex 88.6384 -14.2178 0
    endloop
  endfacet
  facet normal -0.996913 -0.0785092 0
    outer loop
      vertex 88.6384 -14.2178 2.8
      vertex 88.7 -15 0
      vertex 88.7 -15 2.8
    endloop
  endfacet
  facet normal 0 -1 0
    outer loop
      vertex 15 -10 0
      vertex 83.7 -10 2.8
      vertex 15 -10 2.8
    endloop
  endfacet
  facet normal 0 -1 -0
    outer loop
      vertex 83.7 -10 2.8
      vertex 15 -10 0
      vertex 83.7 -10 0
    endloop
  endfacet
  facet normal 1 -0 0
    outer loop
      vertex 10 -58.5 2.8
      vertex 10 -15 0
      vertex 10 -15 2.8
    endloop
  endfacet
  facet normal 1 0 0
    outer loop
      vertex 10 -15 0
      vertex 10 -58.5 2.8
      vertex 10 -58.5 0
    endloop
  endfacet
  facet normal -0.923863 -0.382723 0
    outer loop
      vertex 88.4553 -13.4549 0
      vertex 88.155 -12.73 2.8
      vertex 88.155 -12.73 0
    endloop
  endfacet
  facet normal -0.923863 -0.382723 0
    outer loop
      vertex 88.155 -12.73 2.8
      vertex 88.4553 -13.4549 0
      vertex 88.4553 -13.4549 2.8
    endloop
  endfacet
  facet normal -1 0 0
    outer loop
      vertex 88.7 -48.8358 0
      vertex 88.7 -15 2.8
      vertex 88.7 -15 0
    endloop
  endfacet
  facet normal -1 -0 0
    outer loop
      vertex 88.7 -15 2.8
      vertex 88.7 -48.8358 0
      vertex 88.7 -48.8358 2.8
    endloop
  endfacet
  facet normal -1 0 0
    outer loop
      vertex 88.7 -58.5 0
      vertex 88.7 -51.1642 2.8
      vertex 88.7 -51.1642 0
    endloop
  endfacet
  facet normal -1 -0 0
    outer loop
      vertex 88.7 -51.1642 2.8
      vertex 88.7 -58.5 0
      vertex 88.7 -58.5 2.8
    endloop
  endfacet
  facet normal -0.972386 -0.233378 0
    outer loop
      vertex 88.6384 -14.2178 0
      vertex 88.4553 -13.4549 2.8
      vertex 88.4553 -13.4549 0
    endloop
  endfacet
  facet normal -0.972386 -0.233378 0
    outer loop
      vertex 88.4553 -13.4549 2.8
      vertex 88.6384 -14.2178 0
      vertex 88.6384 -14.2178 2.8
    endloop
  endfacet
  facet normal 0.382723 -0.923863 0
    outer loop
      vertex 12.73 -10.545 0
      vertex 13.4549 -10.2447 2.8
      vertex 12.73 -10.545 2.8
    endloop
  endfacet
  facet normal 0.382723 -0.923863 0
    outer loop
      vertex 13.4549 -10.2447 2.8
      vertex 12.73 -10.545 0
      vertex 13.4549 -10.2447 0
    endloop
  endfacet
  facet normal -0.760371 -0.649489 0
    outer loop
      vertex 87.7451 -12.0611 0
      vertex 87.2355 -11.4645 2.8
      vertex 87.2355 -11.4645 0
    endloop
  endfacet
  facet normal -0.760371 -0.649489 0
    outer loop
      vertex 87.2355 -11.4645 2.8
      vertex 87.7451 -12.0611 0
      vertex 87.7451 -12.0611 2.8
    endloop
  endfacet
  facet normal 0.760371 -0.649489 0
    outer loop
      vertex 10.9549 -12.0611 2.8
      vertex 11.4645 -11.4645 0
      vertex 11.4645 -11.4645 2.8
    endloop
  endfacet
  facet normal 0.760371 -0.649489 0
    outer loop
      vertex 11.4645 -11.4645 0
      vertex 10.9549 -12.0611 2.8
      vertex 10.9549 -12.0611 0
    endloop
  endfacet
  facet normal 0.996913 -0.0785092 0
    outer loop
      vertex 10 -15 2.8
      vertex 10.0616 -14.2178 0
      vertex 10.0616 -14.2178 2.8
    endloop
  endfacet
  facet normal 0.996913 -0.0785092 0
    outer loop
      vertex 10.0616 -14.2178 0
      vertex 10 -15 2.8
      vertex 10 -15 0
    endloop
  endfacet
  facet normal 0.0785092 -0.996913 0
    outer loop
      vertex 14.2178 -10.0616 0
      vertex 15 -10 2.8
      vertex 14.2178 -10.0616 2.8
    endloop
  endfacet
  facet normal 0.0785092 -0.996913 0
    outer loop
      vertex 15 -10 2.8
      vertex 14.2178 -10.0616 0
      vertex 15 -10 0
    endloop
  endfacet
  facet normal 0.233378 -0.972386 0
    outer loop
      vertex 13.4549 -10.2447 0
      vertex 14.2178 -10.0616 2.8
      vertex 13.4549 -10.2447 2.8
    endloop
  endfacet
  facet normal 0.233378 -0.972386 0
    outer loop
      vertex 14.2178 -10.0616 2.8
      vertex 13.4549 -10.2447 0
      vertex 14.2178 -10.0616 0
    endloop
  endfacet
  facet normal -0.0785092 -0.996913 0
    outer loop
      vertex 83.7 -10 0
      vertex 84.4822 -10.0616 2.8
      vertex 83.7 -10 2.8
    endloop
  endfacet
  facet normal -0.0785092 -0.996913 -0
    outer loop
      vertex 84.4822 -10.0616 2.8
      vertex 83.7 -10 0
      vertex 84.4822 -10.0616 0
    endloop
  endfacet
  facet normal 0.649489 -0.760371 0
    outer loop
      vertex 11.4645 -11.4645 0
      vertex 12.0611 -10.9549 2.8
      vertex 11.4645 -11.4645 2.8
    endloop
  endfacet
  facet normal 0.649489 -0.760371 0
    outer loop
      vertex 12.0611 -10.9549 2.8
      vertex 11.4645 -11.4645 0
      vertex 12.0611 -10.9549 0
    endloop
  endfacet
  facet normal 0.522496 -0.852642 0
    outer loop
      vertex 12.0611 -10.9549 0
      vertex 12.73 -10.545 2.8
      vertex 12.0611 -10.9549 2.8
    endloop
  endfacet
  facet normal 0.522496 -0.852642 0
    outer loop
      vertex 12.73 -10.545 2.8
      vertex 12.0611 -10.9549 0
      vertex 12.73 -10.545 0
    endloop
  endfacet
  facet normal 0.923863 -0.382723 0
    outer loop
      vertex 10.2447 -13.4549 2.8
      vertex 10.545 -12.73 0
      vertex 10.545 -12.73 2.8
    endloop
  endfacet
  facet normal 0.923863 -0.382723 0
    outer loop
      vertex 10.545 -12.73 0
      vertex 10.2447 -13.4549 2.8
      vertex 10.2447 -13.4549 0
    endloop
  endfacet
  facet normal 0.852642 -0.522496 0
    outer loop
      vertex 10.545 -12.73 2.8
      vertex 10.9549 -12.0611 0
      vertex 10.9549 -12.0611 2.8
    endloop
  endfacet
  facet normal 0.852642 -0.522496 0
    outer loop
      vertex 10.9549 -12.0611 0
      vertex 10.545 -12.73 2.8
      vertex 10.545 -12.73 0
    endloop
  endfacet
  facet normal 0.972386 -0.233378 0
    outer loop
      vertex 10.0616 -14.2178 2.8
      vertex 10.2447 -13.4549 0
      vertex 10.2447 -13.4549 2.8
    endloop
  endfacet
  facet normal 0.972386 -0.233378 0
    outer loop
      vertex 10.2447 -13.4549 0
      vertex 10.0616 -14.2178 2.8
      vertex 10.0616 -14.2178 0
    endloop
  endfacet
  facet normal -0.382723 -0.923863 0
    outer loop
      vertex 85.2451 -10.2447 0
      vertex 85.97 -10.545 2.8
      vertex 85.2451 -10.2447 2.8
    endloop
  endfacet
  facet normal -0.382723 -0.923863 -0
    outer loop
      vertex 85.97 -10.545 2.8
      vertex 85.2451 -10.2447 0
      vertex 85.97 -10.545 0
    endloop
  endfacet
  facet normal -0.522496 -0.852642 0
    outer loop
      vertex 85.97 -10.545 0
      vertex 86.6389 -10.9549 2.8
      vertex 85.97 -10.545 2.8
    endloop
  endfacet
  facet normal -0.522496 -0.852642 -0
    outer loop
      vertex 86.6389 -10.9549 2.8
      vertex 85.97 -10.545 0
      vertex 86.6389 -10.9549 0
    endloop
  endfacet
  facet normal -0.649489 -0.760371 0
    outer loop
      vertex 86.6389 -10.9549 0
      vertex 87.2355 -11.4645 2.8
      vertex 86.6389 -10.9549 2.8
    endloop
  endfacet
  facet normal -0.649489 -0.760371 -0
    outer loop
      vertex 87.2355 -11.4645 2.8
      vertex 86.6389 -10.9549 0
      vertex 87.2355 -11.4645 0
    endloop
  endfacet
  facet normal -0.852642 -0.522496 0
    outer loop
      vertex 88.155 -12.73 0
      vertex 87.7451 -12.0611 2.8
      vertex 87.7451 -12.0611 0
    endloop
  endfacet
  facet normal -0.852642 -0.522496 0
    outer loop
      vertex 87.7451 -12.0611 2.8
      vertex 88.155 -12.73 0
      vertex 88.155 -12.73 2.8
    endloop
  endfacet
  facet normal -0.996925 0.0783583 0
    outer loop
      vertex 88.6607 -59 0
      vertex 88.7 -58.5 2.8
      vertex 88.7 -58.5 0
    endloop
  endfacet
  facet normal -0.996925 0.0783583 0
    outer loop
      vertex 88.7 -58.5 2.8
      vertex 88.6607 -59 0
      vertex 88.6607 -59 2.8
    endloop
  endfacet
  facet normal 0.99691 0.0785565 0
    outer loop
      vertex 10.0394 -59 2.8
      vertex 10 -58.5 0
      vertex 10 -58.5 2.8
    endloop
  endfacet
  facet normal 0.99691 0.0785565 0
    outer loop
      vertex 10 -58.5 0
      vertex 10.0394 -59 2.8
      vertex 10.0394 -59 0
    endloop
  endfacet
  facet normal -0.233378 -0.972386 0
    outer loop
      vertex 84.4822 -10.0616 0
      vertex 85.2451 -10.2447 2.8
      vertex 84.4822 -10.0616 2.8
    endloop
  endfacet
  facet normal -0.233378 -0.972386 -0
    outer loop
      vertex 85.2451 -10.2447 2.8
      vertex 84.4822 -10.0616 0
      vertex 85.2451 -10.2447 0
    endloop
  endfacet
  facet normal 0.649489 0.760371 -0
    outer loop
      vertex 12.0611 10.9549 0
      vertex 11.4645 11.4645 2.8
      vertex 12.0611 10.9549 2.8
    endloop
  endfacet
  facet normal 0.649489 0.760371 0
    outer loop
      vertex 11.4645 11.4645 2.8
      vertex 12.0611 10.9549 0
      vertex 11.4645 11.4645 0
    endloop
  endfacet
  facet normal -0.996925 -0.0783583 0
    outer loop
      vertex 88.7 58.5 0
      vertex 88.6607 59 2.8
      vertex 88.6607 59 0
    endloop
  endfacet
  facet normal -0.996925 -0.0783583 0
    outer loop
      vertex 88.6607 59 2.8
      vertex 88.7 58.5 0
      vertex 88.7 58.5 2.8
    endloop
  endfacet
  facet normal 0 1 -0
    outer loop
      vertex 83.7 10 0
      vertex 15 10 2.8
      vertex 83.7 10 2.8
    endloop
  endfacet
  facet normal 0 1 0
    outer loop
      vertex 15 10 2.8
      vertex 83.7 10 0
      vertex 15 10 0
    endloop
  endfacet
  facet normal 1 -0 0
    outer loop
      vertex 10 15 2.8
      vertex 10 58.5 0
      vertex 10 58.5 2.8
    endloop
  endfacet
  facet normal 1 0 0
    outer loop
      vertex 10 58.5 0
      vertex 10 15 2.8
      vertex 10 15 0
    endloop
  endfacet
  facet normal -1 0 0
    outer loop
      vertex 88.7 51.1642 0
      vertex 88.7 58.5 2.8
      vertex 88.7 58.5 0
    endloop
  endfacet
  facet normal -1 -0 0
    outer loop
      vertex 88.7 58.5 2.8
      vertex 88.7 51.1642 0
      vertex 88.7 51.1642 2.8
    endloop
  endfacet
  facet normal -1 0 0
    outer loop
      vertex 88.7 15 0
      vertex 88.7 48.8358 2.8
      vertex 88.7 48.8358 0
    endloop
  endfacet
  facet normal -1 -0 0
    outer loop
      vertex 88.7 48.8358 2.8
      vertex 88.7 15 0
      vertex 88.7 15 2.8
    endloop
  endfacet
  facet normal -0.382723 0.923863 0
    outer loop
      vertex 85.97 10.545 0
      vertex 85.2451 10.2447 2.8
      vertex 85.97 10.545 2.8
    endloop
  endfacet
  facet normal -0.382723 0.923863 0
    outer loop
      vertex 85.2451 10.2447 2.8
      vertex 85.97 10.545 0
      vertex 85.2451 10.2447 0
    endloop
  endfacet
  facet normal 0.760371 0.649489 0
    outer loop
      vertex 11.4645 11.4645 2.8
      vertex 10.9549 12.0611 0
      vertex 10.9549 12.0611 2.8
    endloop
  endfacet
  facet normal 0.760371 0.649489 0
    outer loop
      vertex 10.9549 12.0611 0
      vertex 11.4645 11.4645 2.8
      vertex 11.4645 11.4645 0
    endloop
  endfacet
  facet normal 0.233378 0.972386 -0
    outer loop
      vertex 14.2178 10.0616 0
      vertex 13.4549 10.2447 2.8
      vertex 14.2178 10.0616 2.8
    endloop
  endfacet
  facet normal 0.233378 0.972386 0
    outer loop
      vertex 13.4549 10.2447 2.8
      vertex 14.2178 10.0616 0
      vertex 13.4549 10.2447 0
    endloop
  endfacet
  facet normal -0.0785092 0.996913 0
    outer loop
      vertex 84.4822 10.0616 0
      vertex 83.7 10 2.8
      vertex 84.4822 10.0616 2.8
    endloop
  endfacet
  facet normal -0.0785092 0.996913 0
    outer loop
      vertex 83.7 10 2.8
      vertex 84.4822 10.0616 0
      vertex 83.7 10 0
    endloop
  endfacet
  facet normal 0.996913 0.0785092 0
    outer loop
      vertex 10.0616 14.2178 2.8
      vertex 10 15 0
      vertex 10 15 2.8
    endloop
  endfacet
  facet normal 0.996913 0.0785092 0
    outer loop
      vertex 10 15 0
      vertex 10.0616 14.2178 2.8
      vertex 10.0616 14.2178 0
    endloop
  endfacet
  facet normal 0.99691 -0.0785565 0
    outer loop
      vertex 10 58.5 2.8
      vertex 10.0394 59 0
      vertex 10.0394 59 2.8
    endloop
  endfacet
  facet normal 0.99691 -0.0785565 0
    outer loop
      vertex 10.0394 59 0
      vertex 10 58.5 2.8
      vertex 10 58.5 0
    endloop
  endfacet
  facet normal -0.760371 0.649489 0
    outer loop
      vertex 87.2355 11.4645 0
      vertex 87.7451 12.0611 2.8
      vertex 87.7451 12.0611 0
    endloop
  endfacet
  facet normal -0.760371 0.649489 0
    outer loop
      vertex 87.7451 12.0611 2.8
      vertex 87.2355 11.4645 0
      vertex 87.2355 11.4645 2.8
    endloop
  endfacet
  facet normal -0.923863 0.382723 0
    outer loop
      vertex 88.155 12.73 0
      vertex 88.4553 13.4549 2.8
      vertex 88.4553 13.4549 0
    endloop
  endfacet
  facet normal -0.923863 0.382723 0
    outer loop
      vertex 88.4553 13.4549 2.8
      vertex 88.155 12.73 0
      vertex 88.155 12.73 2.8
    endloop
  endfacet
  facet normal -0.852642 0.522496 0
    outer loop
      vertex 87.7451 12.0611 0
      vertex 88.155 12.73 2.8
      vertex 88.155 12.73 0
    endloop
  endfacet
  facet normal -0.852642 0.522496 0
    outer loop
      vertex 88.155 12.73 2.8
      vertex 87.7451 12.0611 0
      vertex 87.7451 12.0611 2.8
    endloop
  endfacet
  facet normal 0.522496 0.852642 -0
    outer loop
      vertex 12.73 10.545 0
      vertex 12.0611 10.9549 2.8
      vertex 12.73 10.545 2.8
    endloop
  endfacet
  facet normal 0.522496 0.852642 0
    outer loop
      vertex 12.0611 10.9549 2.8
      vertex 12.73 10.545 0
      vertex 12.0611 10.9549 0
    endloop
  endfacet
  facet normal 0.382723 0.923863 -0
    outer loop
      vertex 13.4549 10.2447 0
      vertex 12.73 10.545 2.8
      vertex 13.4549 10.2447 2.8
    endloop
  endfacet
  facet normal 0.382723 0.923863 0
    outer loop
      vertex 12.73 10.545 2.8
      vertex 13.4549 10.2447 0
      vertex 12.73 10.545 0
    endloop
  endfacet
  facet normal 0.0785092 0.996913 -0
    outer loop
      vertex 15 10 0
      vertex 14.2178 10.0616 2.8
      vertex 15 10 2.8
    endloop
  endfacet
  facet normal 0.0785092 0.996913 0
    outer loop
      vertex 14.2178 10.0616 2.8
      vertex 15 10 0
      vertex 14.2178 10.0616 0
    endloop
  endfacet
  facet normal -0.233378 0.972386 0
    outer loop
      vertex 85.2451 10.2447 0
      vertex 84.4822 10.0616 2.8
      vertex 85.2451 10.2447 2.8
    endloop
  endfacet
  facet normal -0.233378 0.972386 0
    outer loop
      vertex 84.4822 10.0616 2.8
      vertex 85.2451 10.2447 0
      vertex 84.4822 10.0616 0
    endloop
  endfacet
  facet normal -0.522496 0.852642 0
    outer loop
      vertex 86.6389 10.9549 0
      vertex 85.97 10.545 2.8
      vertex 86.6389 10.9549 2.8
    endloop
  endfacet
  facet normal -0.522496 0.852642 0
    outer loop
      vertex 85.97 10.545 2.8
      vertex 86.6389 10.9549 0
      vertex 85.97 10.545 0
    endloop
  endfacet
  facet normal -0.649489 0.760371 0
    outer loop
      vertex 87.2355 11.4645 0
      vertex 86.6389 10.9549 2.8
      vertex 87.2355 11.4645 2.8
    endloop
  endfacet
  facet normal -0.649489 0.760371 0
    outer loop
      vertex 86.6389 10.9549 2.8
      vertex 87.2355 11.4645 0
      vertex 86.6389 10.9549 0
    endloop
  endfacet
  facet normal 0.923863 0.382723 0
    outer loop
      vertex 10.545 12.73 2.8
      vertex 10.2447 13.4549 0
      vertex 10.2447 13.4549 2.8
    endloop
  endfacet
  facet normal 0.923863 0.382723 0
    outer loop
      vertex 10.2447 13.4549 0
      vertex 10.545 12.73 2.8
      vertex 10.545 12.73 0
    endloop
  endfacet
  facet normal 0.972386 0.233378 0
    outer loop
      vertex 10.2447 13.4549 2.8
      vertex 10.0616 14.2178 0
      vertex 10.0616 14.2178 2.8
    endloop
  endfacet
  facet normal 0.972386 0.233378 0
    outer loop
      vertex 10.0616 14.2178 0
      vertex 10.2447 13.4549 2.8
      vertex 10.2447 13.4549 0
    endloop
  endfacet
  facet normal -0.972386 0.233378 0
    outer loop
      vertex 88.4553 13.4549 0
      vertex 88.6384 14.2178 2.8
      vertex 88.6384 14.2178 0
    endloop
  endfacet
  facet normal -0.972386 0.233378 0
    outer loop
      vertex 88.6384 14.2178 2.8
      vertex 88.4553 13.4549 0
      vertex 88.4553 13.4549 2.8
    endloop
  endfacet
  facet normal -0.996913 0.0785092 0
    outer loop
      vertex 88.6384 14.2178 0
      vertex 88.7 15 2.8
      vertex 88.7 15 0
    endloop
  endfacet
  facet normal -0.996913 0.0785092 0
    outer loop
      vertex 88.7 15 2.8
      vertex 88.6384 14.2178 0
      vertex 88.6384 14.2178 2.8
    endloop
  endfacet
  facet normal 0.852642 0.522496 0
    outer loop
      vertex 10.9549 12.0611 2.8
      vertex 10.545 12.73 0
      vertex 10.545 12.73 2.8
    endloop
  endfacet
  facet normal 0.852642 0.522496 0
    outer loop
      vertex 10.545 12.73 0
      vertex 10.9549 12.0611 2.8
      vertex 10.9549 12.0611 0
    endloop
  endfacet
endsolid OpenSCAD_Model
