solid OpenSCAD_Model
  facet normal -1 0 0
    outer loop
      vertex -224 -77.8 0
      vertex -224 77.8 13.6
      vertex -224 77.8 0
    endloop
  endfacet
  facet normal -1 -0 0
    outer loop
      vertex -224 77.8 13.6
      vertex -224 -77.8 0
      vertex -224 -77.8 13.6
    endloop
  endfacet
  facet normal -0.996948 0.0780733 0
    outer loop
      vertex -224 77.8 0
      vertex -223.951 78.4257 13.6
      vertex -223.951 78.4257 0
    endloop
  endfacet
  facet normal -0.996948 0.0780733 0
    outer loop
      vertex -223.951 78.4257 13.6
      vertex -224 77.8 0
      vertex -224 77.8 13.6
    endloop
  endfacet
  facet normal 0 1 -0
    outer loop
      vertex -14 81.8 0
      vertex -220 81.8 13.6
      vertex -14 81.8 13.6
    endloop
  endfacet
  facet normal 0 1 0
    outer loop
      vertex -220 81.8 13.6
      vertex -14 81.8 0
      vertex -220 81.8 0
    endloop
  endfacet
  facet normal 1 -0 0
    outer loop
      vertex -10 -77.8 13.6
      vertex -10 77.8 0
      vertex -10 77.8 13.6
    endloop
  endfacet
  facet normal 1 0 0
    outer loop
      vertex -10 77.8 0
      vertex -10 -77.8 13.6
      vertex -10 -77.8 0
    endloop
  endfacet
  facet normal 0 0 -1
    outer loop
      vertex -14 -81.8 0
      vertex -10 -77.8 0
      vertex -10.0492 -78.4257 0
    endloop
  endfacet
  facet normal -0 0 -1
    outer loop
      vertex -10 -77.8 0
      vertex -14 -81.8 0
      vertex -10 77.8 0
    endloop
  endfacet
  facet normal 0 0 -1
    outer loop
      vertex -14 -81.8 0
      vertex -10.0492 -78.4257 0
      vertex -10.1958 -79.0361 0
    endloop
  endfacet
  facet normal 0 0 -1
    outer loop
      vertex -14 81.8 0
      vertex -10 77.8 0
      vertex -14 -81.8 0
    endloop
  endfacet
  facet normal 0 0 -1
    outer loop
      vertex -14 -81.8 0
      vertex -10.1958 -79.0361 0
      vertex -10.436 -79.616 0
    endloop
  endfacet
  facet normal 0 0 -1
    outer loop
      vertex -10 77.8 0
      vertex -14 81.8 0
      vertex -10.0492 78.4257 0
    endloop
  endfacet
  facet normal 0 0 -1
    outer loop
      vertex -14 -81.8 0
      vertex -10.436 -79.616 0
      vertex -10.7639 -80.1511 0
    endloop
  endfacet
  facet normal 0 0 -1
    outer loop
      vertex -10.0492 78.4257 0
      vertex -14 81.8 0
      vertex -10.1958 79.0361 0
    endloop
  endfacet
  facet normal 0 0 -1
    outer loop
      vertex -14 -81.8 0
      vertex -10.7639 -80.1511 0
      vertex -11.1716 -80.6284 0
    endloop
  endfacet
  facet normal 0 0 -1
    outer loop
      vertex -10.1958 79.0361 0
      vertex -14 81.8 0
      vertex -10.436 79.616 0
    endloop
  endfacet
  facet normal 0 0 -1
    outer loop
      vertex -14 -81.8 0
      vertex -11.1716 -80.6284 0
      vertex -11.6489 -81.0361 0
    endloop
  endfacet
  facet normal 0 0 -1
    outer loop
      vertex -10.436 79.616 0
      vertex -14 81.8 0
      vertex -10.7639 80.1511 0
    endloop
  endfacet
  facet normal 0 0 -1
    outer loop
      vertex -14 -81.8 0
      vertex -11.6489 -81.0361 0
      vertex -12.184 -81.364 0
    endloop
  endfacet
  facet normal 0 0 -1
    outer loop
      vertex -10.7639 80.1511 0
      vertex -14 81.8 0
      vertex -11.1716 80.6284 0
    endloop
  endfacet
  facet normal 0 0 -1
    outer loop
      vertex -14 -81.8 0
      vertex -12.184 -81.364 0
      vertex -12.7639 -81.6042 0
    endloop
  endfacet
  facet normal 0 0 -1
    outer loop
      vertex -11.1716 80.6284 0
      vertex -14 81.8 0
      vertex -11.6489 81.0361 0
    endloop
  endfacet
  facet normal 0 0 -1
    outer loop
      vertex -14 -81.8 0
      vertex -12.7639 -81.6042 0
      vertex -13.3743 -81.7508 0
    endloop
  endfacet
  facet normal 0 0 -1
    outer loop
      vertex -11.6489 81.0361 0
      vertex -14 81.8 0
      vertex -12.184 81.364 0
    endloop
  endfacet
  facet normal 0 0 -1
    outer loop
      vertex -12.184 81.364 0
      vertex -14 81.8 0
      vertex -12.7639 81.6042 0
    endloop
  endfacet
  facet normal 0 0 -1
    outer loop
      vertex -12.7639 81.6042 0
      vertex -14 81.8 0
      vertex -13.3743 81.7508 0
    endloop
  endfacet
  facet normal 0 0 -1
    outer loop
      vertex -220 -81.8 0
      vertex -14 81.8 0
      vertex -14 -81.8 0
    endloop
  endfacet
  facet normal 0 0 -1
    outer loop
      vertex -220 -81.8 0
      vertex -220 81.8 0
      vertex -14 81.8 0
    endloop
  endfacet
  facet normal 0 0 -1
    outer loop
      vertex -224 -77.8 0
      vertex -220 -81.8 0
      vertex -220.626 -81.7508 0
    endloop
  endfacet
  facet normal 0 0 -1
    outer loop
      vertex -220 -81.8 0
      vertex -224 -77.8 0
      vertex -220 81.8 0
    endloop
  endfacet
  facet normal 0 0 -1
    outer loop
      vertex -224 -77.8 0
      vertex -220.626 -81.7508 0
      vertex -221.236 -81.6042 0
    endloop
  endfacet
  facet normal 0 0 -1
    outer loop
      vertex -224 77.8 0
      vertex -220 81.8 0
      vertex -224 -77.8 0
    endloop
  endfacet
  facet normal 0 0 -1
    outer loop
      vertex -224 -77.8 0
      vertex -221.236 -81.6042 0
      vertex -221.816 -81.364 0
    endloop
  endfacet
  facet normal 0 0 -1
    outer loop
      vertex -220 81.8 0
      vertex -224 77.8 0
      vertex -220.626 81.7508 0
    endloop
  endfacet
  facet normal 0 0 -1
    outer loop
      vertex -224 -77.8 0
      vertex -221.816 -81.364 0
      vertex -222.351 -81.0361 0
    endloop
  endfacet
  facet normal 0 0 -1
    outer loop
      vertex -220.626 81.7508 0
      vertex -224 77.8 0
      vertex -221.236 81.6042 0
    endloop
  endfacet
  facet normal 0 0 -1
    outer loop
      vertex -224 -77.8 0
      vertex -222.351 -81.0361 0
      vertex -222.828 -80.6284 0
    endloop
  endfacet
  facet normal 0 0 -1
    outer loop
      vertex -221.236 81.6042 0
      vertex -224 77.8 0
      vertex -221.816 81.364 0
    endloop
  endfacet
  facet normal 0 0 -1
    outer loop
      vertex -224 -77.8 0
      vertex -222.828 -80.6284 0
      vertex -223.236 -80.1511 0
    endloop
  endfacet
  facet normal 0 0 -1
    outer loop
      vertex -221.816 81.364 0
      vertex -224 77.8 0
      vertex -222.351 81.0361 0
    endloop
  endfacet
  facet normal 0 0 -1
    outer loop
      vertex -224 -77.8 0
      vertex -223.236 -80.1511 0
      vertex -223.564 -79.616 0
    endloop
  endfacet
  facet normal 0 0 -1
    outer loop
      vertex -222.351 81.0361 0
      vertex -224 77.8 0
      vertex -222.828 80.6284 0
    endloop
  endfacet
  facet normal 0 0 -1
    outer loop
      vertex -224 -77.8 0
      vertex -223.564 -79.616 0
      vertex -223.804 -79.0361 0
    endloop
  endfacet
  facet normal 0 0 -1
    outer loop
      vertex -222.828 80.6284 0
      vertex -224 77.8 0
      vertex -223.236 80.1511 0
    endloop
  endfacet
  facet normal 0 0 -1
    outer loop
      vertex -224 -77.8 0
      vertex -223.804 -79.0361 0
      vertex -223.951 -78.4257 0
    endloop
  endfacet
  facet normal 0 0 -1
    outer loop
      vertex -223.236 80.1511 0
      vertex -224 77.8 0
      vertex -223.564 79.616 0
    endloop
  endfacet
  facet normal 0 0 -1
    outer loop
      vertex -223.564 79.616 0
      vertex -224 77.8 0
      vertex -223.804 79.0361 0
    endloop
  endfacet
  facet normal 0 0 -1
    outer loop
      vertex -223.804 79.0361 0
      vertex -224 77.8 0
      vertex -223.951 78.4257 0
    endloop
  endfacet
  facet normal -0.760133 0.649768 0
    outer loop
      vertex -223.236 80.1511 0
      vertex -222.828 80.6284 13.6
      vertex -222.828 80.6284 0
    endloop
  endfacet
  facet normal -0.760133 0.649768 0
    outer loop
      vertex -222.828 80.6284 13.6
      vertex -223.236 80.1511 0
      vertex -223.236 80.1511 13.6
    endloop
  endfacet
  facet normal 0 -1 0
    outer loop
      vertex -220 -81.8 0
      vertex -14 -81.8 13.6
      vertex -220 -81.8 13.6
    endloop
  endfacet
  facet normal 0 -1 -0
    outer loop
      vertex -14 -81.8 13.6
      vertex -220 -81.8 0
      vertex -14 -81.8 0
    endloop
  endfacet
  facet normal 0.649492 -0.760369 0
    outer loop
      vertex -11.6489 -81.0361 0
      vertex -11.1716 -80.6284 13.6
      vertex -11.6489 -81.0361 13.6
    endloop
  endfacet
  facet normal 0.649492 -0.760369 0
    outer loop
      vertex -11.1716 -80.6284 13.6
      vertex -11.6489 -81.0361 0
      vertex -11.1716 -80.6284 0
    endloop
  endfacet
  facet normal -0.649728 -0.760167 0
    outer loop
      vertex -222.828 -80.6284 0
      vertex -222.351 -81.0361 13.6
      vertex -222.828 -80.6284 13.6
    endloop
  endfacet
  facet normal -0.649728 -0.760167 -0
    outer loop
      vertex -222.351 -81.0361 13.6
      vertex -222.828 -80.6284 0
      vertex -222.351 -81.0361 0
    endloop
  endfacet
  facet normal -0.996948 -0.0780733 0
    outer loop
      vertex -223.951 -78.4257 0
      vertex -224 -77.8 13.6
      vertex -224 -77.8 0
    endloop
  endfacet
  facet normal -0.996948 -0.0780733 0
    outer loop
      vertex -224 -77.8 13.6
      vertex -223.951 -78.4257 0
      vertex -223.951 -78.4257 13.6
    endloop
  endfacet
  facet normal -0.972205 0.234132 0
    outer loop
      vertex -223.951 78.4257 0
      vertex -223.804 79.0361 13.6
      vertex -223.804 79.0361 0
    endloop
  endfacet
  facet normal -0.972205 0.234132 0
    outer loop
      vertex -223.804 79.0361 13.6
      vertex -223.951 78.4257 0
      vertex -223.951 78.4257 13.6
    endloop
  endfacet
  facet normal -0.923994 0.382408 0
    outer loop
      vertex -223.804 79.0361 0
      vertex -223.564 79.616 13.6
      vertex -223.564 79.616 0
    endloop
  endfacet
  facet normal -0.923994 0.382408 0
    outer loop
      vertex -223.564 79.616 13.6
      vertex -223.804 79.0361 0
      vertex -223.804 79.0361 13.6
    endloop
  endfacet
  facet normal -0.649728 0.760167 0
    outer loop
      vertex -222.351 81.0361 0
      vertex -222.828 80.6284 13.6
      vertex -222.351 81.0361 13.6
    endloop
  endfacet
  facet normal -0.649728 0.760167 0
    outer loop
      vertex -222.828 80.6284 13.6
      vertex -222.351 81.0361 0
      vertex -222.828 80.6284 0
    endloop
  endfacet
  facet normal 0.07839 0.996923 -0
    outer loop
      vertex -13.3743 81.7508 0
      vertex -14 81.8 13.6
      vertex -13.3743 81.7508 13.6
    endloop
  endfacet
  facet normal 0.07839 0.996923 0
    outer loop
      vertex -14 81.8 13.6
      vertex -13.3743 81.7508 0
      vertex -14 81.8 0
    endloop
  endfacet
  facet normal -0.522558 -0.852604 0
    outer loop
      vertex -222.351 -81.0361 0
      vertex -221.816 -81.364 13.6
      vertex -222.351 -81.0361 13.6
    endloop
  endfacet
  facet normal -0.522558 -0.852604 -0
    outer loop
      vertex -221.816 -81.364 13.6
      vertex -222.351 -81.0361 0
      vertex -221.816 -81.364 0
    endloop
  endfacet
  facet normal -0.382624 -0.923904 0
    outer loop
      vertex -221.816 -81.364 0
      vertex -221.236 -81.6042 13.6
      vertex -221.816 -81.364 13.6
    endloop
  endfacet
  facet normal -0.382624 -0.923904 -0
    outer loop
      vertex -221.236 -81.6042 13.6
      vertex -221.816 -81.364 0
      vertex -221.236 -81.6042 0
    endloop
  endfacet
  facet normal -0.0783526 -0.996926 0
    outer loop
      vertex -220.626 -81.7508 0
      vertex -220 -81.8 13.6
      vertex -220.626 -81.7508 13.6
    endloop
  endfacet
  facet normal -0.0783526 -0.996926 -0
    outer loop
      vertex -220 -81.8 13.6
      vertex -220.626 -81.7508 0
      vertex -220 -81.8 0
    endloop
  endfacet
  facet normal -0.923994 -0.382408 0
    outer loop
      vertex -223.564 -79.616 0
      vertex -223.804 -79.0361 13.6
      vertex -223.804 -79.0361 0
    endloop
  endfacet
  facet normal -0.923994 -0.382408 0
    outer loop
      vertex -223.804 -79.0361 13.6
      vertex -223.564 -79.616 0
      vertex -223.564 -79.616 13.6
    endloop
  endfacet
  facet normal -0.760133 -0.649768 0
    outer loop
      vertex -222.828 -80.6284 0
      vertex -223.236 -80.1511 13.6
      vertex -223.236 -80.1511 0
    endloop
  endfacet
  facet normal -0.760133 -0.649768 0
    outer loop
      vertex -223.236 -80.1511 13.6
      vertex -222.828 -80.6284 0
      vertex -222.828 -80.6284 13.6
    endloop
  endfacet
  facet normal -0.972205 -0.234132 0
    outer loop
      vertex -223.804 -79.0361 0
      vertex -223.951 -78.4257 13.6
      vertex -223.951 -78.4257 0
    endloop
  endfacet
  facet normal -0.972205 -0.234132 0
    outer loop
      vertex -223.951 -78.4257 13.6
      vertex -223.804 -79.0361 0
      vertex -223.804 -79.0361 13.6
    endloop
  endfacet
  facet normal 0 0 1
    outer loop
      vertex -215.4 -75.3 13.6
      vertex -213.5 -75.3 13.6
      vertex -213.549 -74.6743 13.6
    endloop
  endfacet
  facet normal 0 0 1
    outer loop
      vertex -215.426 -74.9715 13.6
      vertex -213.549 -74.6743 13.6
      vertex -213.696 -74.0639 13.6
    endloop
  endfacet
  facet normal 0 0 1
    outer loop
      vertex -213.5 -75.3 13.6
      vertex -215.4 -75.3 13.6
      vertex -213.549 -75.9257 13.6
    endloop
  endfacet
  facet normal 0 0 1
    outer loop
      vertex -215.503 -74.6511 13.6
      vertex -213.696 -74.0639 13.6
      vertex -213.936 -73.484 13.6
    endloop
  endfacet
  facet normal -0 0 1
    outer loop
      vertex -215.426 -75.6285 13.6
      vertex -213.549 -75.9257 13.6
      vertex -215.4 -75.3 13.6
    endloop
  endfacet
  facet normal 0 0 1
    outer loop
      vertex -215.629 -74.3466 13.6
      vertex -213.936 -73.484 13.6
      vertex -214.264 -72.9489 13.6
    endloop
  endfacet
  facet normal 0 0 1
    outer loop
      vertex -213.549 -75.9257 13.6
      vertex -215.426 -75.6285 13.6
      vertex -213.696 -76.5361 13.6
    endloop
  endfacet
  facet normal 0 0 1
    outer loop
      vertex -215.801 -74.0657 13.6
      vertex -214.264 -72.9489 13.6
      vertex -214.672 -72.4716 13.6
    endloop
  endfacet
  facet normal -0 0 1
    outer loop
      vertex -215.503 -75.9489 13.6
      vertex -213.696 -76.5361 13.6
      vertex -215.426 -75.6285 13.6
    endloop
  endfacet
  facet normal 0 0 1
    outer loop
      vertex -216.015 -73.8151 13.6
      vertex -214.672 -72.4716 13.6
      vertex -215.149 -72.0639 13.6
    endloop
  endfacet
  facet normal 0 0 1
    outer loop
      vertex -213.696 -76.5361 13.6
      vertex -215.503 -75.9489 13.6
      vertex -213.936 -77.116 13.6
    endloop
  endfacet
  facet normal -0 0 1
    outer loop
      vertex -215.629 -76.2534 13.6
      vertex -213.936 -77.116 13.6
      vertex -215.503 -75.9489 13.6
    endloop
  endfacet
  facet normal 0 0 1
    outer loop
      vertex -213.549 -74.6743 13.6
      vertex -215.426 -74.9715 13.6
      vertex -215.4 -75.3 13.6
    endloop
  endfacet
  facet normal 0 0 1
    outer loop
      vertex -213.696 -74.0639 13.6
      vertex -215.503 -74.6511 13.6
      vertex -215.426 -74.9715 13.6
    endloop
  endfacet
  facet normal 0 0 1
    outer loop
      vertex -213.936 -73.484 13.6
      vertex -215.629 -74.3466 13.6
      vertex -215.503 -74.6511 13.6
    endloop
  endfacet
  facet normal 0 0 1
    outer loop
      vertex -216.266 -73.6011 13.6
      vertex -215.149 -72.0639 13.6
      vertex -215.684 -71.736 13.6
    endloop
  endfacet
  facet normal 0 0 1
    outer loop
      vertex -214.264 -72.9489 13.6
      vertex -215.801 -74.0657 13.6
      vertex -215.629 -74.3466 13.6
    endloop
  endfacet
  facet normal 0 0 1
    outer loop
      vertex -214.672 -72.4716 13.6
      vertex -216.015 -73.8151 13.6
      vertex -215.801 -74.0657 13.6
    endloop
  endfacet
  facet normal 0 0 1
    outer loop
      vertex -216.547 -73.4289 13.6
      vertex -215.684 -71.736 13.6
      vertex -216.264 -71.4958 13.6
    endloop
  endfacet
  facet normal 0 0 1
    outer loop
      vertex -215.149 -72.0639 13.6
      vertex -216.266 -73.6011 13.6
      vertex -216.015 -73.8151 13.6
    endloop
  endfacet
  facet normal 0 0 1
    outer loop
      vertex -215.684 -71.736 13.6
      vertex -216.547 -73.4289 13.6
      vertex -216.266 -73.6011 13.6
    endloop
  endfacet
  facet normal 0 0 1
    outer loop
      vertex -216.264 -71.4958 13.6
      vertex -216.851 -73.3028 13.6
      vertex -216.547 -73.4289 13.6
    endloop
  endfacet
  facet normal 0 0 1
    outer loop
      vertex -216.874 -71.3492 13.6
      vertex -216.851 -73.3028 13.6
      vertex -216.264 -71.4958 13.6
    endloop
  endfacet
  facet normal 0 0 1
    outer loop
      vertex -216.874 -71.3492 13.6
      vertex -217.171 -73.2259 13.6
      vertex -216.851 -73.3028 13.6
    endloop
  endfacet
  facet normal 0 0 1
    outer loop
      vertex -217.5 -71.3 13.6
      vertex -217.171 -73.2259 13.6
      vertex -216.874 -71.3492 13.6
    endloop
  endfacet
  facet normal 0 0 1
    outer loop
      vertex -217.5 -71.3 13.6
      vertex -217.5 -73.2 13.6
      vertex -217.171 -73.2259 13.6
    endloop
  endfacet
  facet normal 0 0 1
    outer loop
      vertex -217.5 -71.3 13.6
      vertex -217.829 -73.2259 13.6
      vertex -217.5 -73.2 13.6
    endloop
  endfacet
  facet normal -0 0 1
    outer loop
      vertex -218.126 -71.3492 13.6
      vertex -217.829 -73.2259 13.6
      vertex -217.5 -71.3 13.6
    endloop
  endfacet
  facet normal 0 0 1
    outer loop
      vertex -218.126 -71.3492 13.6
      vertex -218.149 -73.3028 13.6
      vertex -217.829 -73.2259 13.6
    endloop
  endfacet
  facet normal -0 0 1
    outer loop
      vertex -218.736 -71.4958 13.6
      vertex -218.149 -73.3028 13.6
      vertex -218.126 -71.3492 13.6
    endloop
  endfacet
  facet normal 0 0 1
    outer loop
      vertex -218.149 -73.3028 13.6
      vertex -218.736 -71.4958 13.6
      vertex -218.453 -73.4289 13.6
    endloop
  endfacet
  facet normal -0 0 1
    outer loop
      vertex -219.316 -71.736 13.6
      vertex -218.453 -73.4289 13.6
      vertex -218.736 -71.4958 13.6
    endloop
  endfacet
  facet normal 0 0 1
    outer loop
      vertex -218.453 -73.4289 13.6
      vertex -219.316 -71.736 13.6
      vertex -218.734 -73.6011 13.6
    endloop
  endfacet
  facet normal -0 0 1
    outer loop
      vertex -219.851 -72.0639 13.6
      vertex -218.734 -73.6011 13.6
      vertex -219.316 -71.736 13.6
    endloop
  endfacet
  facet normal 0 0 1
    outer loop
      vertex -218.734 -73.6011 13.6
      vertex -219.851 -72.0639 13.6
      vertex -218.985 -73.8151 13.6
    endloop
  endfacet
  facet normal -0 0 1
    outer loop
      vertex -220.328 -72.4716 13.6
      vertex -218.985 -73.8151 13.6
      vertex -219.851 -72.0639 13.6
    endloop
  endfacet
  facet normal 0 0 1
    outer loop
      vertex -218.985 -73.8151 13.6
      vertex -220.328 -72.4716 13.6
      vertex -219.199 -74.0657 13.6
    endloop
  endfacet
  facet normal -0 0 1
    outer loop
      vertex -220.736 -72.9489 13.6
      vertex -219.199 -74.0657 13.6
      vertex -220.328 -72.4716 13.6
    endloop
  endfacet
  facet normal -0 0 1
    outer loop
      vertex -221.064 -73.484 13.6
      vertex -219.371 -74.3466 13.6
      vertex -220.736 -72.9489 13.6
    endloop
  endfacet
  facet normal 0 0 1
    outer loop
      vertex -219.199 -74.0657 13.6
      vertex -220.736 -72.9489 13.6
      vertex -219.371 -74.3466 13.6
    endloop
  endfacet
  facet normal 0 0 1
    outer loop
      vertex -213.936 -77.116 13.6
      vertex -215.629 -76.2534 13.6
      vertex -214.264 -77.6511 13.6
    endloop
  endfacet
  facet normal -0 0 1
    outer loop
      vertex -215.801 -76.5343 13.6
      vertex -214.264 -77.6511 13.6
      vertex -215.629 -76.2534 13.6
    endloop
  endfacet
  facet normal 0 0 1
    outer loop
      vertex -214.264 -77.6511 13.6
      vertex -215.801 -76.5343 13.6
      vertex -214.672 -78.1284 13.6
    endloop
  endfacet
  facet normal -0 0 1
    outer loop
      vertex -216.015 -76.7849 13.6
      vertex -214.672 -78.1284 13.6
      vertex -215.801 -76.5343 13.6
    endloop
  endfacet
  facet normal 0 0 1
    outer loop
      vertex -214.672 -78.1284 13.6
      vertex -216.015 -76.7849 13.6
      vertex -215.149 -78.5361 13.6
    endloop
  endfacet
  facet normal -0 0 1
    outer loop
      vertex -216.266 -76.9989 13.6
      vertex -215.149 -78.5361 13.6
      vertex -216.015 -76.7849 13.6
    endloop
  endfacet
  facet normal 0 0 1
    outer loop
      vertex -215.149 -78.5361 13.6
      vertex -216.266 -76.9989 13.6
      vertex -215.684 -78.864 13.6
    endloop
  endfacet
  facet normal -0 0 1
    outer loop
      vertex -216.547 -77.1711 13.6
      vertex -215.684 -78.864 13.6
      vertex -216.266 -76.9989 13.6
    endloop
  endfacet
  facet normal 0 0 1
    outer loop
      vertex -215.684 -78.864 13.6
      vertex -216.547 -77.1711 13.6
      vertex -216.264 -79.1042 13.6
    endloop
  endfacet
  facet normal -0 0 1
    outer loop
      vertex -216.851 -77.2972 13.6
      vertex -216.264 -79.1042 13.6
      vertex -216.547 -77.1711 13.6
    endloop
  endfacet
  facet normal 0 0 1
    outer loop
      vertex -216.851 -77.2972 13.6
      vertex -216.874 -79.2508 13.6
      vertex -216.264 -79.1042 13.6
    endloop
  endfacet
  facet normal -0 0 1
    outer loop
      vertex -217.171 -77.3741 13.6
      vertex -216.874 -79.2508 13.6
      vertex -216.851 -77.2972 13.6
    endloop
  endfacet
  facet normal 0 0 1
    outer loop
      vertex -217.171 -77.3741 13.6
      vertex -217.5 -79.3 13.6
      vertex -216.874 -79.2508 13.6
    endloop
  endfacet
  facet normal 0 0 1
    outer loop
      vertex -217.5 -79.3 13.6
      vertex -217.171 -77.3741 13.6
      vertex -217.5 -77.4 13.6
    endloop
  endfacet
  facet normal 0 0 1
    outer loop
      vertex -14.4 -75.3 13.6
      vertex -12.5 -75.3 13.6
      vertex -12.5492 -74.6743 13.6
    endloop
  endfacet
  facet normal 0 0 1
    outer loop
      vertex -14.4259 -74.9715 13.6
      vertex -12.5492 -74.6743 13.6
      vertex -12.6958 -74.0639 13.6
    endloop
  endfacet
  facet normal 0 0 1
    outer loop
      vertex -12.5 -75.3 13.6
      vertex -14.4 -75.3 13.6
      vertex -12.5492 -75.9257 13.6
    endloop
  endfacet
  facet normal 0 0 1
    outer loop
      vertex -14.5028 -74.6511 13.6
      vertex -12.6958 -74.0639 13.6
      vertex -12.936 -73.484 13.6
    endloop
  endfacet
  facet normal -0 0 1
    outer loop
      vertex -14.4259 -75.6285 13.6
      vertex -12.5492 -75.9257 13.6
      vertex -14.4 -75.3 13.6
    endloop
  endfacet
  facet normal 0 0 1
    outer loop
      vertex -14.6289 -74.3466 13.6
      vertex -12.936 -73.484 13.6
      vertex -13.2639 -72.9489 13.6
    endloop
  endfacet
  facet normal 0 0 1
    outer loop
      vertex -12.5492 -75.9257 13.6
      vertex -14.4259 -75.6285 13.6
      vertex -12.6958 -76.5361 13.6
    endloop
  endfacet
  facet normal 0 0 1
    outer loop
      vertex -14.8011 -74.0657 13.6
      vertex -13.2639 -72.9489 13.6
      vertex -13.6716 -72.4716 13.6
    endloop
  endfacet
  facet normal -0 0 1
    outer loop
      vertex -14.5028 -75.9489 13.6
      vertex -12.6958 -76.5361 13.6
      vertex -14.4259 -75.6285 13.6
    endloop
  endfacet
  facet normal 0 0 1
    outer loop
      vertex -15.0151 -73.8151 13.6
      vertex -13.6716 -72.4716 13.6
      vertex -14.1489 -72.0639 13.6
    endloop
  endfacet
  facet normal 0 0 1
    outer loop
      vertex -12.6958 -76.5361 13.6
      vertex -14.5028 -75.9489 13.6
      vertex -12.936 -77.116 13.6
    endloop
  endfacet
  facet normal -0 0 1
    outer loop
      vertex -14.6289 -76.2534 13.6
      vertex -12.936 -77.116 13.6
      vertex -14.5028 -75.9489 13.6
    endloop
  endfacet
  facet normal 0 0 1
    outer loop
      vertex -12.5492 -74.6743 13.6
      vertex -14.4259 -74.9715 13.6
      vertex -14.4 -75.3 13.6
    endloop
  endfacet
  facet normal 0 0 1
    outer loop
      vertex -12.6958 -74.0639 13.6
      vertex -14.5028 -74.6511 13.6
      vertex -14.4259 -74.9715 13.6
    endloop
  endfacet
  facet normal 0 0 1
    outer loop
      vertex -12.936 -73.484 13.6
      vertex -14.6289 -74.3466 13.6
      vertex -14.5028 -74.6511 13.6
    endloop
  endfacet
  facet normal 0 0 1
    outer loop
      vertex -15.2657 -73.6011 13.6
      vertex -14.1489 -72.0639 13.6
      vertex -14.684 -71.736 13.6
    endloop
  endfacet
  facet normal 0 0 1
    outer loop
      vertex -13.2639 -72.9489 13.6
      vertex -14.8011 -74.0657 13.6
      vertex -14.6289 -74.3466 13.6
    endloop
  endfacet
  facet normal 0 0 1
    outer loop
      vertex -13.6716 -72.4716 13.6
      vertex -15.0151 -73.8151 13.6
      vertex -14.8011 -74.0657 13.6
    endloop
  endfacet
  facet normal 0 0 1
    outer loop
      vertex -15.5466 -73.4289 13.6
      vertex -14.684 -71.736 13.6
      vertex -15.2639 -71.4958 13.6
    endloop
  endfacet
  facet normal 0 0 1
    outer loop
      vertex -14.1489 -72.0639 13.6
      vertex -15.2657 -73.6011 13.6
      vertex -15.0151 -73.8151 13.6
    endloop
  endfacet
  facet normal 0 0 1
    outer loop
      vertex -14.684 -71.736 13.6
      vertex -15.5466 -73.4289 13.6
      vertex -15.2657 -73.6011 13.6
    endloop
  endfacet
  facet normal 0 0 1
    outer loop
      vertex -15.2639 -71.4958 13.6
      vertex -15.8511 -73.3028 13.6
      vertex -15.5466 -73.4289 13.6
    endloop
  endfacet
  facet normal 0 0 1
    outer loop
      vertex -15.8743 -71.3492 13.6
      vertex -15.8511 -73.3028 13.6
      vertex -15.2639 -71.4958 13.6
    endloop
  endfacet
  facet normal 0 0 1
    outer loop
      vertex -15.8743 -71.3492 13.6
      vertex -16.1715 -73.2259 13.6
      vertex -15.8511 -73.3028 13.6
    endloop
  endfacet
  facet normal 0 0 1
    outer loop
      vertex -16.5 -71.3 13.6
      vertex -16.1715 -73.2259 13.6
      vertex -15.8743 -71.3492 13.6
    endloop
  endfacet
  facet normal 0 0 1
    outer loop
      vertex -16.5 -71.3 13.6
      vertex -16.5 -73.2 13.6
      vertex -16.1715 -73.2259 13.6
    endloop
  endfacet
  facet normal 0 0 1
    outer loop
      vertex -16.5 -71.3 13.6
      vertex -16.8285 -73.2259 13.6
      vertex -16.5 -73.2 13.6
    endloop
  endfacet
  facet normal -0 0 1
    outer loop
      vertex -17.1257 -71.3492 13.6
      vertex -16.8285 -73.2259 13.6
      vertex -16.5 -71.3 13.6
    endloop
  endfacet
  facet normal 0 0 1
    outer loop
      vertex -17.1257 -71.3492 13.6
      vertex -17.1489 -73.3028 13.6
      vertex -16.8285 -73.2259 13.6
    endloop
  endfacet
  facet normal -0 0 1
    outer loop
      vertex -17.7361 -71.4958 13.6
      vertex -17.1489 -73.3028 13.6
      vertex -17.1257 -71.3492 13.6
    endloop
  endfacet
  facet normal 0 0 1
    outer loop
      vertex -17.1489 -73.3028 13.6
      vertex -17.7361 -71.4958 13.6
      vertex -17.4534 -73.4289 13.6
    endloop
  endfacet
  facet normal -0 0 1
    outer loop
      vertex -18.316 -71.736 13.6
      vertex -17.4534 -73.4289 13.6
      vertex -17.7361 -71.4958 13.6
    endloop
  endfacet
  facet normal 0 0 1
    outer loop
      vertex -17.4534 -73.4289 13.6
      vertex -18.316 -71.736 13.6
      vertex -17.7343 -73.6011 13.6
    endloop
  endfacet
  facet normal -0 0 1
    outer loop
      vertex -18.8511 -72.0639 13.6
      vertex -17.7343 -73.6011 13.6
      vertex -18.316 -71.736 13.6
    endloop
  endfacet
  facet normal 0 0 1
    outer loop
      vertex -17.7343 -73.6011 13.6
      vertex -18.8511 -72.0639 13.6
      vertex -17.9849 -73.8151 13.6
    endloop
  endfacet
  facet normal -0 0 1
    outer loop
      vertex -19.3284 -72.4716 13.6
      vertex -17.9849 -73.8151 13.6
      vertex -18.8511 -72.0639 13.6
    endloop
  endfacet
  facet normal 0 0 1
    outer loop
      vertex -17.9849 -73.8151 13.6
      vertex -19.3284 -72.4716 13.6
      vertex -18.1989 -74.0657 13.6
    endloop
  endfacet
  facet normal -0 0 1
    outer loop
      vertex -19.7361 -72.9489 13.6
      vertex -18.1989 -74.0657 13.6
      vertex -19.3284 -72.4716 13.6
    endloop
  endfacet
  facet normal -0 0 1
    outer loop
      vertex -20.064 -73.484 13.6
      vertex -18.3711 -74.3466 13.6
      vertex -19.7361 -72.9489 13.6
    endloop
  endfacet
  facet normal 0 0 1
    outer loop
      vertex -18.1989 -74.0657 13.6
      vertex -19.7361 -72.9489 13.6
      vertex -18.3711 -74.3466 13.6
    endloop
  endfacet
  facet normal 0 0 1
    outer loop
      vertex -12.936 -77.116 13.6
      vertex -14.6289 -76.2534 13.6
      vertex -13.2639 -77.6511 13.6
    endloop
  endfacet
  facet normal -0 0 1
    outer loop
      vertex -14.8011 -76.5343 13.6
      vertex -13.2639 -77.6511 13.6
      vertex -14.6289 -76.2534 13.6
    endloop
  endfacet
  facet normal 0 0 1
    outer loop
      vertex -13.2639 -77.6511 13.6
      vertex -14.8011 -76.5343 13.6
      vertex -13.6716 -78.1284 13.6
    endloop
  endfacet
  facet normal -0 0 1
    outer loop
      vertex -15.0151 -76.7849 13.6
      vertex -13.6716 -78.1284 13.6
      vertex -14.8011 -76.5343 13.6
    endloop
  endfacet
  facet normal 0 0 1
    outer loop
      vertex -13.6716 -78.1284 13.6
      vertex -15.0151 -76.7849 13.6
      vertex -14.1489 -78.5361 13.6
    endloop
  endfacet
  facet normal -0 0 1
    outer loop
      vertex -15.2657 -76.9989 13.6
      vertex -14.1489 -78.5361 13.6
      vertex -15.0151 -76.7849 13.6
    endloop
  endfacet
  facet normal 0 0 1
    outer loop
      vertex -14.1489 -78.5361 13.6
      vertex -15.2657 -76.9989 13.6
      vertex -14.684 -78.864 13.6
    endloop
  endfacet
  facet normal -0 0 1
    outer loop
      vertex -15.5466 -77.1711 13.6
      vertex -14.684 -78.864 13.6
      vertex -15.2657 -76.9989 13.6
    endloop
  endfacet
  facet normal 0 0 1
    outer loop
      vertex -14.684 -78.864 13.6
      vertex -15.5466 -77.1711 13.6
      vertex -15.2639 -79.1042 13.6
    endloop
  endfacet
  facet normal -0 0 1
    outer loop
      vertex -15.8511 -77.2972 13.6
      vertex -15.2639 -79.1042 13.6
      vertex -15.5466 -77.1711 13.6
    endloop
  endfacet
  facet normal 0 0 1
    outer loop
      vertex -15.8511 -77.2972 13.6
      vertex -15.8743 -79.2508 13.6
      vertex -15.2639 -79.1042 13.6
    endloop
  endfacet
  facet normal -0 0 1
    outer loop
      vertex -16.1715 -77.3741 13.6
      vertex -15.8743 -79.2508 13.6
      vertex -15.8511 -77.2972 13.6
    endloop
  endfacet
  facet normal 0 0 1
    outer loop
      vertex -16.1715 -77.3741 13.6
      vertex -16.5 -79.3 13.6
      vertex -15.8743 -79.2508 13.6
    endloop
  endfacet
  facet normal 0 0 1
    outer loop
      vertex -16.5 -79.3 13.6
      vertex -16.1715 -77.3741 13.6
      vertex -16.5 -77.4 13.6
    endloop
  endfacet
  facet normal 0 0 1
    outer loop
      vertex -12.5 77.8 13.6
      vertex -10 77.8 13.6
      vertex -10.0492 78.4257 13.6
    endloop
  endfacet
  facet normal 0 0 1
    outer loop
      vertex -10 77.8 13.6
      vertex -12.5 75.3 13.6
      vertex -10 -77.8 13.6
    endloop
  endfacet
  facet normal 0 0 1
    outer loop
      vertex -12.5185 78.0347 13.6
      vertex -10.0492 78.4257 13.6
      vertex -10.1958 79.0361 13.6
    endloop
  endfacet
  facet normal -0 0 1
    outer loop
      vertex -12.5 -75.3 13.6
      vertex -10 -77.8 13.6
      vertex -12.5 75.3 13.6
    endloop
  endfacet
  facet normal 0 0 1
    outer loop
      vertex -12.5734 78.2635 13.6
      vertex -10.1958 79.0361 13.6
      vertex -10.436 79.616 13.6
    endloop
  endfacet
  facet normal 0 0 1
    outer loop
      vertex -12.5 -77.8 13.6
      vertex -10 -77.8 13.6
      vertex -12.5 -75.3 13.6
    endloop
  endfacet
  facet normal 0 0 1
    outer loop
      vertex -12.6635 78.481 13.6
      vertex -10.436 79.616 13.6
      vertex -10.7639 80.1511 13.6
    endloop
  endfacet
  facet normal 0 0 1
    outer loop
      vertex -10 -77.8 13.6
      vertex -12.5 -77.8 13.6
      vertex -10.0492 -78.4257 13.6
    endloop
  endfacet
  facet normal 0 0 1
    outer loop
      vertex -12.7865 78.6817 13.6
      vertex -10.7639 80.1511 13.6
      vertex -11.1716 80.6284 13.6
    endloop
  endfacet
  facet normal -0 0 1
    outer loop
      vertex -12.5185 -78.0347 13.6
      vertex -10.0492 -78.4257 13.6
      vertex -12.5 -77.8 13.6
    endloop
  endfacet
  facet normal 0 0 1
    outer loop
      vertex -12.9393 78.8607 13.6
      vertex -11.1716 80.6284 13.6
      vertex -11.6489 81.0361 13.6
    endloop
  endfacet
  facet normal 0 0 1
    outer loop
      vertex -10.0492 -78.4257 13.6
      vertex -12.5185 -78.0347 13.6
      vertex -10.1958 -79.0361 13.6
    endloop
  endfacet
  facet normal 0 0 1
    outer loop
      vertex -13.1183 79.0135 13.6
      vertex -11.6489 81.0361 13.6
      vertex -12.184 81.364 13.6
    endloop
  endfacet
  facet normal -0 0 1
    outer loop
      vertex -12.5734 -78.2635 13.6
      vertex -10.1958 -79.0361 13.6
      vertex -12.5185 -78.0347 13.6
    endloop
  endfacet
  facet normal 0 0 1
    outer loop
      vertex -10 77.8 13.6
      vertex -12.5 77.8 13.6
      vertex -12.5 75.3 13.6
    endloop
  endfacet
  facet normal 0 0 1
    outer loop
      vertex -10.0492 78.4257 13.6
      vertex -12.5185 78.0347 13.6
      vertex -12.5 77.8 13.6
    endloop
  endfacet
  facet normal 0 0 1
    outer loop
      vertex -10.1958 79.0361 13.6
      vertex -12.5734 78.2635 13.6
      vertex -12.5185 78.0347 13.6
    endloop
  endfacet
  facet normal 0 0 1
    outer loop
      vertex -10.436 79.616 13.6
      vertex -12.6635 78.481 13.6
      vertex -12.5734 78.2635 13.6
    endloop
  endfacet
  facet normal 0 0 1
    outer loop
      vertex -13.319 79.1365 13.6
      vertex -12.184 81.364 13.6
      vertex -12.7639 81.6042 13.6
    endloop
  endfacet
  facet normal 0 0 1
    outer loop
      vertex -10.7639 80.1511 13.6
      vertex -12.7865 78.6817 13.6
      vertex -12.6635 78.481 13.6
    endloop
  endfacet
  facet normal 0 0 1
    outer loop
      vertex -11.1716 80.6284 13.6
      vertex -12.9393 78.8607 13.6
      vertex -12.7865 78.6817 13.6
    endloop
  endfacet
  facet normal 0 0 1
    outer loop
      vertex -11.6489 81.0361 13.6
      vertex -13.1183 79.0135 13.6
      vertex -12.9393 78.8607 13.6
    endloop
  endfacet
  facet normal 0 0 1
    outer loop
      vertex -12.184 81.364 13.6
      vertex -13.319 79.1365 13.6
      vertex -13.1183 79.0135 13.6
    endloop
  endfacet
  facet normal 0 0 1
    outer loop
      vertex -13.5365 79.2266 13.6
      vertex -12.7639 81.6042 13.6
      vertex -13.3743 81.7508 13.6
    endloop
  endfacet
  facet normal 0 0 1
    outer loop
      vertex -12.7639 81.6042 13.6
      vertex -13.5365 79.2266 13.6
      vertex -13.319 79.1365 13.6
    endloop
  endfacet
  facet normal 0 0 1
    outer loop
      vertex -13.3743 81.7508 13.6
      vertex -13.7653 79.2815 13.6
      vertex -13.5365 79.2266 13.6
    endloop
  endfacet
  facet normal 0 0 1
    outer loop
      vertex -14 81.8 13.6
      vertex -13.7653 79.2815 13.6
      vertex -13.3743 81.7508 13.6
    endloop
  endfacet
  facet normal 0 0 1
    outer loop
      vertex -14 81.8 13.6
      vertex -14 79.3 13.6
      vertex -13.7653 79.2815 13.6
    endloop
  endfacet
  facet normal 0 0 1
    outer loop
      vertex -14 81.8 13.6
      vertex -16.5 79.3 13.6
      vertex -14 79.3 13.6
    endloop
  endfacet
  facet normal 0 0 1
    outer loop
      vertex -14 81.8 13.6
      vertex -217.5 79.3 13.6
      vertex -16.5 79.3 13.6
    endloop
  endfacet
  facet normal -0 0 1
    outer loop
      vertex -220 81.8 13.6
      vertex -217.5 79.3 13.6
      vertex -14 81.8 13.6
    endloop
  endfacet
  facet normal 0 0 1
    outer loop
      vertex -220 81.8 13.6
      vertex -220 79.3 13.6
      vertex -217.5 79.3 13.6
    endloop
  endfacet
  facet normal 0 0 1
    outer loop
      vertex -220 81.8 13.6
      vertex -220.235 79.2815 13.6
      vertex -220 79.3 13.6
    endloop
  endfacet
  facet normal -0 0 1
    outer loop
      vertex -220.626 81.7508 13.6
      vertex -220.235 79.2815 13.6
      vertex -220 81.8 13.6
    endloop
  endfacet
  facet normal 0 0 1
    outer loop
      vertex -220.235 79.2815 13.6
      vertex -220.626 81.7508 13.6
      vertex -220.464 79.2266 13.6
    endloop
  endfacet
  facet normal -0 0 1
    outer loop
      vertex -221.236 81.6042 13.6
      vertex -220.464 79.2266 13.6
      vertex -220.626 81.7508 13.6
    endloop
  endfacet
  facet normal 0 0 1
    outer loop
      vertex -220.464 79.2266 13.6
      vertex -221.236 81.6042 13.6
      vertex -220.681 79.1365 13.6
    endloop
  endfacet
  facet normal -0 0 1
    outer loop
      vertex -221.816 81.364 13.6
      vertex -220.681 79.1365 13.6
      vertex -221.236 81.6042 13.6
    endloop
  endfacet
  facet normal 0 0 1
    outer loop
      vertex -220.681 79.1365 13.6
      vertex -221.816 81.364 13.6
      vertex -220.882 79.0135 13.6
    endloop
  endfacet
  facet normal -0 0 1
    outer loop
      vertex -222.351 81.0361 13.6
      vertex -220.882 79.0135 13.6
      vertex -221.816 81.364 13.6
    endloop
  endfacet
  facet normal 0 0 1
    outer loop
      vertex -220.882 79.0135 13.6
      vertex -222.351 81.0361 13.6
      vertex -221.061 78.8607 13.6
    endloop
  endfacet
  facet normal -0 0 1
    outer loop
      vertex -222.828 80.6284 13.6
      vertex -221.061 78.8607 13.6
      vertex -222.351 81.0361 13.6
    endloop
  endfacet
  facet normal 0 0 1
    outer loop
      vertex -221.061 78.8607 13.6
      vertex -222.828 80.6284 13.6
      vertex -221.214 78.6817 13.6
    endloop
  endfacet
  facet normal -0 0 1
    outer loop
      vertex -223.236 80.1511 13.6
      vertex -221.214 78.6817 13.6
      vertex -222.828 80.6284 13.6
    endloop
  endfacet
  facet normal -0 0 1
    outer loop
      vertex -224 77.8 13.6
      vertex -221.5 75.3 13.6
      vertex -221.5 77.8 13.6
    endloop
  endfacet
  facet normal 0 0 1
    outer loop
      vertex -221.5 75.3 13.6
      vertex -224 77.8 13.6
      vertex -221.5 -75.3 13.6
    endloop
  endfacet
  facet normal -0 0 1
    outer loop
      vertex -223.564 79.616 13.6
      vertex -221.337 78.481 13.6
      vertex -223.236 80.1511 13.6
    endloop
  endfacet
  facet normal 0 0 1
    outer loop
      vertex -221.214 78.6817 13.6
      vertex -223.236 80.1511 13.6
      vertex -221.337 78.481 13.6
    endloop
  endfacet
  facet normal 0 0 1
    outer loop
      vertex -10.1958 -79.0361 13.6
      vertex -12.5734 -78.2635 13.6
      vertex -10.436 -79.616 13.6
    endloop
  endfacet
  facet normal -0 0 1
    outer loop
      vertex -12.6635 -78.481 13.6
      vertex -10.436 -79.616 13.6
      vertex -12.5734 -78.2635 13.6
    endloop
  endfacet
  facet normal 0 0 1
    outer loop
      vertex -10.436 -79.616 13.6
      vertex -12.6635 -78.481 13.6
      vertex -10.7639 -80.1511 13.6
    endloop
  endfacet
  facet normal -0 0 1
    outer loop
      vertex -12.7865 -78.6817 13.6
      vertex -10.7639 -80.1511 13.6
      vertex -12.6635 -78.481 13.6
    endloop
  endfacet
  facet normal 0 0 1
    outer loop
      vertex -10.7639 -80.1511 13.6
      vertex -12.7865 -78.6817 13.6
      vertex -11.1716 -80.6284 13.6
    endloop
  endfacet
  facet normal -0 0 1
    outer loop
      vertex -12.9393 -78.8607 13.6
      vertex -11.1716 -80.6284 13.6
      vertex -12.7865 -78.6817 13.6
    endloop
  endfacet
  facet normal 0 0 1
    outer loop
      vertex -11.1716 -80.6284 13.6
      vertex -12.9393 -78.8607 13.6
      vertex -11.6489 -81.0361 13.6
    endloop
  endfacet
  facet normal -0 0 1
    outer loop
      vertex -13.1183 -79.0135 13.6
      vertex -11.6489 -81.0361 13.6
      vertex -12.9393 -78.8607 13.6
    endloop
  endfacet
  facet normal 0 0 1
    outer loop
      vertex -11.6489 -81.0361 13.6
      vertex -13.1183 -79.0135 13.6
      vertex -12.184 -81.364 13.6
    endloop
  endfacet
  facet normal -0 0 1
    outer loop
      vertex -13.319 -79.1365 13.6
      vertex -12.184 -81.364 13.6
      vertex -13.1183 -79.0135 13.6
    endloop
  endfacet
  facet normal 0 0 1
    outer loop
      vertex -12.184 -81.364 13.6
      vertex -13.319 -79.1365 13.6
      vertex -12.7639 -81.6042 13.6
    endloop
  endfacet
  facet normal -0 0 1
    outer loop
      vertex -13.5365 -79.2266 13.6
      vertex -12.7639 -81.6042 13.6
      vertex -13.319 -79.1365 13.6
    endloop
  endfacet
  facet normal 0 0 1
    outer loop
      vertex -12.7639 -81.6042 13.6
      vertex -13.5365 -79.2266 13.6
      vertex -13.3743 -81.7508 13.6
    endloop
  endfacet
  facet normal -0 0 1
    outer loop
      vertex -13.7653 -79.2815 13.6
      vertex -13.3743 -81.7508 13.6
      vertex -13.5365 -79.2266 13.6
    endloop
  endfacet
  facet normal -0 0 1
    outer loop
      vertex -14 -79.3 13.6
      vertex -13.3743 -81.7508 13.6
      vertex -13.7653 -79.2815 13.6
    endloop
  endfacet
  facet normal 0 0 1
    outer loop
      vertex -14 -79.3 13.6
      vertex -14 -81.8 13.6
      vertex -13.3743 -81.7508 13.6
    endloop
  endfacet
  facet normal -0 0 1
    outer loop
      vertex -16.5 -79.3 13.6
      vertex -14 -81.8 13.6
      vertex -14 -79.3 13.6
    endloop
  endfacet
  facet normal -0 0 1
    outer loop
      vertex -217.5 -79.3 13.6
      vertex -14 -81.8 13.6
      vertex -16.5 -79.3 13.6
    endloop
  endfacet
  facet normal 0 0 1
    outer loop
      vertex -220 -81.8 13.6
      vertex -217.5 -79.3 13.6
      vertex -220 -79.3 13.6
    endloop
  endfacet
  facet normal 0 0 1
    outer loop
      vertex -217.5 -79.3 13.6
      vertex -220 -81.8 13.6
      vertex -14 -81.8 13.6
    endloop
  endfacet
  facet normal 0 0 1
    outer loop
      vertex -220.235 -79.2815 13.6
      vertex -220 -81.8 13.6
      vertex -220 -79.3 13.6
    endloop
  endfacet
  facet normal 0 0 1
    outer loop
      vertex -220.626 -81.7508 13.6
      vertex -220.235 -79.2815 13.6
      vertex -220.464 -79.2266 13.6
    endloop
  endfacet
  facet normal 0 0 1
    outer loop
      vertex -220.235 -79.2815 13.6
      vertex -220.626 -81.7508 13.6
      vertex -220 -81.8 13.6
    endloop
  endfacet
  facet normal 0 0 1
    outer loop
      vertex -221.236 -81.6042 13.6
      vertex -220.464 -79.2266 13.6
      vertex -220.681 -79.1365 13.6
    endloop
  endfacet
  facet normal 0 0 1
    outer loop
      vertex -221.816 -81.364 13.6
      vertex -220.681 -79.1365 13.6
      vertex -220.882 -79.0135 13.6
    endloop
  endfacet
  facet normal 0 0 1
    outer loop
      vertex -222.351 -81.0361 13.6
      vertex -220.882 -79.0135 13.6
      vertex -221.061 -78.8607 13.6
    endloop
  endfacet
  facet normal 0 0 1
    outer loop
      vertex -222.828 -80.6284 13.6
      vertex -221.061 -78.8607 13.6
      vertex -221.214 -78.6817 13.6
    endloop
  endfacet
  facet normal 0 0 1
    outer loop
      vertex -220.464 -79.2266 13.6
      vertex -221.236 -81.6042 13.6
      vertex -220.626 -81.7508 13.6
    endloop
  endfacet
  facet normal 0 0 1
    outer loop
      vertex -223.236 -80.1511 13.6
      vertex -221.214 -78.6817 13.6
      vertex -221.337 -78.481 13.6
    endloop
  endfacet
  facet normal 0 0 1
    outer loop
      vertex -223.564 -79.616 13.6
      vertex -221.337 -78.481 13.6
      vertex -221.427 -78.2635 13.6
    endloop
  endfacet
  facet normal 0 0 1
    outer loop
      vertex -223.804 -79.0361 13.6
      vertex -221.427 -78.2635 13.6
      vertex -221.482 -78.0347 13.6
    endloop
  endfacet
  facet normal 0 0 1
    outer loop
      vertex -223.951 -78.4257 13.6
      vertex -221.482 -78.0347 13.6
      vertex -221.5 -77.8 13.6
    endloop
  endfacet
  facet normal 0 0 1
    outer loop
      vertex -220.681 -79.1365 13.6
      vertex -221.816 -81.364 13.6
      vertex -221.236 -81.6042 13.6
    endloop
  endfacet
  facet normal 0 0 1
    outer loop
      vertex -224 -77.8 13.6
      vertex -221.5 -75.3 13.6
      vertex -224 77.8 13.6
    endloop
  endfacet
  facet normal 0 0 1
    outer loop
      vertex -221.337 78.481 13.6
      vertex -223.564 79.616 13.6
      vertex -221.427 78.2635 13.6
    endloop
  endfacet
  facet normal 0 0 1
    outer loop
      vertex -221.5 -75.3 13.6
      vertex -224 -77.8 13.6
      vertex -221.5 -77.8 13.6
    endloop
  endfacet
  facet normal -0 0 1
    outer loop
      vertex -223.804 79.0361 13.6
      vertex -221.427 78.2635 13.6
      vertex -223.564 79.616 13.6
    endloop
  endfacet
  facet normal 0 -0 1
    outer loop
      vertex -223.951 -78.4257 13.6
      vertex -221.5 -77.8 13.6
      vertex -224 -77.8 13.6
    endloop
  endfacet
  facet normal 0 0 1
    outer loop
      vertex -221.427 78.2635 13.6
      vertex -223.804 79.0361 13.6
      vertex -221.482 78.0347 13.6
    endloop
  endfacet
  facet normal 0 0 1
    outer loop
      vertex -220.882 -79.0135 13.6
      vertex -222.351 -81.0361 13.6
      vertex -221.816 -81.364 13.6
    endloop
  endfacet
  facet normal -0 0 1
    outer loop
      vertex -223.951 78.4257 13.6
      vertex -221.482 78.0347 13.6
      vertex -223.804 79.0361 13.6
    endloop
  endfacet
  facet normal 0 0 1
    outer loop
      vertex -221.061 -78.8607 13.6
      vertex -222.828 -80.6284 13.6
      vertex -222.351 -81.0361 13.6
    endloop
  endfacet
  facet normal 0 0 1
    outer loop
      vertex -221.482 78.0347 13.6
      vertex -223.951 78.4257 13.6
      vertex -221.5 77.8 13.6
    endloop
  endfacet
  facet normal 0 0 1
    outer loop
      vertex -221.214 -78.6817 13.6
      vertex -223.236 -80.1511 13.6
      vertex -222.828 -80.6284 13.6
    endloop
  endfacet
  facet normal 0 0 1
    outer loop
      vertex -221.5 77.8 13.6
      vertex -223.951 78.4257 13.6
      vertex -224 77.8 13.6
    endloop
  endfacet
  facet normal 0 0 1
    outer loop
      vertex -221.337 -78.481 13.6
      vertex -223.564 -79.616 13.6
      vertex -223.236 -80.1511 13.6
    endloop
  endfacet
  facet normal 0 0 1
    outer loop
      vertex -221.427 -78.2635 13.6
      vertex -223.804 -79.0361 13.6
      vertex -223.564 -79.616 13.6
    endloop
  endfacet
  facet normal 0 0 1
    outer loop
      vertex -221.482 -78.0347 13.6
      vertex -223.951 -78.4257 13.6
      vertex -223.804 -79.0361 13.6
    endloop
  endfacet
  facet normal 0 0 1
    outer loop
      vertex -14.4 75.3 13.6
      vertex -12.5 75.3 13.6
      vertex -12.5492 75.9257 13.6
    endloop
  endfacet
  facet normal 0 0 1
    outer loop
      vertex -14.4259 75.6285 13.6
      vertex -12.5492 75.9257 13.6
      vertex -12.6958 76.5361 13.6
    endloop
  endfacet
  facet normal 0 0 1
    outer loop
      vertex -12.5 75.3 13.6
      vertex -14.4 75.3 13.6
      vertex -12.5492 74.6743 13.6
    endloop
  endfacet
  facet normal 0 0 1
    outer loop
      vertex -14.5028 75.9489 13.6
      vertex -12.6958 76.5361 13.6
      vertex -12.936 77.116 13.6
    endloop
  endfacet
  facet normal -0 0 1
    outer loop
      vertex -14.4259 74.9715 13.6
      vertex -12.5492 74.6743 13.6
      vertex -14.4 75.3 13.6
    endloop
  endfacet
  facet normal 0 0 1
    outer loop
      vertex -14.6289 76.2534 13.6
      vertex -12.936 77.116 13.6
      vertex -13.2639 77.6511 13.6
    endloop
  endfacet
  facet normal 0 0 1
    outer loop
      vertex -12.5492 74.6743 13.6
      vertex -14.4259 74.9715 13.6
      vertex -12.6958 74.0639 13.6
    endloop
  endfacet
  facet normal 0 0 1
    outer loop
      vertex -14.8011 76.5343 13.6
      vertex -13.2639 77.6511 13.6
      vertex -13.6716 78.1284 13.6
    endloop
  endfacet
  facet normal -0 0 1
    outer loop
      vertex -14.5028 74.6511 13.6
      vertex -12.6958 74.0639 13.6
      vertex -14.4259 74.9715 13.6
    endloop
  endfacet
  facet normal 0 0 1
    outer loop
      vertex -15.0151 76.7849 13.6
      vertex -13.6716 78.1284 13.6
      vertex -14.1489 78.5361 13.6
    endloop
  endfacet
  facet normal 0 0 1
    outer loop
      vertex -12.6958 74.0639 13.6
      vertex -14.5028 74.6511 13.6
      vertex -12.936 73.484 13.6
    endloop
  endfacet
  facet normal -0 0 1
    outer loop
      vertex -14.6289 74.3466 13.6
      vertex -12.936 73.484 13.6
      vertex -14.5028 74.6511 13.6
    endloop
  endfacet
  facet normal 0 0 1
    outer loop
      vertex -12.5492 75.9257 13.6
      vertex -14.4259 75.6285 13.6
      vertex -14.4 75.3 13.6
    endloop
  endfacet
  facet normal 0 0 1
    outer loop
      vertex -12.6958 76.5361 13.6
      vertex -14.5028 75.9489 13.6
      vertex -14.4259 75.6285 13.6
    endloop
  endfacet
  facet normal 0 0 1
    outer loop
      vertex -12.936 77.116 13.6
      vertex -14.6289 76.2534 13.6
      vertex -14.5028 75.9489 13.6
    endloop
  endfacet
  facet normal 0 0 1
    outer loop
      vertex -15.2657 76.9989 13.6
      vertex -14.1489 78.5361 13.6
      vertex -14.684 78.864 13.6
    endloop
  endfacet
  facet normal 0 0 1
    outer loop
      vertex -13.2639 77.6511 13.6
      vertex -14.8011 76.5343 13.6
      vertex -14.6289 76.2534 13.6
    endloop
  endfacet
  facet normal 0 0 1
    outer loop
      vertex -13.6716 78.1284 13.6
      vertex -15.0151 76.7849 13.6
      vertex -14.8011 76.5343 13.6
    endloop
  endfacet
  facet normal 0 0 1
    outer loop
      vertex -15.5466 77.1711 13.6
      vertex -14.684 78.864 13.6
      vertex -15.2639 79.1042 13.6
    endloop
  endfacet
  facet normal 0 0 1
    outer loop
      vertex -14.1489 78.5361 13.6
      vertex -15.2657 76.9989 13.6
      vertex -15.0151 76.7849 13.6
    endloop
  endfacet
  facet normal 0 0 1
    outer loop
      vertex -14.684 78.864 13.6
      vertex -15.5466 77.1711 13.6
      vertex -15.2657 76.9989 13.6
    endloop
  endfacet
  facet normal 0 0 1
    outer loop
      vertex -15.2639 79.1042 13.6
      vertex -15.8511 77.2972 13.6
      vertex -15.5466 77.1711 13.6
    endloop
  endfacet
  facet normal 0 0 1
    outer loop
      vertex -15.8743 79.2508 13.6
      vertex -15.8511 77.2972 13.6
      vertex -15.2639 79.1042 13.6
    endloop
  endfacet
  facet normal 0 0 1
    outer loop
      vertex -15.8743 79.2508 13.6
      vertex -16.1715 77.3741 13.6
      vertex -15.8511 77.2972 13.6
    endloop
  endfacet
  facet normal 0 0 1
    outer loop
      vertex -16.5 79.3 13.6
      vertex -16.1715 77.3741 13.6
      vertex -15.8743 79.2508 13.6
    endloop
  endfacet
  facet normal 0 0 1
    outer loop
      vertex -16.1715 77.3741 13.6
      vertex -16.5 79.3 13.6
      vertex -16.5 77.4 13.6
    endloop
  endfacet
  facet normal 0 0 1
    outer loop
      vertex -12.936 73.484 13.6
      vertex -14.6289 74.3466 13.6
      vertex -13.2639 72.9489 13.6
    endloop
  endfacet
  facet normal -0 0 1
    outer loop
      vertex -14.8011 74.0657 13.6
      vertex -13.2639 72.9489 13.6
      vertex -14.6289 74.3466 13.6
    endloop
  endfacet
  facet normal 0 0 1
    outer loop
      vertex -13.2639 72.9489 13.6
      vertex -14.8011 74.0657 13.6
      vertex -13.6716 72.4716 13.6
    endloop
  endfacet
  facet normal -0 0 1
    outer loop
      vertex -15.0151 73.8151 13.6
      vertex -13.6716 72.4716 13.6
      vertex -14.8011 74.0657 13.6
    endloop
  endfacet
  facet normal 0 0 1
    outer loop
      vertex -13.6716 72.4716 13.6
      vertex -15.0151 73.8151 13.6
      vertex -14.1489 72.0639 13.6
    endloop
  endfacet
  facet normal -0 0 1
    outer loop
      vertex -15.2657 73.6011 13.6
      vertex -14.1489 72.0639 13.6
      vertex -15.0151 73.8151 13.6
    endloop
  endfacet
  facet normal 0 0 1
    outer loop
      vertex -14.1489 72.0639 13.6
      vertex -15.2657 73.6011 13.6
      vertex -14.684 71.736 13.6
    endloop
  endfacet
  facet normal -0 0 1
    outer loop
      vertex -15.5466 73.4289 13.6
      vertex -14.684 71.736 13.6
      vertex -15.2657 73.6011 13.6
    endloop
  endfacet
  facet normal 0 0 1
    outer loop
      vertex -14.684 71.736 13.6
      vertex -15.5466 73.4289 13.6
      vertex -15.2639 71.4958 13.6
    endloop
  endfacet
  facet normal -0 0 1
    outer loop
      vertex -15.8511 73.3028 13.6
      vertex -15.2639 71.4958 13.6
      vertex -15.5466 73.4289 13.6
    endloop
  endfacet
  facet normal 0 0 1
    outer loop
      vertex -15.8511 73.3028 13.6
      vertex -15.8743 71.3492 13.6
      vertex -15.2639 71.4958 13.6
    endloop
  endfacet
  facet normal -0 0 1
    outer loop
      vertex -16.1715 73.2259 13.6
      vertex -15.8743 71.3492 13.6
      vertex -15.8511 73.3028 13.6
    endloop
  endfacet
  facet normal -0 0 1
    outer loop
      vertex -16.5 73.2 13.6
      vertex -15.8743 71.3492 13.6
      vertex -16.1715 73.2259 13.6
    endloop
  endfacet
  facet normal 0 0 1
    outer loop
      vertex -16.5 73.2 13.6
      vertex -16.5 71.3 13.6
      vertex -15.8743 71.3492 13.6
    endloop
  endfacet
  facet normal 0 0 1
    outer loop
      vertex -16.8285 73.2259 13.6
      vertex -16.5 71.3 13.6
      vertex -16.5 73.2 13.6
    endloop
  endfacet
  facet normal 0 0 1
    outer loop
      vertex -16.8285 73.2259 13.6
      vertex -17.1257 71.3492 13.6
      vertex -16.5 71.3 13.6
    endloop
  endfacet
  facet normal 0 0 1
    outer loop
      vertex -17.1489 73.3028 13.6
      vertex -17.1257 71.3492 13.6
      vertex -16.8285 73.2259 13.6
    endloop
  endfacet
  facet normal 0 0 1
    outer loop
      vertex -17.7361 71.4958 13.6
      vertex -17.1489 73.3028 13.6
      vertex -17.4534 73.4289 13.6
    endloop
  endfacet
  facet normal 0 0 1
    outer loop
      vertex -18.316 71.736 13.6
      vertex -17.4534 73.4289 13.6
      vertex -17.7343 73.6011 13.6
    endloop
  endfacet
  facet normal 0 0 1
    outer loop
      vertex -17.1489 73.3028 13.6
      vertex -17.7361 71.4958 13.6
      vertex -17.1257 71.3492 13.6
    endloop
  endfacet
  facet normal 0 0 1
    outer loop
      vertex -18.8511 72.0639 13.6
      vertex -17.7343 73.6011 13.6
      vertex -17.9849 73.8151 13.6
    endloop
  endfacet
  facet normal 0 0 1
    outer loop
      vertex -19.3284 72.4716 13.6
      vertex -17.9849 73.8151 13.6
      vertex -18.1989 74.0657 13.6
    endloop
  endfacet
  facet normal 0 0 1
    outer loop
      vertex -17.4534 73.4289 13.6
      vertex -18.316 71.736 13.6
      vertex -17.7361 71.4958 13.6
    endloop
  endfacet
  facet normal 0 0 1
    outer loop
      vertex -19.7361 72.9489 13.6
      vertex -18.1989 74.0657 13.6
      vertex -18.3711 74.3466 13.6
    endloop
  endfacet
  facet normal 0 0 1
    outer loop
      vertex -20.064 73.484 13.6
      vertex -18.3711 74.3466 13.6
      vertex -18.4972 74.6511 13.6
    endloop
  endfacet
  facet normal 0 0 1
    outer loop
      vertex -20.3042 74.0639 13.6
      vertex -18.4972 74.6511 13.6
      vertex -18.5741 74.9715 13.6
    endloop
  endfacet
  facet normal 0 0 1
    outer loop
      vertex -17.7343 73.6011 13.6
      vertex -18.8511 72.0639 13.6
      vertex -18.316 71.736 13.6
    endloop
  endfacet
  facet normal 0 0 1
    outer loop
      vertex -20.4508 74.6743 13.6
      vertex -18.5741 74.9715 13.6
      vertex -18.6 75.3 13.6
    endloop
  endfacet
  facet normal 0 0 1
    outer loop
      vertex -18.3711 76.2534 13.6
      vertex -20.064 77.116 13.6
      vertex -18.4972 75.9489 13.6
    endloop
  endfacet
  facet normal -0 0 1
    outer loop
      vertex -20.3042 76.5361 13.6
      vertex -18.4972 75.9489 13.6
      vertex -20.064 77.116 13.6
    endloop
  endfacet
  facet normal 0 0 1
    outer loop
      vertex -17.9849 73.8151 13.6
      vertex -19.3284 72.4716 13.6
      vertex -18.8511 72.0639 13.6
    endloop
  endfacet
  facet normal 0 0 1
    outer loop
      vertex -18.4972 75.9489 13.6
      vertex -20.3042 76.5361 13.6
      vertex -18.5741 75.6285 13.6
    endloop
  endfacet
  facet normal 0 0 1
    outer loop
      vertex -18.1989 74.0657 13.6
      vertex -19.7361 72.9489 13.6
      vertex -19.3284 72.4716 13.6
    endloop
  endfacet
  facet normal -0 0 1
    outer loop
      vertex -20.4508 75.9257 13.6
      vertex -18.5741 75.6285 13.6
      vertex -20.3042 76.5361 13.6
    endloop
  endfacet
  facet normal 0 0 1
    outer loop
      vertex -18.3711 74.3466 13.6
      vertex -20.064 73.484 13.6
      vertex -19.7361 72.9489 13.6
    endloop
  endfacet
  facet normal 0 0 1
    outer loop
      vertex -18.5741 75.6285 13.6
      vertex -20.4508 75.9257 13.6
      vertex -18.6 75.3 13.6
    endloop
  endfacet
  facet normal 0 0 1
    outer loop
      vertex -18.4972 74.6511 13.6
      vertex -20.3042 74.0639 13.6
      vertex -20.064 73.484 13.6
    endloop
  endfacet
  facet normal 0 0 1
    outer loop
      vertex -20.5 75.3 13.6
      vertex -18.6 75.3 13.6
      vertex -20.4508 75.9257 13.6
    endloop
  endfacet
  facet normal 0 0 1
    outer loop
      vertex -18.5741 74.9715 13.6
      vertex -20.4508 74.6743 13.6
      vertex -20.3042 74.0639 13.6
    endloop
  endfacet
  facet normal 0 0 1
    outer loop
      vertex -18.6 75.3 13.6
      vertex -20.5 75.3 13.6
      vertex -20.4508 74.6743 13.6
    endloop
  endfacet
  facet normal 0 0 1
    outer loop
      vertex -215.4 75.3 13.6
      vertex -213.5 75.3 13.6
      vertex -213.549 75.9257 13.6
    endloop
  endfacet
  facet normal 0 0 1
    outer loop
      vertex -215.426 75.6285 13.6
      vertex -213.549 75.9257 13.6
      vertex -213.696 76.5361 13.6
    endloop
  endfacet
  facet normal 0 0 1
    outer loop
      vertex -213.5 75.3 13.6
      vertex -215.4 75.3 13.6
      vertex -213.549 74.6743 13.6
    endloop
  endfacet
  facet normal 0 0 1
    outer loop
      vertex -215.503 75.9489 13.6
      vertex -213.696 76.5361 13.6
      vertex -213.936 77.116 13.6
    endloop
  endfacet
  facet normal -0 0 1
    outer loop
      vertex -215.426 74.9715 13.6
      vertex -213.549 74.6743 13.6
      vertex -215.4 75.3 13.6
    endloop
  endfacet
  facet normal 0 0 1
    outer loop
      vertex -215.629 76.2534 13.6
      vertex -213.936 77.116 13.6
      vertex -214.264 77.6511 13.6
    endloop
  endfacet
  facet normal 0 0 1
    outer loop
      vertex -213.549 74.6743 13.6
      vertex -215.426 74.9715 13.6
      vertex -213.696 74.0639 13.6
    endloop
  endfacet
  facet normal 0 0 1
    outer loop
      vertex -215.801 76.5343 13.6
      vertex -214.264 77.6511 13.6
      vertex -214.672 78.1284 13.6
    endloop
  endfacet
  facet normal -0 0 1
    outer loop
      vertex -215.503 74.6511 13.6
      vertex -213.696 74.0639 13.6
      vertex -215.426 74.9715 13.6
    endloop
  endfacet
  facet normal 0 0 1
    outer loop
      vertex -216.015 76.7849 13.6
      vertex -214.672 78.1284 13.6
      vertex -215.149 78.5361 13.6
    endloop
  endfacet
  facet normal 0 0 1
    outer loop
      vertex -213.696 74.0639 13.6
      vertex -215.503 74.6511 13.6
      vertex -213.936 73.484 13.6
    endloop
  endfacet
  facet normal -0 0 1
    outer loop
      vertex -215.629 74.3466 13.6
      vertex -213.936 73.484 13.6
      vertex -215.503 74.6511 13.6
    endloop
  endfacet
  facet normal 0 0 1
    outer loop
      vertex -213.549 75.9257 13.6
      vertex -215.426 75.6285 13.6
      vertex -215.4 75.3 13.6
    endloop
  endfacet
  facet normal 0 0 1
    outer loop
      vertex -213.696 76.5361 13.6
      vertex -215.503 75.9489 13.6
      vertex -215.426 75.6285 13.6
    endloop
  endfacet
  facet normal 0 0 1
    outer loop
      vertex -213.936 77.116 13.6
      vertex -215.629 76.2534 13.6
      vertex -215.503 75.9489 13.6
    endloop
  endfacet
  facet normal 0 0 1
    outer loop
      vertex -216.266 76.9989 13.6
      vertex -215.149 78.5361 13.6
      vertex -215.684 78.864 13.6
    endloop
  endfacet
  facet normal 0 0 1
    outer loop
      vertex -214.264 77.6511 13.6
      vertex -215.801 76.5343 13.6
      vertex -215.629 76.2534 13.6
    endloop
  endfacet
  facet normal 0 0 1
    outer loop
      vertex -214.672 78.1284 13.6
      vertex -216.015 76.7849 13.6
      vertex -215.801 76.5343 13.6
    endloop
  endfacet
  facet normal 0 0 1
    outer loop
      vertex -216.547 77.1711 13.6
      vertex -215.684 78.864 13.6
      vertex -216.264 79.1042 13.6
    endloop
  endfacet
  facet normal 0 0 1
    outer loop
      vertex -215.149 78.5361 13.6
      vertex -216.266 76.9989 13.6
      vertex -216.015 76.7849 13.6
    endloop
  endfacet
  facet normal 0 0 1
    outer loop
      vertex -215.684 78.864 13.6
      vertex -216.547 77.1711 13.6
      vertex -216.266 76.9989 13.6
    endloop
  endfacet
  facet normal 0 0 1
    outer loop
      vertex -216.264 79.1042 13.6
      vertex -216.851 77.2972 13.6
      vertex -216.547 77.1711 13.6
    endloop
  endfacet
  facet normal 0 0 1
    outer loop
      vertex -216.874 79.2508 13.6
      vertex -216.851 77.2972 13.6
      vertex -216.264 79.1042 13.6
    endloop
  endfacet
  facet normal 0 0 1
    outer loop
      vertex -216.874 79.2508 13.6
      vertex -217.171 77.3741 13.6
      vertex -216.851 77.2972 13.6
    endloop
  endfacet
  facet normal 0 0 1
    outer loop
      vertex -217.5 79.3 13.6
      vertex -217.171 77.3741 13.6
      vertex -216.874 79.2508 13.6
    endloop
  endfacet
  facet normal 0 0 1
    outer loop
      vertex -217.171 77.3741 13.6
      vertex -217.5 79.3 13.6
      vertex -217.5 77.4 13.6
    endloop
  endfacet
  facet normal 0 0 1
    outer loop
      vertex -213.936 73.484 13.6
      vertex -215.629 74.3466 13.6
      vertex -214.264 72.9489 13.6
    endloop
  endfacet
  facet normal -0 0 1
    outer loop
      vertex -215.801 74.0657 13.6
      vertex -214.264 72.9489 13.6
      vertex -215.629 74.3466 13.6
    endloop
  endfacet
  facet normal 0 0 1
    outer loop
      vertex -214.264 72.9489 13.6
      vertex -215.801 74.0657 13.6
      vertex -214.672 72.4716 13.6
    endloop
  endfacet
  facet normal -0 0 1
    outer loop
      vertex -216.015 73.8151 13.6
      vertex -214.672 72.4716 13.6
      vertex -215.801 74.0657 13.6
    endloop
  endfacet
  facet normal 0 0 1
    outer loop
      vertex -214.672 72.4716 13.6
      vertex -216.015 73.8151 13.6
      vertex -215.149 72.0639 13.6
    endloop
  endfacet
  facet normal -0 0 1
    outer loop
      vertex -216.266 73.6011 13.6
      vertex -215.149 72.0639 13.6
      vertex -216.015 73.8151 13.6
    endloop
  endfacet
  facet normal 0 0 1
    outer loop
      vertex -215.149 72.0639 13.6
      vertex -216.266 73.6011 13.6
      vertex -215.684 71.736 13.6
    endloop
  endfacet
  facet normal -0 0 1
    outer loop
      vertex -216.547 73.4289 13.6
      vertex -215.684 71.736 13.6
      vertex -216.266 73.6011 13.6
    endloop
  endfacet
  facet normal 0 0 1
    outer loop
      vertex -215.684 71.736 13.6
      vertex -216.547 73.4289 13.6
      vertex -216.264 71.4958 13.6
    endloop
  endfacet
  facet normal -0 0 1
    outer loop
      vertex -216.851 73.3028 13.6
      vertex -216.264 71.4958 13.6
      vertex -216.547 73.4289 13.6
    endloop
  endfacet
  facet normal 0 0 1
    outer loop
      vertex -216.851 73.3028 13.6
      vertex -216.874 71.3492 13.6
      vertex -216.264 71.4958 13.6
    endloop
  endfacet
  facet normal -0 0 1
    outer loop
      vertex -217.171 73.2259 13.6
      vertex -216.874 71.3492 13.6
      vertex -216.851 73.3028 13.6
    endloop
  endfacet
  facet normal -0 0 1
    outer loop
      vertex -217.5 73.2 13.6
      vertex -216.874 71.3492 13.6
      vertex -217.171 73.2259 13.6
    endloop
  endfacet
  facet normal 0 0 1
    outer loop
      vertex -217.5 73.2 13.6
      vertex -217.5 71.3 13.6
      vertex -216.874 71.3492 13.6
    endloop
  endfacet
  facet normal 0 0 1
    outer loop
      vertex -217.829 73.2259 13.6
      vertex -217.5 71.3 13.6
      vertex -217.5 73.2 13.6
    endloop
  endfacet
  facet normal 0 0 1
    outer loop
      vertex -217.829 73.2259 13.6
      vertex -218.126 71.3492 13.6
      vertex -217.5 71.3 13.6
    endloop
  endfacet
  facet normal 0 0 1
    outer loop
      vertex -218.149 73.3028 13.6
      vertex -218.126 71.3492 13.6
      vertex -217.829 73.2259 13.6
    endloop
  endfacet
  facet normal 0 0 1
    outer loop
      vertex -218.736 71.4958 13.6
      vertex -218.149 73.3028 13.6
      vertex -218.453 73.4289 13.6
    endloop
  endfacet
  facet normal 0 0 1
    outer loop
      vertex -219.316 71.736 13.6
      vertex -218.453 73.4289 13.6
      vertex -218.734 73.6011 13.6
    endloop
  endfacet
  facet normal 0 0 1
    outer loop
      vertex -218.149 73.3028 13.6
      vertex -218.736 71.4958 13.6
      vertex -218.126 71.3492 13.6
    endloop
  endfacet
  facet normal 0 0 1
    outer loop
      vertex -219.851 72.0639 13.6
      vertex -218.734 73.6011 13.6
      vertex -218.985 73.8151 13.6
    endloop
  endfacet
  facet normal 0 0 1
    outer loop
      vertex -220.328 72.4716 13.6
      vertex -218.985 73.8151 13.6
      vertex -219.199 74.0657 13.6
    endloop
  endfacet
  facet normal 0 0 1
    outer loop
      vertex -218.453 73.4289 13.6
      vertex -219.316 71.736 13.6
      vertex -218.736 71.4958 13.6
    endloop
  endfacet
  facet normal 0 0 1
    outer loop
      vertex -220.736 72.9489 13.6
      vertex -219.199 74.0657 13.6
      vertex -219.371 74.3466 13.6
    endloop
  endfacet
  facet normal 0 0 1
    outer loop
      vertex -221.064 73.484 13.6
      vertex -219.371 74.3466 13.6
      vertex -219.497 74.6511 13.6
    endloop
  endfacet
  facet normal 0 0 1
    outer loop
      vertex -221.304 74.0639 13.6
      vertex -219.497 74.6511 13.6
      vertex -219.574 74.9715 13.6
    endloop
  endfacet
  facet normal 0 0 1
    outer loop
      vertex -218.734 73.6011 13.6
      vertex -219.851 72.0639 13.6
      vertex -219.316 71.736 13.6
    endloop
  endfacet
  facet normal 0 0 1
    outer loop
      vertex -221.451 74.6743 13.6
      vertex -219.574 74.9715 13.6
      vertex -219.6 75.3 13.6
    endloop
  endfacet
  facet normal 0 0 1
    outer loop
      vertex -219.371 76.2534 13.6
      vertex -221.064 77.116 13.6
      vertex -219.497 75.9489 13.6
    endloop
  endfacet
  facet normal -0 0 1
    outer loop
      vertex -221.304 76.5361 13.6
      vertex -219.497 75.9489 13.6
      vertex -221.064 77.116 13.6
    endloop
  endfacet
  facet normal 0 0 1
    outer loop
      vertex -218.985 73.8151 13.6
      vertex -220.328 72.4716 13.6
      vertex -219.851 72.0639 13.6
    endloop
  endfacet
  facet normal 0 0 1
    outer loop
      vertex -219.497 75.9489 13.6
      vertex -221.304 76.5361 13.6
      vertex -219.574 75.6285 13.6
    endloop
  endfacet
  facet normal 0 0 1
    outer loop
      vertex -219.199 74.0657 13.6
      vertex -220.736 72.9489 13.6
      vertex -220.328 72.4716 13.6
    endloop
  endfacet
  facet normal -0 0 1
    outer loop
      vertex -221.451 75.9257 13.6
      vertex -219.574 75.6285 13.6
      vertex -221.304 76.5361 13.6
    endloop
  endfacet
  facet normal 0 0 1
    outer loop
      vertex -219.371 74.3466 13.6
      vertex -221.064 73.484 13.6
      vertex -220.736 72.9489 13.6
    endloop
  endfacet
  facet normal 0 0 1
    outer loop
      vertex -219.574 75.6285 13.6
      vertex -221.451 75.9257 13.6
      vertex -219.6 75.3 13.6
    endloop
  endfacet
  facet normal 0 0 1
    outer loop
      vertex -219.497 74.6511 13.6
      vertex -221.304 74.0639 13.6
      vertex -221.064 73.484 13.6
    endloop
  endfacet
  facet normal 0 0 1
    outer loop
      vertex -221.5 75.3 13.6
      vertex -219.6 75.3 13.6
      vertex -221.451 75.9257 13.6
    endloop
  endfacet
  facet normal 0 0 1
    outer loop
      vertex -219.574 74.9715 13.6
      vertex -221.451 74.6743 13.6
      vertex -221.304 74.0639 13.6
    endloop
  endfacet
  facet normal 0 0 1
    outer loop
      vertex -219.6 75.3 13.6
      vertex -221.5 75.3 13.6
      vertex -221.451 74.6743 13.6
    endloop
  endfacet
  facet normal 0 0 1
    outer loop
      vertex -217.829 -77.3741 13.6
      vertex -217.5 -79.3 13.6
      vertex -217.5 -77.4 13.6
    endloop
  endfacet
  facet normal 0 0 1
    outer loop
      vertex -217.829 -77.3741 13.6
      vertex -218.126 -79.2508 13.6
      vertex -217.5 -79.3 13.6
    endloop
  endfacet
  facet normal 0 0 1
    outer loop
      vertex -218.149 -77.2972 13.6
      vertex -218.126 -79.2508 13.6
      vertex -217.829 -77.3741 13.6
    endloop
  endfacet
  facet normal 0 0 1
    outer loop
      vertex -218.736 -79.1042 13.6
      vertex -218.149 -77.2972 13.6
      vertex -218.453 -77.1711 13.6
    endloop
  endfacet
  facet normal 0 0 1
    outer loop
      vertex -219.316 -78.864 13.6
      vertex -218.453 -77.1711 13.6
      vertex -218.734 -76.9989 13.6
    endloop
  endfacet
  facet normal 0 0 1
    outer loop
      vertex -218.149 -77.2972 13.6
      vertex -218.736 -79.1042 13.6
      vertex -218.126 -79.2508 13.6
    endloop
  endfacet
  facet normal 0 0 1
    outer loop
      vertex -219.851 -78.5361 13.6
      vertex -218.734 -76.9989 13.6
      vertex -218.985 -76.7849 13.6
    endloop
  endfacet
  facet normal 0 0 1
    outer loop
      vertex -220.328 -78.1284 13.6
      vertex -218.985 -76.7849 13.6
      vertex -219.199 -76.5343 13.6
    endloop
  endfacet
  facet normal 0 0 1
    outer loop
      vertex -218.453 -77.1711 13.6
      vertex -219.316 -78.864 13.6
      vertex -218.736 -79.1042 13.6
    endloop
  endfacet
  facet normal 0 0 1
    outer loop
      vertex -220.736 -77.6511 13.6
      vertex -219.199 -76.5343 13.6
      vertex -219.371 -76.2534 13.6
    endloop
  endfacet
  facet normal 0 0 1
    outer loop
      vertex -221.064 -77.116 13.6
      vertex -219.371 -76.2534 13.6
      vertex -219.497 -75.9489 13.6
    endloop
  endfacet
  facet normal 0 0 1
    outer loop
      vertex -221.304 -76.5361 13.6
      vertex -219.497 -75.9489 13.6
      vertex -219.574 -75.6285 13.6
    endloop
  endfacet
  facet normal 0 0 1
    outer loop
      vertex -218.734 -76.9989 13.6
      vertex -219.851 -78.5361 13.6
      vertex -219.316 -78.864 13.6
    endloop
  endfacet
  facet normal 0 0 1
    outer loop
      vertex -221.451 -75.9257 13.6
      vertex -219.574 -75.6285 13.6
      vertex -219.6 -75.3 13.6
    endloop
  endfacet
  facet normal 0 0 1
    outer loop
      vertex -219.371 -74.3466 13.6
      vertex -221.064 -73.484 13.6
      vertex -219.497 -74.6511 13.6
    endloop
  endfacet
  facet normal -0 0 1
    outer loop
      vertex -221.304 -74.0639 13.6
      vertex -219.497 -74.6511 13.6
      vertex -221.064 -73.484 13.6
    endloop
  endfacet
  facet normal 0 0 1
    outer loop
      vertex -218.985 -76.7849 13.6
      vertex -220.328 -78.1284 13.6
      vertex -219.851 -78.5361 13.6
    endloop
  endfacet
  facet normal 0 0 1
    outer loop
      vertex -219.497 -74.6511 13.6
      vertex -221.304 -74.0639 13.6
      vertex -219.574 -74.9715 13.6
    endloop
  endfacet
  facet normal 0 0 1
    outer loop
      vertex -219.199 -76.5343 13.6
      vertex -220.736 -77.6511 13.6
      vertex -220.328 -78.1284 13.6
    endloop
  endfacet
  facet normal -0 0 1
    outer loop
      vertex -221.451 -74.6743 13.6
      vertex -219.574 -74.9715 13.6
      vertex -221.304 -74.0639 13.6
    endloop
  endfacet
  facet normal 0 0 1
    outer loop
      vertex -219.371 -76.2534 13.6
      vertex -221.064 -77.116 13.6
      vertex -220.736 -77.6511 13.6
    endloop
  endfacet
  facet normal 0 0 1
    outer loop
      vertex -219.574 -74.9715 13.6
      vertex -221.451 -74.6743 13.6
      vertex -219.6 -75.3 13.6
    endloop
  endfacet
  facet normal 0 0 1
    outer loop
      vertex -219.497 -75.9489 13.6
      vertex -221.304 -76.5361 13.6
      vertex -221.064 -77.116 13.6
    endloop
  endfacet
  facet normal 0 0 1
    outer loop
      vertex -221.5 -75.3 13.6
      vertex -219.6 -75.3 13.6
      vertex -221.451 -74.6743 13.6
    endloop
  endfacet
  facet normal 0 0 1
    outer loop
      vertex -219.574 -75.6285 13.6
      vertex -221.451 -75.9257 13.6
      vertex -221.304 -76.5361 13.6
    endloop
  endfacet
  facet normal 0 0 1
    outer loop
      vertex -219.6 -75.3 13.6
      vertex -221.5 -75.3 13.6
      vertex -221.451 -75.9257 13.6
    endloop
  endfacet
  facet normal 0 0 1
    outer loop
      vertex -217.5 79.3 13.6
      vertex -217.829 77.3741 13.6
      vertex -217.5 77.4 13.6
    endloop
  endfacet
  facet normal -0 0 1
    outer loop
      vertex -218.126 79.2508 13.6
      vertex -217.829 77.3741 13.6
      vertex -217.5 79.3 13.6
    endloop
  endfacet
  facet normal 0 0 1
    outer loop
      vertex -218.126 79.2508 13.6
      vertex -218.149 77.2972 13.6
      vertex -217.829 77.3741 13.6
    endloop
  endfacet
  facet normal -0 0 1
    outer loop
      vertex -218.736 79.1042 13.6
      vertex -218.149 77.2972 13.6
      vertex -218.126 79.2508 13.6
    endloop
  endfacet
  facet normal 0 0 1
    outer loop
      vertex -218.149 77.2972 13.6
      vertex -218.736 79.1042 13.6
      vertex -218.453 77.1711 13.6
    endloop
  endfacet
  facet normal -0 0 1
    outer loop
      vertex -219.316 78.864 13.6
      vertex -218.453 77.1711 13.6
      vertex -218.736 79.1042 13.6
    endloop
  endfacet
  facet normal 0 0 1
    outer loop
      vertex -218.453 77.1711 13.6
      vertex -219.316 78.864 13.6
      vertex -218.734 76.9989 13.6
    endloop
  endfacet
  facet normal -0 0 1
    outer loop
      vertex -219.851 78.5361 13.6
      vertex -218.734 76.9989 13.6
      vertex -219.316 78.864 13.6
    endloop
  endfacet
  facet normal 0 0 1
    outer loop
      vertex -218.734 76.9989 13.6
      vertex -219.851 78.5361 13.6
      vertex -218.985 76.7849 13.6
    endloop
  endfacet
  facet normal -0 0 1
    outer loop
      vertex -220.328 78.1284 13.6
      vertex -218.985 76.7849 13.6
      vertex -219.851 78.5361 13.6
    endloop
  endfacet
  facet normal 0 0 1
    outer loop
      vertex -218.985 76.7849 13.6
      vertex -220.328 78.1284 13.6
      vertex -219.199 76.5343 13.6
    endloop
  endfacet
  facet normal -0 0 1
    outer loop
      vertex -220.736 77.6511 13.6
      vertex -219.199 76.5343 13.6
      vertex -220.328 78.1284 13.6
    endloop
  endfacet
  facet normal -0 0 1
    outer loop
      vertex -221.064 77.116 13.6
      vertex -219.371 76.2534 13.6
      vertex -220.736 77.6511 13.6
    endloop
  endfacet
  facet normal 0 0 1
    outer loop
      vertex -219.199 76.5343 13.6
      vertex -220.736 77.6511 13.6
      vertex -219.371 76.2534 13.6
    endloop
  endfacet
  facet normal 0 0 1
    outer loop
      vertex -16.8285 -77.3741 13.6
      vertex -16.5 -79.3 13.6
      vertex -16.5 -77.4 13.6
    endloop
  endfacet
  facet normal 0 0 1
    outer loop
      vertex -16.8285 -77.3741 13.6
      vertex -17.1257 -79.2508 13.6
      vertex -16.5 -79.3 13.6
    endloop
  endfacet
  facet normal 0 0 1
    outer loop
      vertex -17.1489 -77.2972 13.6
      vertex -17.1257 -79.2508 13.6
      vertex -16.8285 -77.3741 13.6
    endloop
  endfacet
  facet normal 0 0 1
    outer loop
      vertex -17.7361 -79.1042 13.6
      vertex -17.1489 -77.2972 13.6
      vertex -17.4534 -77.1711 13.6
    endloop
  endfacet
  facet normal 0 0 1
    outer loop
      vertex -18.316 -78.864 13.6
      vertex -17.4534 -77.1711 13.6
      vertex -17.7343 -76.9989 13.6
    endloop
  endfacet
  facet normal 0 0 1
    outer loop
      vertex -17.1489 -77.2972 13.6
      vertex -17.7361 -79.1042 13.6
      vertex -17.1257 -79.2508 13.6
    endloop
  endfacet
  facet normal 0 0 1
    outer loop
      vertex -18.8511 -78.5361 13.6
      vertex -17.7343 -76.9989 13.6
      vertex -17.9849 -76.7849 13.6
    endloop
  endfacet
  facet normal 0 0 1
    outer loop
      vertex -19.3284 -78.1284 13.6
      vertex -17.9849 -76.7849 13.6
      vertex -18.1989 -76.5343 13.6
    endloop
  endfacet
  facet normal 0 0 1
    outer loop
      vertex -17.4534 -77.1711 13.6
      vertex -18.316 -78.864 13.6
      vertex -17.7361 -79.1042 13.6
    endloop
  endfacet
  facet normal 0 0 1
    outer loop
      vertex -19.7361 -77.6511 13.6
      vertex -18.1989 -76.5343 13.6
      vertex -18.3711 -76.2534 13.6
    endloop
  endfacet
  facet normal 0 0 1
    outer loop
      vertex -20.064 -77.116 13.6
      vertex -18.3711 -76.2534 13.6
      vertex -18.4972 -75.9489 13.6
    endloop
  endfacet
  facet normal 0 0 1
    outer loop
      vertex -20.3042 -76.5361 13.6
      vertex -18.4972 -75.9489 13.6
      vertex -18.5741 -75.6285 13.6
    endloop
  endfacet
  facet normal 0 0 1
    outer loop
      vertex -17.7343 -76.9989 13.6
      vertex -18.8511 -78.5361 13.6
      vertex -18.316 -78.864 13.6
    endloop
  endfacet
  facet normal 0 0 1
    outer loop
      vertex -20.4508 -75.9257 13.6
      vertex -18.5741 -75.6285 13.6
      vertex -18.6 -75.3 13.6
    endloop
  endfacet
  facet normal 0 0 1
    outer loop
      vertex -18.3711 -74.3466 13.6
      vertex -20.064 -73.484 13.6
      vertex -18.4972 -74.6511 13.6
    endloop
  endfacet
  facet normal -0 0 1
    outer loop
      vertex -20.3042 -74.0639 13.6
      vertex -18.4972 -74.6511 13.6
      vertex -20.064 -73.484 13.6
    endloop
  endfacet
  facet normal 0 0 1
    outer loop
      vertex -17.9849 -76.7849 13.6
      vertex -19.3284 -78.1284 13.6
      vertex -18.8511 -78.5361 13.6
    endloop
  endfacet
  facet normal 0 0 1
    outer loop
      vertex -18.4972 -74.6511 13.6
      vertex -20.3042 -74.0639 13.6
      vertex -18.5741 -74.9715 13.6
    endloop
  endfacet
  facet normal 0 0 1
    outer loop
      vertex -18.1989 -76.5343 13.6
      vertex -19.7361 -77.6511 13.6
      vertex -19.3284 -78.1284 13.6
    endloop
  endfacet
  facet normal -0 0 1
    outer loop
      vertex -20.4508 -74.6743 13.6
      vertex -18.5741 -74.9715 13.6
      vertex -20.3042 -74.0639 13.6
    endloop
  endfacet
  facet normal 0 0 1
    outer loop
      vertex -18.3711 -76.2534 13.6
      vertex -20.064 -77.116 13.6
      vertex -19.7361 -77.6511 13.6
    endloop
  endfacet
  facet normal 0 0 1
    outer loop
      vertex -18.5741 -74.9715 13.6
      vertex -20.4508 -74.6743 13.6
      vertex -18.6 -75.3 13.6
    endloop
  endfacet
  facet normal 0 0 1
    outer loop
      vertex -18.4972 -75.9489 13.6
      vertex -20.3042 -76.5361 13.6
      vertex -20.064 -77.116 13.6
    endloop
  endfacet
  facet normal 0 0 1
    outer loop
      vertex -20.5 -75.3 13.6
      vertex -18.6 -75.3 13.6
      vertex -20.4508 -74.6743 13.6
    endloop
  endfacet
  facet normal 0 0 1
    outer loop
      vertex -18.5741 -75.6285 13.6
      vertex -20.4508 -75.9257 13.6
      vertex -20.3042 -76.5361 13.6
    endloop
  endfacet
  facet normal 0 0 1
    outer loop
      vertex -18.6 -75.3 13.6
      vertex -20.5 -75.3 13.6
      vertex -20.4508 -75.9257 13.6
    endloop
  endfacet
  facet normal 0 0 1
    outer loop
      vertex -16.5 79.3 13.6
      vertex -16.8285 77.3741 13.6
      vertex -16.5 77.4 13.6
    endloop
  endfacet
  facet normal -0 0 1
    outer loop
      vertex -17.1257 79.2508 13.6
      vertex -16.8285 77.3741 13.6
      vertex -16.5 79.3 13.6
    endloop
  endfacet
  facet normal 0 0 1
    outer loop
      vertex -17.1257 79.2508 13.6
      vertex -17.1489 77.2972 13.6
      vertex -16.8285 77.3741 13.6
    endloop
  endfacet
  facet normal -0 0 1
    outer loop
      vertex -17.7361 79.1042 13.6
      vertex -17.1489 77.2972 13.6
      vertex -17.1257 79.2508 13.6
    endloop
  endfacet
  facet normal 0 0 1
    outer loop
      vertex -17.1489 77.2972 13.6
      vertex -17.7361 79.1042 13.6
      vertex -17.4534 77.1711 13.6
    endloop
  endfacet
  facet normal -0 0 1
    outer loop
      vertex -18.316 78.864 13.6
      vertex -17.4534 77.1711 13.6
      vertex -17.7361 79.1042 13.6
    endloop
  endfacet
  facet normal 0 0 1
    outer loop
      vertex -17.4534 77.1711 13.6
      vertex -18.316 78.864 13.6
      vertex -17.7343 76.9989 13.6
    endloop
  endfacet
  facet normal -0 0 1
    outer loop
      vertex -18.8511 78.5361 13.6
      vertex -17.7343 76.9989 13.6
      vertex -18.316 78.864 13.6
    endloop
  endfacet
  facet normal 0 0 1
    outer loop
      vertex -17.7343 76.9989 13.6
      vertex -18.8511 78.5361 13.6
      vertex -17.9849 76.7849 13.6
    endloop
  endfacet
  facet normal -0 0 1
    outer loop
      vertex -19.3284 78.1284 13.6
      vertex -17.9849 76.7849 13.6
      vertex -18.8511 78.5361 13.6
    endloop
  endfacet
  facet normal 0 0 1
    outer loop
      vertex -17.9849 76.7849 13.6
      vertex -19.3284 78.1284 13.6
      vertex -18.1989 76.5343 13.6
    endloop
  endfacet
  facet normal -0 0 1
    outer loop
      vertex -19.7361 77.6511 13.6
      vertex -18.1989 76.5343 13.6
      vertex -19.3284 78.1284 13.6
    endloop
  endfacet
  facet normal -0 0 1
    outer loop
      vertex -20.064 77.116 13.6
      vertex -18.3711 76.2534 13.6
      vertex -19.7361 77.6511 13.6
    endloop
  endfacet
  facet normal 0 0 1
    outer loop
      vertex -18.1989 76.5343 13.6
      vertex -19.7361 77.6511 13.6
      vertex -18.3711 76.2534 13.6
    endloop
  endfacet
  facet normal -0.852576 0.522603 0
    outer loop
      vertex -223.564 79.616 0
      vertex -223.236 80.1511 13.6
      vertex -223.236 80.1511 0
    endloop
  endfacet
  facet normal -0.852576 0.522603 0
    outer loop
      vertex -223.236 80.1511 13.6
      vertex -223.564 79.616 0
      vertex -223.564 79.616 13.6
    endloop
  endfacet
  facet normal -0.382624 0.923904 0
    outer loop
      vertex -221.236 81.6042 0
      vertex -221.816 81.364 13.6
      vertex -221.236 81.6042 13.6
    endloop
  endfacet
  facet normal -0.382624 0.923904 0
    outer loop
      vertex -221.816 81.364 13.6
      vertex -221.236 81.6042 0
      vertex -221.816 81.364 0
    endloop
  endfacet
  facet normal -0.0783526 0.996926 0
    outer loop
      vertex -220 81.8 0
      vertex -220.626 81.7508 13.6
      vertex -220 81.8 13.6
    endloop
  endfacet
  facet normal -0.0783526 0.996926 0
    outer loop
      vertex -220.626 81.7508 13.6
      vertex -220 81.8 0
      vertex -220.626 81.7508 0
    endloop
  endfacet
  facet normal -0.522558 0.852604 0
    outer loop
      vertex -221.816 81.364 0
      vertex -222.351 81.0361 13.6
      vertex -221.816 81.364 13.6
    endloop
  endfacet
  facet normal -0.522558 0.852604 0
    outer loop
      vertex -222.351 81.0361 13.6
      vertex -221.816 81.364 0
      vertex -222.351 81.0361 0
    endloop
  endfacet
  facet normal 0.760369 0.649492 0
    outer loop
      vertex -10.7639 80.1511 13.6
      vertex -11.1716 80.6284 0
      vertex -11.1716 80.6284 13.6
    endloop
  endfacet
  facet normal 0.760369 0.649492 0
    outer loop
      vertex -11.1716 80.6284 0
      vertex -10.7639 80.1511 13.6
      vertex -10.7639 80.1511 0
    endloop
  endfacet
  facet normal 0.38268 -0.923881 0
    outer loop
      vertex -12.7639 -81.6042 0
      vertex -12.184 -81.364 13.6
      vertex -12.7639 -81.6042 13.6
    endloop
  endfacet
  facet normal 0.38268 -0.923881 0
    outer loop
      vertex -12.184 -81.364 13.6
      vertex -12.7639 -81.6042 0
      vertex -12.184 -81.364 0
    endloop
  endfacet
  facet normal 0.923881 -0.38268 0
    outer loop
      vertex -10.436 -79.616 13.6
      vertex -10.1958 -79.0361 0
      vertex -10.1958 -79.0361 13.6
    endloop
  endfacet
  facet normal 0.923881 -0.38268 0
    outer loop
      vertex -10.1958 -79.0361 0
      vertex -10.436 -79.616 13.6
      vertex -10.436 -79.616 0
    endloop
  endfacet
  facet normal 0.852647 -0.522487 0
    outer loop
      vertex -10.7639 -80.1511 13.6
      vertex -10.436 -79.616 0
      vertex -10.436 -79.616 13.6
    endloop
  endfacet
  facet normal 0.852647 -0.522487 0
    outer loop
      vertex -10.436 -79.616 0
      vertex -10.7639 -80.1511 13.6
      vertex -10.7639 -80.1511 0
    endloop
  endfacet
  facet normal -0.233674 -0.972315 0
    outer loop
      vertex -221.236 -81.6042 0
      vertex -220.626 -81.7508 13.6
      vertex -221.236 -81.6042 13.6
    endloop
  endfacet
  facet normal -0.233674 -0.972315 -0
    outer loop
      vertex -220.626 -81.7508 13.6
      vertex -221.236 -81.6042 0
      vertex -220.626 -81.7508 0
    endloop
  endfacet
  facet normal -0.852576 -0.522603 0
    outer loop
      vertex -223.236 -80.1511 0
      vertex -223.564 -79.616 13.6
      vertex -223.564 -79.616 0
    endloop
  endfacet
  facet normal -0.852576 -0.522603 0
    outer loop
      vertex -223.564 -79.616 13.6
      vertex -223.236 -80.1511 0
      vertex -223.236 -80.1511 13.6
    endloop
  endfacet
  facet normal -0.233674 0.972315 0
    outer loop
      vertex -220.626 81.7508 0
      vertex -221.236 81.6042 13.6
      vertex -220.626 81.7508 13.6
    endloop
  endfacet
  facet normal -0.233674 0.972315 0
    outer loop
      vertex -221.236 81.6042 13.6
      vertex -220.626 81.7508 0
      vertex -221.236 81.6042 0
    endloop
  endfacet
  facet normal 0.522487 0.852647 -0
    outer loop
      vertex -11.6489 81.0361 0
      vertex -12.184 81.364 13.6
      vertex -11.6489 81.0361 13.6
    endloop
  endfacet
  facet normal 0.522487 0.852647 0
    outer loop
      vertex -12.184 81.364 13.6
      vertex -11.6489 81.0361 0
      vertex -12.184 81.364 0
    endloop
  endfacet
  facet normal 0.649492 0.760369 -0
    outer loop
      vertex -11.1716 80.6284 0
      vertex -11.6489 81.0361 13.6
      vertex -11.1716 80.6284 13.6
    endloop
  endfacet
  facet normal 0.649492 0.760369 0
    outer loop
      vertex -11.6489 81.0361 13.6
      vertex -11.1716 80.6284 0
      vertex -11.6489 81.0361 0
    endloop
  endfacet
  facet normal 0.97235 0.23353 0
    outer loop
      vertex -10.0492 78.4257 13.6
      vertex -10.1958 79.0361 0
      vertex -10.1958 79.0361 13.6
    endloop
  endfacet
  facet normal 0.97235 0.23353 0
    outer loop
      vertex -10.1958 79.0361 0
      vertex -10.0492 78.4257 13.6
      vertex -10.0492 78.4257 0
    endloop
  endfacet
  facet normal 0.996923 0.07839 0
    outer loop
      vertex -10 77.8 13.6
      vertex -10.0492 78.4257 0
      vertex -10.0492 78.4257 13.6
    endloop
  endfacet
  facet normal 0.996923 0.07839 0
    outer loop
      vertex -10.0492 78.4257 0
      vertex -10 77.8 13.6
      vertex -10 77.8 0
    endloop
  endfacet
  facet normal 0.522487 -0.852647 0
    outer loop
      vertex -12.184 -81.364 0
      vertex -11.6489 -81.0361 13.6
      vertex -12.184 -81.364 13.6
    endloop
  endfacet
  facet normal 0.522487 -0.852647 0
    outer loop
      vertex -11.6489 -81.0361 13.6
      vertex -12.184 -81.364 0
      vertex -11.6489 -81.0361 0
    endloop
  endfacet
  facet normal 0.23353 0.97235 -0
    outer loop
      vertex -12.7639 81.6042 0
      vertex -13.3743 81.7508 13.6
      vertex -12.7639 81.6042 13.6
    endloop
  endfacet
  facet normal 0.23353 0.97235 0
    outer loop
      vertex -13.3743 81.7508 13.6
      vertex -12.7639 81.6042 0
      vertex -13.3743 81.7508 0
    endloop
  endfacet
  facet normal 0.38268 0.923881 -0
    outer loop
      vertex -12.184 81.364 0
      vertex -12.7639 81.6042 13.6
      vertex -12.184 81.364 13.6
    endloop
  endfacet
  facet normal 0.38268 0.923881 0
    outer loop
      vertex -12.7639 81.6042 13.6
      vertex -12.184 81.364 0
      vertex -12.7639 81.6042 0
    endloop
  endfacet
  facet normal 0.852647 0.522487 0
    outer loop
      vertex -10.436 79.616 13.6
      vertex -10.7639 80.1511 0
      vertex -10.7639 80.1511 13.6
    endloop
  endfacet
  facet normal 0.852647 0.522487 0
    outer loop
      vertex -10.7639 80.1511 0
      vertex -10.436 79.616 13.6
      vertex -10.436 79.616 0
    endloop
  endfacet
  facet normal 0.923881 0.38268 0
    outer loop
      vertex -10.1958 79.0361 13.6
      vertex -10.436 79.616 0
      vertex -10.436 79.616 13.6
    endloop
  endfacet
  facet normal 0.923881 0.38268 0
    outer loop
      vertex -10.436 79.616 0
      vertex -10.1958 79.0361 13.6
      vertex -10.1958 79.0361 0
    endloop
  endfacet
  facet normal 0.97235 -0.23353 0
    outer loop
      vertex -10.1958 -79.0361 13.6
      vertex -10.0492 -78.4257 0
      vertex -10.0492 -78.4257 13.6
    endloop
  endfacet
  facet normal 0.97235 -0.23353 0
    outer loop
      vertex -10.0492 -78.4257 0
      vertex -10.1958 -79.0361 13.6
      vertex -10.1958 -79.0361 0
    endloop
  endfacet
  facet normal 0.996923 -0.07839 0
    outer loop
      vertex -10.0492 -78.4257 13.6
      vertex -10 -77.8 0
      vertex -10 -77.8 13.6
    endloop
  endfacet
  facet normal 0.996923 -0.07839 0
    outer loop
      vertex -10 -77.8 0
      vertex -10.0492 -78.4257 13.6
      vertex -10.0492 -78.4257 0
    endloop
  endfacet
  facet normal 0.760369 -0.649492 0
    outer loop
      vertex -11.1716 -80.6284 13.6
      vertex -10.7639 -80.1511 0
      vertex -10.7639 -80.1511 13.6
    endloop
  endfacet
  facet normal 0.760369 -0.649492 0
    outer loop
      vertex -10.7639 -80.1511 0
      vertex -11.1716 -80.6284 13.6
      vertex -11.1716 -80.6284 0
    endloop
  endfacet
  facet normal 0.23353 -0.97235 0
    outer loop
      vertex -13.3743 -81.7508 0
      vertex -12.7639 -81.6042 13.6
      vertex -13.3743 -81.7508 13.6
    endloop
  endfacet
  facet normal 0.23353 -0.97235 0
    outer loop
      vertex -12.7639 -81.6042 13.6
      vertex -13.3743 -81.7508 0
      vertex -12.7639 -81.6042 0
    endloop
  endfacet
  facet normal 0.07839 -0.996923 0
    outer loop
      vertex -14 -81.8 0
      vertex -13.3743 -81.7508 13.6
      vertex -14 -81.8 13.6
    endloop
  endfacet
  facet normal 0.07839 -0.996923 0
    outer loop
      vertex -13.3743 -81.7508 13.6
      vertex -14 -81.8 0
      vertex -13.3743 -81.7508 0
    endloop
  endfacet
  facet normal -0.382714 -0.923867 0
    outer loop
      vertex -13.5365 79.2266 2.5
      vertex -13.319 79.1365 13.6
      vertex -13.5365 79.2266 13.6
    endloop
  endfacet
  facet normal -0.382714 -0.923867 -0
    outer loop
      vertex -13.319 79.1365 13.6
      vertex -13.5365 79.2266 2.5
      vertex -13.319 79.1365 2.5
    endloop
  endfacet
  facet normal -0.996908 -0.0785803 0
    outer loop
      vertex -12.5 77.8 2.5
      vertex -12.5185 78.0347 13.6
      vertex -12.5185 78.0347 2.5
    endloop
  endfacet
  facet normal -0.996908 -0.0785803 0
    outer loop
      vertex -12.5185 78.0347 13.6
      vertex -12.5 77.8 2.5
      vertex -12.5 77.8 13.6
    endloop
  endfacet
  facet normal 0.64925 0.760575 -0
    outer loop
      vertex -220.882 -79.0135 2.5
      vertex -221.061 -78.8607 13.6
      vertex -220.882 -79.0135 13.6
    endloop
  endfacet
  facet normal 0.64925 0.760575 0
    outer loop
      vertex -221.061 -78.8607 13.6
      vertex -220.882 -79.0135 2.5
      vertex -221.061 -78.8607 2.5
    endloop
  endfacet
  facet normal 0 1 -0
    outer loop
      vertex -14 -79.3 2.5
      vertex -16.5 -79.3 13.6
      vertex -14 -79.3 13.6
    endloop
  endfacet
  facet normal 0 1 0
    outer loop
      vertex -16.5 -79.3 13.6
      vertex -14 -79.3 2.5
      vertex -16.5 -79.3 2.5
    endloop
  endfacet
  facet normal 0 1 -0
    outer loop
      vertex -217.5 -79.3 2.5
      vertex -220 -79.3 13.6
      vertex -217.5 -79.3 13.6
    endloop
  endfacet
  facet normal 0 1 0
    outer loop
      vertex -220 -79.3 13.6
      vertex -217.5 -79.3 2.5
      vertex -220 -79.3 2.5
    endloop
  endfacet
  facet normal 0 1 -0
    outer loop
      vertex -16.5 -79.3 2.5
      vertex -217.5 -79.3 13.6
      vertex -16.5 -79.3 13.6
    endloop
  endfacet
  facet normal 0 1 0
    outer loop
      vertex -217.5 -79.3 13.6
      vertex -16.5 -79.3 2.5
      vertex -217.5 -79.3 2.5
    endloop
  endfacet
  facet normal 1 -0 0
    outer loop
      vertex -221.5 75.3 13.6
      vertex -221.5 77.8 2.5
      vertex -221.5 77.8 13.6
    endloop
  endfacet
  facet normal 1 0 0
    outer loop
      vertex -221.5 77.8 2.5
      vertex -221.5 75.3 13.6
      vertex -221.5 75.3 2.5
    endloop
  endfacet
  facet normal 1 -0 0
    outer loop
      vertex -221.5 -77.8 13.6
      vertex -221.5 -75.3 2.5
      vertex -221.5 -75.3 13.6
    endloop
  endfacet
  facet normal 1 0 0
    outer loop
      vertex -221.5 -75.3 2.5
      vertex -221.5 -77.8 13.6
      vertex -221.5 -77.8 2.5
    endloop
  endfacet
  facet normal 1 -0 0
    outer loop
      vertex -221.5 -75.3 13.6
      vertex -221.5 75.3 2.5
      vertex -221.5 75.3 13.6
    endloop
  endfacet
  facet normal 1 0 0
    outer loop
      vertex -221.5 75.3 2.5
      vertex -221.5 -75.3 13.6
      vertex -221.5 -75.3 2.5
    endloop
  endfacet
  facet normal 0 -1 0
    outer loop
      vertex -16.5 79.3 2.5
      vertex -14 79.3 13.6
      vertex -16.5 79.3 13.6
    endloop
  endfacet
  facet normal 0 -1 -0
    outer loop
      vertex -14 79.3 13.6
      vertex -16.5 79.3 2.5
      vertex -14 79.3 2.5
    endloop
  endfacet
  facet normal 0 -1 0
    outer loop
      vertex -220 79.3 2.5
      vertex -217.5 79.3 13.6
      vertex -220 79.3 13.6
    endloop
  endfacet
  facet normal 0 -1 -0
    outer loop
      vertex -217.5 79.3 13.6
      vertex -220 79.3 2.5
      vertex -217.5 79.3 2.5
    endloop
  endfacet
  facet normal 0 -1 0
    outer loop
      vertex -217.5 79.3 2.5
      vertex -16.5 79.3 13.6
      vertex -217.5 79.3 13.6
    endloop
  endfacet
  facet normal 0 -1 -0
    outer loop
      vertex -16.5 79.3 13.6
      vertex -217.5 79.3 2.5
      vertex -16.5 79.3 2.5
    endloop
  endfacet
  facet normal -0.64925 0.760575 0
    outer loop
      vertex -12.9393 -78.8607 2.5
      vertex -13.1183 -79.0135 13.6
      vertex -12.9393 -78.8607 13.6
    endloop
  endfacet
  facet normal -0.64925 0.760575 0
    outer loop
      vertex -13.1183 -79.0135 13.6
      vertex -12.9393 -78.8607 2.5
      vertex -13.1183 -79.0135 2.5
    endloop
  endfacet
  facet normal -1 0 0
    outer loop
      vertex -12.5 75.3 2.5
      vertex -12.5 77.8 13.6
      vertex -12.5 77.8 2.5
    endloop
  endfacet
  facet normal -1 -0 0
    outer loop
      vertex -12.5 77.8 13.6
      vertex -12.5 75.3 2.5
      vertex -12.5 75.3 13.6
    endloop
  endfacet
  facet normal -1 0 0
    outer loop
      vertex -12.5 -77.8 2.5
      vertex -12.5 -75.3 13.6
      vertex -12.5 -75.3 2.5
    endloop
  endfacet
  facet normal -1 -0 0
    outer loop
      vertex -12.5 -75.3 13.6
      vertex -12.5 -77.8 2.5
      vertex -12.5 -77.8 13.6
    endloop
  endfacet
  facet normal -1 0 0
    outer loop
      vertex -12.5 -75.3 2.5
      vertex -12.5 75.3 13.6
      vertex -12.5 75.3 2.5
    endloop
  endfacet
  facet normal -1 -0 0
    outer loop
      vertex -12.5 75.3 13.6
      vertex -12.5 -75.3 2.5
      vertex -12.5 -75.3 13.6
    endloop
  endfacet
  facet normal 0.924017 0.382352 0
    outer loop
      vertex -221.337 -78.481 13.6
      vertex -221.427 -78.2635 2.5
      vertex -221.427 -78.2635 13.6
    endloop
  endfacet
  facet normal 0.924017 0.382352 0
    outer loop
      vertex -221.427 -78.2635 2.5
      vertex -221.337 -78.481 13.6
      vertex -221.337 -78.481 2.5
    endloop
  endfacet
  facet normal 0.997072 -0.0764691 0
    outer loop
      vertex -221.5 77.8 13.6
      vertex -221.482 78.0347 2.5
      vertex -221.482 78.0347 13.6
    endloop
  endfacet
  facet normal 0.997072 -0.0764691 0
    outer loop
      vertex -221.482 78.0347 2.5
      vertex -221.5 77.8 13.6
      vertex -221.5 77.8 2.5
    endloop
  endfacet
  facet normal 0 0 1
    outer loop
      vertex -13.2639 77.6511 2.5
      vertex -12.5 77.8 2.5
      vertex -12.5185 78.0347 2.5
    endloop
  endfacet
  facet normal 0 0 1
    outer loop
      vertex -12.5 77.8 2.5
      vertex -12.5492 75.9257 2.5
      vertex -12.5 75.3 2.5
    endloop
  endfacet
  facet normal 0 0 1
    outer loop
      vertex -13.2639 77.6511 2.5
      vertex -12.5185 78.0347 2.5
      vertex -12.5734 78.2635 2.5
    endloop
  endfacet
  facet normal 0 0 1
    outer loop
      vertex -13.2639 77.6511 2.5
      vertex -12.5734 78.2635 2.5
      vertex -12.6635 78.481 2.5
    endloop
  endfacet
  facet normal 0 0 1
    outer loop
      vertex -12.5 77.8 2.5
      vertex -12.6958 76.5361 2.5
      vertex -12.5492 75.9257 2.5
    endloop
  endfacet
  facet normal 0 0 1
    outer loop
      vertex -13.6716 78.1284 2.5
      vertex -12.6635 78.481 2.5
      vertex -12.7865 78.6817 2.5
    endloop
  endfacet
  facet normal 0 0 1
    outer loop
      vertex -12.5 77.8 2.5
      vertex -12.936 77.116 2.5
      vertex -12.6958 76.5361 2.5
    endloop
  endfacet
  facet normal 0 0 1
    outer loop
      vertex -13.6716 78.1284 2.5
      vertex -12.7865 78.6817 2.5
      vertex -12.9393 78.8607 2.5
    endloop
  endfacet
  facet normal 0 0 1
    outer loop
      vertex -13.6716 78.1284 2.5
      vertex -12.9393 78.8607 2.5
      vertex -13.1183 79.0135 2.5
    endloop
  endfacet
  facet normal 0 0 1
    outer loop
      vertex -12.5 77.8 2.5
      vertex -13.2639 77.6511 2.5
      vertex -12.936 77.116 2.5
    endloop
  endfacet
  facet normal 0 0 1
    outer loop
      vertex -13.6716 78.1284 2.5
      vertex -13.1183 79.0135 2.5
      vertex -13.319 79.1365 2.5
    endloop
  endfacet
  facet normal 0 0 1
    outer loop
      vertex -14.1489 78.5361 2.5
      vertex -13.319 79.1365 2.5
      vertex -13.5365 79.2266 2.5
    endloop
  endfacet
  facet normal 0 0 1
    outer loop
      vertex -12.6635 78.481 2.5
      vertex -13.6716 78.1284 2.5
      vertex -13.2639 77.6511 2.5
    endloop
  endfacet
  facet normal 0 0 1
    outer loop
      vertex -14.1489 78.5361 2.5
      vertex -13.5365 79.2266 2.5
      vertex -13.7653 79.2815 2.5
    endloop
  endfacet
  facet normal 0 0 1
    outer loop
      vertex -14.1489 78.5361 2.5
      vertex -13.7653 79.2815 2.5
      vertex -14 79.3 2.5
    endloop
  endfacet
  facet normal 0 0 1
    outer loop
      vertex -13.319 79.1365 2.5
      vertex -14.1489 78.5361 2.5
      vertex -13.6716 78.1284 2.5
    endloop
  endfacet
  facet normal 0 0 1
    outer loop
      vertex -14 79.3 2.5
      vertex -14.684 78.864 2.5
      vertex -14.1489 78.5361 2.5
    endloop
  endfacet
  facet normal 0 0 1
    outer loop
      vertex -14 79.3 2.5
      vertex -15.2639 79.1042 2.5
      vertex -14.684 78.864 2.5
    endloop
  endfacet
  facet normal 0 0 1
    outer loop
      vertex -14 79.3 2.5
      vertex -15.8743 79.2508 2.5
      vertex -15.2639 79.1042 2.5
    endloop
  endfacet
  facet normal 0 -0 1
    outer loop
      vertex -15.8743 79.2508 2.5
      vertex -14 79.3 2.5
      vertex -16.5 79.3 2.5
    endloop
  endfacet
  facet normal 0 0 1
    outer loop
      vertex -218.126 -79.2508 2.5
      vertex -220 -79.3 2.5
      vertex -217.5 -79.3 2.5
    endloop
  endfacet
  facet normal 0 0 1
    outer loop
      vertex -218.736 -79.1042 2.5
      vertex -220 -79.3 2.5
      vertex -218.126 -79.2508 2.5
    endloop
  endfacet
  facet normal 0 0 1
    outer loop
      vertex -219.316 -78.864 2.5
      vertex -220 -79.3 2.5
      vertex -218.736 -79.1042 2.5
    endloop
  endfacet
  facet normal 0 0 1
    outer loop
      vertex -219.851 -78.5361 2.5
      vertex -220 -79.3 2.5
      vertex -219.316 -78.864 2.5
    endloop
  endfacet
  facet normal 0 0 1
    outer loop
      vertex -219.851 -78.5361 2.5
      vertex -220.235 -79.2815 2.5
      vertex -220 -79.3 2.5
    endloop
  endfacet
  facet normal 0 0 1
    outer loop
      vertex -220.681 -79.1365 2.5
      vertex -219.851 -78.5361 2.5
      vertex -220.328 -78.1284 2.5
    endloop
  endfacet
  facet normal 0 0 1
    outer loop
      vertex -219.851 -78.5361 2.5
      vertex -220.464 -79.2266 2.5
      vertex -220.235 -79.2815 2.5
    endloop
  endfacet
  facet normal 0 0 1
    outer loop
      vertex -219.851 -78.5361 2.5
      vertex -220.681 -79.1365 2.5
      vertex -220.464 -79.2266 2.5
    endloop
  endfacet
  facet normal 0 0 1
    outer loop
      vertex -221.337 -78.481 2.5
      vertex -220.328 -78.1284 2.5
      vertex -220.736 -77.6511 2.5
    endloop
  endfacet
  facet normal 0 0 1
    outer loop
      vertex -220.328 -78.1284 2.5
      vertex -220.882 -79.0135 2.5
      vertex -220.681 -79.1365 2.5
    endloop
  endfacet
  facet normal 0 0 1
    outer loop
      vertex -220.328 -78.1284 2.5
      vertex -221.061 -78.8607 2.5
      vertex -220.882 -79.0135 2.5
    endloop
  endfacet
  facet normal 0 0 1
    outer loop
      vertex -221.5 -77.8 2.5
      vertex -220.736 -77.6511 2.5
      vertex -221.064 -77.116 2.5
    endloop
  endfacet
  facet normal 0 0 1
    outer loop
      vertex -220.328 -78.1284 2.5
      vertex -221.214 -78.6817 2.5
      vertex -221.061 -78.8607 2.5
    endloop
  endfacet
  facet normal 0 0 1
    outer loop
      vertex -221.5 -77.8 2.5
      vertex -221.064 -77.116 2.5
      vertex -221.304 -76.5361 2.5
    endloop
  endfacet
  facet normal 0 0 1
    outer loop
      vertex -220.736 -77.6511 2.5
      vertex -221.5 -77.8 2.5
      vertex -221.482 -78.0347 2.5
    endloop
  endfacet
  facet normal 0 0 1
    outer loop
      vertex -220.328 -78.1284 2.5
      vertex -221.337 -78.481 2.5
      vertex -221.214 -78.6817 2.5
    endloop
  endfacet
  facet normal 0 0 1
    outer loop
      vertex -221.5 -77.8 2.5
      vertex -221.304 -76.5361 2.5
      vertex -221.451 -75.9257 2.5
    endloop
  endfacet
  facet normal 0 0 1
    outer loop
      vertex -220.736 -77.6511 2.5
      vertex -221.427 -78.2635 2.5
      vertex -221.337 -78.481 2.5
    endloop
  endfacet
  facet normal 0 0 1
    outer loop
      vertex -221.5 -77.8 2.5
      vertex -221.451 -75.9257 2.5
      vertex -221.5 -75.3 2.5
    endloop
  endfacet
  facet normal 0 0 1
    outer loop
      vertex -220.736 -77.6511 2.5
      vertex -221.482 -78.0347 2.5
      vertex -221.427 -78.2635 2.5
    endloop
  endfacet
  facet normal -0 0 1
    outer loop
      vertex -220 79.3 2.5
      vertex -218.126 79.2508 2.5
      vertex -217.5 79.3 2.5
    endloop
  endfacet
  facet normal 0 0 1
    outer loop
      vertex -220 79.3 2.5
      vertex -218.736 79.1042 2.5
      vertex -218.126 79.2508 2.5
    endloop
  endfacet
  facet normal 0 0 1
    outer loop
      vertex -220 79.3 2.5
      vertex -219.316 78.864 2.5
      vertex -218.736 79.1042 2.5
    endloop
  endfacet
  facet normal 0 0 1
    outer loop
      vertex -220 79.3 2.5
      vertex -219.851 78.5361 2.5
      vertex -219.316 78.864 2.5
    endloop
  endfacet
  facet normal -0 0 1
    outer loop
      vertex -220.235 79.2815 2.5
      vertex -219.851 78.5361 2.5
      vertex -220 79.3 2.5
    endloop
  endfacet
  facet normal -0 0 1
    outer loop
      vertex -220.464 79.2266 2.5
      vertex -219.851 78.5361 2.5
      vertex -220.235 79.2815 2.5
    endloop
  endfacet
  facet normal -0 0 1
    outer loop
      vertex -220.681 79.1365 2.5
      vertex -219.851 78.5361 2.5
      vertex -220.464 79.2266 2.5
    endloop
  endfacet
  facet normal 0 0 1
    outer loop
      vertex -219.851 78.5361 2.5
      vertex -220.681 79.1365 2.5
      vertex -220.328 78.1284 2.5
    endloop
  endfacet
  facet normal -0 0 1
    outer loop
      vertex -220.882 79.0135 2.5
      vertex -220.328 78.1284 2.5
      vertex -220.681 79.1365 2.5
    endloop
  endfacet
  facet normal -0 0 1
    outer loop
      vertex -221.061 78.8607 2.5
      vertex -220.328 78.1284 2.5
      vertex -220.882 79.0135 2.5
    endloop
  endfacet
  facet normal -0 0 1
    outer loop
      vertex -221.214 78.6817 2.5
      vertex -220.328 78.1284 2.5
      vertex -221.061 78.8607 2.5
    endloop
  endfacet
  facet normal -0 0 1
    outer loop
      vertex -221.337 78.481 2.5
      vertex -220.328 78.1284 2.5
      vertex -221.214 78.6817 2.5
    endloop
  endfacet
  facet normal 0 0 1
    outer loop
      vertex -220.328 78.1284 2.5
      vertex -221.337 78.481 2.5
      vertex -220.736 77.6511 2.5
    endloop
  endfacet
  facet normal -0 0 1
    outer loop
      vertex -221.427 78.2635 2.5
      vertex -220.736 77.6511 2.5
      vertex -221.337 78.481 2.5
    endloop
  endfacet
  facet normal -0 0 1
    outer loop
      vertex -221.482 78.0347 2.5
      vertex -220.736 77.6511 2.5
      vertex -221.427 78.2635 2.5
    endloop
  endfacet
  facet normal -0 0 1
    outer loop
      vertex -221.5 77.8 2.5
      vertex -220.736 77.6511 2.5
      vertex -221.482 78.0347 2.5
    endloop
  endfacet
  facet normal 0 0 1
    outer loop
      vertex -221.064 77.116 2.5
      vertex -221.5 77.8 2.5
      vertex -221.304 76.5361 2.5
    endloop
  endfacet
  facet normal 0 0 1
    outer loop
      vertex -220.736 77.6511 2.5
      vertex -221.5 77.8 2.5
      vertex -221.064 77.116 2.5
    endloop
  endfacet
  facet normal 0 0 1
    outer loop
      vertex -221.304 76.5361 2.5
      vertex -221.5 77.8 2.5
      vertex -221.451 75.9257 2.5
    endloop
  endfacet
  facet normal 0 0 1
    outer loop
      vertex -221.451 75.9257 2.5
      vertex -221.5 77.8 2.5
      vertex -221.5 75.3 2.5
    endloop
  endfacet
  facet normal -0 0 1
    outer loop
      vertex -12.5492 -75.9257 2.5
      vertex -12.5 -77.8 2.5
      vertex -12.5 -75.3 2.5
    endloop
  endfacet
  facet normal -0 0 1
    outer loop
      vertex -12.6958 -76.5361 2.5
      vertex -12.5 -77.8 2.5
      vertex -12.5492 -75.9257 2.5
    endloop
  endfacet
  facet normal -0 0 1
    outer loop
      vertex -12.936 -77.116 2.5
      vertex -12.5 -77.8 2.5
      vertex -12.6958 -76.5361 2.5
    endloop
  endfacet
  facet normal -0 0 1
    outer loop
      vertex -13.2639 -77.6511 2.5
      vertex -12.5 -77.8 2.5
      vertex -12.936 -77.116 2.5
    endloop
  endfacet
  facet normal 0 0 1
    outer loop
      vertex -12.5 -77.8 2.5
      vertex -13.2639 -77.6511 2.5
      vertex -12.5185 -78.0347 2.5
    endloop
  endfacet
  facet normal 0 0 1
    outer loop
      vertex -12.5185 -78.0347 2.5
      vertex -13.2639 -77.6511 2.5
      vertex -12.5734 -78.2635 2.5
    endloop
  endfacet
  facet normal 0 0 1
    outer loop
      vertex -12.5734 -78.2635 2.5
      vertex -13.2639 -77.6511 2.5
      vertex -12.6635 -78.481 2.5
    endloop
  endfacet
  facet normal -0 0 1
    outer loop
      vertex -13.6716 -78.1284 2.5
      vertex -12.6635 -78.481 2.5
      vertex -13.2639 -77.6511 2.5
    endloop
  endfacet
  facet normal 0 0 1
    outer loop
      vertex -12.6635 -78.481 2.5
      vertex -13.6716 -78.1284 2.5
      vertex -12.7865 -78.6817 2.5
    endloop
  endfacet
  facet normal 0 0 1
    outer loop
      vertex -12.7865 -78.6817 2.5
      vertex -13.6716 -78.1284 2.5
      vertex -12.9393 -78.8607 2.5
    endloop
  endfacet
  facet normal 0 0 1
    outer loop
      vertex -12.9393 -78.8607 2.5
      vertex -13.6716 -78.1284 2.5
      vertex -13.1183 -79.0135 2.5
    endloop
  endfacet
  facet normal 0 0 1
    outer loop
      vertex -13.1183 -79.0135 2.5
      vertex -13.6716 -78.1284 2.5
      vertex -13.319 -79.1365 2.5
    endloop
  endfacet
  facet normal -0 0 1
    outer loop
      vertex -14.1489 -78.5361 2.5
      vertex -13.319 -79.1365 2.5
      vertex -13.6716 -78.1284 2.5
    endloop
  endfacet
  facet normal 0 0 1
    outer loop
      vertex -13.319 -79.1365 2.5
      vertex -14.1489 -78.5361 2.5
      vertex -13.5365 -79.2266 2.5
    endloop
  endfacet
  facet normal 0 0 1
    outer loop
      vertex -13.5365 -79.2266 2.5
      vertex -14.1489 -78.5361 2.5
      vertex -13.7653 -79.2815 2.5
    endloop
  endfacet
  facet normal 0 0 1
    outer loop
      vertex -13.7653 -79.2815 2.5
      vertex -14.1489 -78.5361 2.5
      vertex -14 -79.3 2.5
    endloop
  endfacet
  facet normal -0 0 1
    outer loop
      vertex -14.684 -78.864 2.5
      vertex -14 -79.3 2.5
      vertex -14.1489 -78.5361 2.5
    endloop
  endfacet
  facet normal -0 0 1
    outer loop
      vertex -15.2639 -79.1042 2.5
      vertex -14 -79.3 2.5
      vertex -14.684 -78.864 2.5
    endloop
  endfacet
  facet normal -0 0 1
    outer loop
      vertex -15.8743 -79.2508 2.5
      vertex -14 -79.3 2.5
      vertex -15.2639 -79.1042 2.5
    endloop
  endfacet
  facet normal 0 0 1
    outer loop
      vertex -14 -79.3 2.5
      vertex -15.8743 -79.2508 2.5
      vertex -16.5 -79.3 2.5
    endloop
  endfacet
  facet normal 0 0 1
    outer loop
      vertex -20.064 73.484 2.5
      vertex -213.936 73.484 2.5
      vertex -19.7361 72.9489 2.5
    endloop
  endfacet
  facet normal 0 0 1
    outer loop
      vertex -19.7361 -72.9489 2.5
      vertex -213.549 -74.6743 2.5
      vertex -213.5 -75.3 2.5
    endloop
  endfacet
  facet normal 0 0 1
    outer loop
      vertex -214.264 72.9489 2.5
      vertex -19.7361 72.9489 2.5
      vertex -213.936 73.484 2.5
    endloop
  endfacet
  facet normal 0 0 1
    outer loop
      vertex -19.7361 -72.9489 2.5
      vertex -213.696 -74.0639 2.5
      vertex -213.549 -74.6743 2.5
    endloop
  endfacet
  facet normal 0 0 1
    outer loop
      vertex -19.7361 72.9489 2.5
      vertex -214.264 72.9489 2.5
      vertex -19.7361 -72.9489 2.5
    endloop
  endfacet
  facet normal 0 0 1
    outer loop
      vertex -19.7361 -72.9489 2.5
      vertex -213.936 -73.484 2.5
      vertex -213.696 -74.0639 2.5
    endloop
  endfacet
  facet normal 0 0 1
    outer loop
      vertex -214.264 -72.9489 2.5
      vertex -19.7361 -72.9489 2.5
      vertex -214.264 72.9489 2.5
    endloop
  endfacet
  facet normal 0 0 1
    outer loop
      vertex -19.7361 -72.9489 2.5
      vertex -214.264 -72.9489 2.5
      vertex -213.936 -73.484 2.5
    endloop
  endfacet
  facet normal -0 0 1
    outer loop
      vertex -214.672 72.4716 2.5
      vertex -214.264 -72.9489 2.5
      vertex -214.264 72.9489 2.5
    endloop
  endfacet
  facet normal 0 0 1
    outer loop
      vertex -214.672 72.4716 2.5
      vertex -214.672 -72.4716 2.5
      vertex -214.264 -72.9489 2.5
    endloop
  endfacet
  facet normal -0 0 1
    outer loop
      vertex -215.149 72.0639 2.5
      vertex -214.672 -72.4716 2.5
      vertex -214.672 72.4716 2.5
    endloop
  endfacet
  facet normal 0 0 1
    outer loop
      vertex -215.149 72.0639 2.5
      vertex -215.149 -72.0639 2.5
      vertex -214.672 -72.4716 2.5
    endloop
  endfacet
  facet normal -0 0 1
    outer loop
      vertex -215.684 71.736 2.5
      vertex -215.149 -72.0639 2.5
      vertex -215.149 72.0639 2.5
    endloop
  endfacet
  facet normal 0 0 1
    outer loop
      vertex -215.684 71.736 2.5
      vertex -215.684 -71.736 2.5
      vertex -215.149 -72.0639 2.5
    endloop
  endfacet
  facet normal -0 0 1
    outer loop
      vertex -216.264 71.4958 2.5
      vertex -215.684 -71.736 2.5
      vertex -215.684 71.736 2.5
    endloop
  endfacet
  facet normal 0 0 1
    outer loop
      vertex -216.264 71.4958 2.5
      vertex -216.264 -71.4958 2.5
      vertex -215.684 -71.736 2.5
    endloop
  endfacet
  facet normal -0 0 1
    outer loop
      vertex -216.874 71.3492 2.5
      vertex -216.264 -71.4958 2.5
      vertex -216.264 71.4958 2.5
    endloop
  endfacet
  facet normal 0 0 1
    outer loop
      vertex -216.874 71.3492 2.5
      vertex -216.874 -71.3492 2.5
      vertex -216.264 -71.4958 2.5
    endloop
  endfacet
  facet normal -0 0 1
    outer loop
      vertex -217.5 71.3 2.5
      vertex -216.874 -71.3492 2.5
      vertex -216.874 71.3492 2.5
    endloop
  endfacet
  facet normal 0 0 1
    outer loop
      vertex -217.5 71.3 2.5
      vertex -217.5 -71.3 2.5
      vertex -216.874 -71.3492 2.5
    endloop
  endfacet
  facet normal 0 0 1
    outer loop
      vertex -218.126 71.3492 2.5
      vertex -217.5 -71.3 2.5
      vertex -217.5 71.3 2.5
    endloop
  endfacet
  facet normal 0 0 1
    outer loop
      vertex -218.126 71.3492 2.5
      vertex -218.126 -71.3492 2.5
      vertex -217.5 -71.3 2.5
    endloop
  endfacet
  facet normal 0 0 1
    outer loop
      vertex -218.736 71.4958 2.5
      vertex -218.126 -71.3492 2.5
      vertex -218.126 71.3492 2.5
    endloop
  endfacet
  facet normal 0 0 1
    outer loop
      vertex -218.736 71.4958 2.5
      vertex -218.736 -71.4958 2.5
      vertex -218.126 -71.3492 2.5
    endloop
  endfacet
  facet normal 0 0 1
    outer loop
      vertex -219.316 71.736 2.5
      vertex -218.736 -71.4958 2.5
      vertex -218.736 71.4958 2.5
    endloop
  endfacet
  facet normal 0 0 1
    outer loop
      vertex -219.316 71.736 2.5
      vertex -219.316 -71.736 2.5
      vertex -218.736 -71.4958 2.5
    endloop
  endfacet
  facet normal 0 0 1
    outer loop
      vertex -219.851 72.0639 2.5
      vertex -219.316 -71.736 2.5
      vertex -219.316 71.736 2.5
    endloop
  endfacet
  facet normal 0 0 1
    outer loop
      vertex -219.851 72.0639 2.5
      vertex -219.851 -72.0639 2.5
      vertex -219.316 -71.736 2.5
    endloop
  endfacet
  facet normal 0 0 1
    outer loop
      vertex -220.328 72.4716 2.5
      vertex -219.851 -72.0639 2.5
      vertex -219.851 72.0639 2.5
    endloop
  endfacet
  facet normal 0 0 1
    outer loop
      vertex -220.328 72.4716 2.5
      vertex -220.328 -72.4716 2.5
      vertex -219.851 -72.0639 2.5
    endloop
  endfacet
  facet normal 0 0 1
    outer loop
      vertex -220.736 72.9489 2.5
      vertex -220.328 -72.4716 2.5
      vertex -220.328 72.4716 2.5
    endloop
  endfacet
  facet normal 0 0 1
    outer loop
      vertex -220.736 72.9489 2.5
      vertex -220.736 -72.9489 2.5
      vertex -220.328 -72.4716 2.5
    endloop
  endfacet
  facet normal 0 0 1
    outer loop
      vertex -221.064 73.484 2.5
      vertex -220.736 -72.9489 2.5
      vertex -220.736 72.9489 2.5
    endloop
  endfacet
  facet normal 0 0 1
    outer loop
      vertex -221.064 73.484 2.5
      vertex -221.064 -73.484 2.5
      vertex -220.736 -72.9489 2.5
    endloop
  endfacet
  facet normal 0 0 1
    outer loop
      vertex -221.304 74.0639 2.5
      vertex -221.064 -73.484 2.5
      vertex -221.064 73.484 2.5
    endloop
  endfacet
  facet normal 0 0 1
    outer loop
      vertex -221.304 74.0639 2.5
      vertex -221.304 -74.0639 2.5
      vertex -221.064 -73.484 2.5
    endloop
  endfacet
  facet normal 0 0 1
    outer loop
      vertex -221.451 74.6743 2.5
      vertex -221.304 -74.0639 2.5
      vertex -221.304 74.0639 2.5
    endloop
  endfacet
  facet normal 0 0 1
    outer loop
      vertex -221.451 74.6743 2.5
      vertex -221.451 -74.6743 2.5
      vertex -221.304 -74.0639 2.5
    endloop
  endfacet
  facet normal 0 0 1
    outer loop
      vertex -221.5 75.3 2.5
      vertex -221.451 -74.6743 2.5
      vertex -221.451 74.6743 2.5
    endloop
  endfacet
  facet normal 0 0 1
    outer loop
      vertex -221.451 -74.6743 2.5
      vertex -221.5 75.3 2.5
      vertex -221.5 -75.3 2.5
    endloop
  endfacet
  facet normal 0 0 1
    outer loop
      vertex -20.3042 -74.0639 2.5
      vertex -213.5 -75.3 2.5
      vertex -20.4508 -74.6743 2.5
    endloop
  endfacet
  facet normal 0 0 1
    outer loop
      vertex -20.4508 75.9257 2.5
      vertex -213.5 75.3 2.5
      vertex -20.5 75.3 2.5
    endloop
  endfacet
  facet normal 0 0 1
    outer loop
      vertex -213.549 75.9257 2.5
      vertex -20.4508 75.9257 2.5
      vertex -20.3042 76.5361 2.5
    endloop
  endfacet
  facet normal 0 0 1
    outer loop
      vertex -213.696 76.5361 2.5
      vertex -20.3042 76.5361 2.5
      vertex -20.064 77.116 2.5
    endloop
  endfacet
  facet normal 0 0 1
    outer loop
      vertex -213.936 77.116 2.5
      vertex -20.064 77.116 2.5
      vertex -19.7361 77.6511 2.5
    endloop
  endfacet
  facet normal 0 0 1
    outer loop
      vertex -214.264 77.6511 2.5
      vertex -19.7361 77.6511 2.5
      vertex -19.3284 78.1284 2.5
    endloop
  endfacet
  facet normal 0 0 1
    outer loop
      vertex -214.672 78.1284 2.5
      vertex -19.3284 78.1284 2.5
      vertex -18.8511 78.5361 2.5
    endloop
  endfacet
  facet normal 0 0 1
    outer loop
      vertex -215.149 78.5361 2.5
      vertex -18.8511 78.5361 2.5
      vertex -18.316 78.864 2.5
    endloop
  endfacet
  facet normal 0 0 1
    outer loop
      vertex -215.684 78.864 2.5
      vertex -18.316 78.864 2.5
      vertex -17.7361 79.1042 2.5
    endloop
  endfacet
  facet normal 0 0 1
    outer loop
      vertex -216.264 79.1042 2.5
      vertex -17.7361 79.1042 2.5
      vertex -17.1257 79.2508 2.5
    endloop
  endfacet
  facet normal 0 0 1
    outer loop
      vertex -216.874 79.2508 2.5
      vertex -17.1257 79.2508 2.5
      vertex -16.5 79.3 2.5
    endloop
  endfacet
  facet normal 0 0 1
    outer loop
      vertex -20.4508 75.9257 2.5
      vertex -213.549 75.9257 2.5
      vertex -213.5 75.3 2.5
    endloop
  endfacet
  facet normal 0 0 1
    outer loop
      vertex -20.3042 76.5361 2.5
      vertex -213.696 76.5361 2.5
      vertex -213.549 75.9257 2.5
    endloop
  endfacet
  facet normal 0 0 1
    outer loop
      vertex -20.064 77.116 2.5
      vertex -213.936 77.116 2.5
      vertex -213.696 76.5361 2.5
    endloop
  endfacet
  facet normal 0 0 1
    outer loop
      vertex -19.7361 77.6511 2.5
      vertex -214.264 77.6511 2.5
      vertex -213.936 77.116 2.5
    endloop
  endfacet
  facet normal 0 0 1
    outer loop
      vertex -19.3284 78.1284 2.5
      vertex -214.672 78.1284 2.5
      vertex -214.264 77.6511 2.5
    endloop
  endfacet
  facet normal 0 0 1
    outer loop
      vertex -18.8511 78.5361 2.5
      vertex -215.149 78.5361 2.5
      vertex -214.672 78.1284 2.5
    endloop
  endfacet
  facet normal 0 0 1
    outer loop
      vertex -18.316 78.864 2.5
      vertex -215.684 78.864 2.5
      vertex -215.149 78.5361 2.5
    endloop
  endfacet
  facet normal 0 0 1
    outer loop
      vertex -17.7361 79.1042 2.5
      vertex -216.264 79.1042 2.5
      vertex -215.684 78.864 2.5
    endloop
  endfacet
  facet normal 0 0 1
    outer loop
      vertex -17.1257 79.2508 2.5
      vertex -216.874 79.2508 2.5
      vertex -216.264 79.1042 2.5
    endloop
  endfacet
  facet normal 0 -0 1
    outer loop
      vertex -216.874 79.2508 2.5
      vertex -16.5 79.3 2.5
      vertex -217.5 79.3 2.5
    endloop
  endfacet
  facet normal -0 0 1
    outer loop
      vertex -12.5492 74.6743 2.5
      vertex -12.5 -75.3 2.5
      vertex -12.5 75.3 2.5
    endloop
  endfacet
  facet normal 0 0 1
    outer loop
      vertex -12.5492 74.6743 2.5
      vertex -12.5492 -74.6743 2.5
      vertex -12.5 -75.3 2.5
    endloop
  endfacet
  facet normal -0 0 1
    outer loop
      vertex -12.6958 74.0639 2.5
      vertex -12.5492 -74.6743 2.5
      vertex -12.5492 74.6743 2.5
    endloop
  endfacet
  facet normal 0 0 1
    outer loop
      vertex -12.6958 74.0639 2.5
      vertex -12.6958 -74.0639 2.5
      vertex -12.5492 -74.6743 2.5
    endloop
  endfacet
  facet normal -0 0 1
    outer loop
      vertex -12.936 73.484 2.5
      vertex -12.6958 -74.0639 2.5
      vertex -12.6958 74.0639 2.5
    endloop
  endfacet
  facet normal 0 0 1
    outer loop
      vertex -12.936 73.484 2.5
      vertex -12.936 -73.484 2.5
      vertex -12.6958 -74.0639 2.5
    endloop
  endfacet
  facet normal -0 0 1
    outer loop
      vertex -13.2639 72.9489 2.5
      vertex -12.936 -73.484 2.5
      vertex -12.936 73.484 2.5
    endloop
  endfacet
  facet normal 0 0 1
    outer loop
      vertex -13.2639 72.9489 2.5
      vertex -13.2639 -72.9489 2.5
      vertex -12.936 -73.484 2.5
    endloop
  endfacet
  facet normal -0 0 1
    outer loop
      vertex -13.6716 72.4716 2.5
      vertex -13.2639 -72.9489 2.5
      vertex -13.2639 72.9489 2.5
    endloop
  endfacet
  facet normal 0 0 1
    outer loop
      vertex -13.6716 72.4716 2.5
      vertex -13.6716 -72.4716 2.5
      vertex -13.2639 -72.9489 2.5
    endloop
  endfacet
  facet normal -0 0 1
    outer loop
      vertex -14.1489 72.0639 2.5
      vertex -13.6716 -72.4716 2.5
      vertex -13.6716 72.4716 2.5
    endloop
  endfacet
  facet normal 0 0 1
    outer loop
      vertex -14.1489 72.0639 2.5
      vertex -14.1489 -72.0639 2.5
      vertex -13.6716 -72.4716 2.5
    endloop
  endfacet
  facet normal -0 0 1
    outer loop
      vertex -14.684 71.736 2.5
      vertex -14.1489 -72.0639 2.5
      vertex -14.1489 72.0639 2.5
    endloop
  endfacet
  facet normal 0 0 1
    outer loop
      vertex -14.684 71.736 2.5
      vertex -14.684 -71.736 2.5
      vertex -14.1489 -72.0639 2.5
    endloop
  endfacet
  facet normal -0 0 1
    outer loop
      vertex -15.2639 71.4958 2.5
      vertex -14.684 -71.736 2.5
      vertex -14.684 71.736 2.5
    endloop
  endfacet
  facet normal 0 0 1
    outer loop
      vertex -15.2639 71.4958 2.5
      vertex -15.2639 -71.4958 2.5
      vertex -14.684 -71.736 2.5
    endloop
  endfacet
  facet normal -0 0 1
    outer loop
      vertex -15.8743 71.3492 2.5
      vertex -15.2639 -71.4958 2.5
      vertex -15.2639 71.4958 2.5
    endloop
  endfacet
  facet normal 0 0 1
    outer loop
      vertex -15.8743 71.3492 2.5
      vertex -15.8743 -71.3492 2.5
      vertex -15.2639 -71.4958 2.5
    endloop
  endfacet
  facet normal -0 0 1
    outer loop
      vertex -16.5 71.3 2.5
      vertex -15.8743 -71.3492 2.5
      vertex -15.8743 71.3492 2.5
    endloop
  endfacet
  facet normal 0 0 1
    outer loop
      vertex -16.5 71.3 2.5
      vertex -16.5 -71.3 2.5
      vertex -15.8743 -71.3492 2.5
    endloop
  endfacet
  facet normal 0 0 1
    outer loop
      vertex -17.1257 71.3492 2.5
      vertex -16.5 -71.3 2.5
      vertex -16.5 71.3 2.5
    endloop
  endfacet
  facet normal 0 0 1
    outer loop
      vertex -17.1257 71.3492 2.5
      vertex -17.1257 -71.3492 2.5
      vertex -16.5 -71.3 2.5
    endloop
  endfacet
  facet normal 0 0 1
    outer loop
      vertex -17.7361 71.4958 2.5
      vertex -17.1257 -71.3492 2.5
      vertex -17.1257 71.3492 2.5
    endloop
  endfacet
  facet normal 0 0 1
    outer loop
      vertex -17.7361 71.4958 2.5
      vertex -17.7361 -71.4958 2.5
      vertex -17.1257 -71.3492 2.5
    endloop
  endfacet
  facet normal 0 0 1
    outer loop
      vertex -18.316 71.736 2.5
      vertex -17.7361 -71.4958 2.5
      vertex -17.7361 71.4958 2.5
    endloop
  endfacet
  facet normal 0 0 1
    outer loop
      vertex -18.316 71.736 2.5
      vertex -18.316 -71.736 2.5
      vertex -17.7361 -71.4958 2.5
    endloop
  endfacet
  facet normal 0 0 1
    outer loop
      vertex -18.8511 72.0639 2.5
      vertex -18.316 -71.736 2.5
      vertex -18.316 71.736 2.5
    endloop
  endfacet
  facet normal 0 0 1
    outer loop
      vertex -18.8511 72.0639 2.5
      vertex -18.8511 -72.0639 2.5
      vertex -18.316 -71.736 2.5
    endloop
  endfacet
  facet normal 0 0 1
    outer loop
      vertex -19.3284 72.4716 2.5
      vertex -18.8511 -72.0639 2.5
      vertex -18.8511 72.0639 2.5
    endloop
  endfacet
  facet normal 0 0 1
    outer loop
      vertex -19.3284 72.4716 2.5
      vertex -19.3284 -72.4716 2.5
      vertex -18.8511 -72.0639 2.5
    endloop
  endfacet
  facet normal 0 0 1
    outer loop
      vertex -19.7361 72.9489 2.5
      vertex -19.3284 -72.4716 2.5
      vertex -19.3284 72.4716 2.5
    endloop
  endfacet
  facet normal 0 0 1
    outer loop
      vertex -19.7361 72.9489 2.5
      vertex -19.7361 -72.9489 2.5
      vertex -19.3284 -72.4716 2.5
    endloop
  endfacet
  facet normal 0 0 1
    outer loop
      vertex -213.696 74.0639 2.5
      vertex -20.3042 74.0639 2.5
      vertex -213.549 74.6743 2.5
    endloop
  endfacet
  facet normal 0 0 1
    outer loop
      vertex -20.3042 74.0639 2.5
      vertex -213.696 74.0639 2.5
      vertex -20.064 73.484 2.5
    endloop
  endfacet
  facet normal 0 0 1
    outer loop
      vertex -20.4508 74.6743 2.5
      vertex -213.549 74.6743 2.5
      vertex -20.3042 74.0639 2.5
    endloop
  endfacet
  facet normal 0 0 1
    outer loop
      vertex -213.936 73.484 2.5
      vertex -20.064 73.484 2.5
      vertex -213.696 74.0639 2.5
    endloop
  endfacet
  facet normal 0 0 1
    outer loop
      vertex -213.549 74.6743 2.5
      vertex -20.4508 74.6743 2.5
      vertex -213.5 75.3 2.5
    endloop
  endfacet
  facet normal 0 0 1
    outer loop
      vertex -19.7361 -72.9489 2.5
      vertex -213.5 -75.3 2.5
      vertex -20.064 -73.484 2.5
    endloop
  endfacet
  facet normal -0 0 1
    outer loop
      vertex -213.5 75.3 2.5
      vertex -20.4508 74.6743 2.5
      vertex -20.5 75.3 2.5
    endloop
  endfacet
  facet normal 0 0 1
    outer loop
      vertex -20.064 -73.484 2.5
      vertex -213.5 -75.3 2.5
      vertex -20.3042 -74.0639 2.5
    endloop
  endfacet
  facet normal 0 0 1
    outer loop
      vertex -20.4508 -74.6743 2.5
      vertex -213.5 -75.3 2.5
      vertex -20.5 -75.3 2.5
    endloop
  endfacet
  facet normal 0 0 1
    outer loop
      vertex -20.5 -75.3 2.5
      vertex -213.5 -75.3 2.5
      vertex -20.4508 -75.9257 2.5
    endloop
  endfacet
  facet normal 0 0 1
    outer loop
      vertex -213.549 -75.9257 2.5
      vertex -20.4508 -75.9257 2.5
      vertex -213.5 -75.3 2.5
    endloop
  endfacet
  facet normal 0 0 1
    outer loop
      vertex -20.4508 -75.9257 2.5
      vertex -213.549 -75.9257 2.5
      vertex -20.3042 -76.5361 2.5
    endloop
  endfacet
  facet normal 0 0 1
    outer loop
      vertex -213.696 -76.5361 2.5
      vertex -20.3042 -76.5361 2.5
      vertex -213.549 -75.9257 2.5
    endloop
  endfacet
  facet normal 0 0 1
    outer loop
      vertex -20.3042 -76.5361 2.5
      vertex -213.696 -76.5361 2.5
      vertex -20.064 -77.116 2.5
    endloop
  endfacet
  facet normal 0 0 1
    outer loop
      vertex -213.936 -77.116 2.5
      vertex -20.064 -77.116 2.5
      vertex -213.696 -76.5361 2.5
    endloop
  endfacet
  facet normal 0 0 1
    outer loop
      vertex -20.064 -77.116 2.5
      vertex -213.936 -77.116 2.5
      vertex -19.7361 -77.6511 2.5
    endloop
  endfacet
  facet normal 0 0 1
    outer loop
      vertex -214.264 -77.6511 2.5
      vertex -19.7361 -77.6511 2.5
      vertex -213.936 -77.116 2.5
    endloop
  endfacet
  facet normal 0 0 1
    outer loop
      vertex -19.7361 -77.6511 2.5
      vertex -214.264 -77.6511 2.5
      vertex -19.3284 -78.1284 2.5
    endloop
  endfacet
  facet normal 0 0 1
    outer loop
      vertex -214.672 -78.1284 2.5
      vertex -19.3284 -78.1284 2.5
      vertex -214.264 -77.6511 2.5
    endloop
  endfacet
  facet normal 0 0 1
    outer loop
      vertex -19.3284 -78.1284 2.5
      vertex -214.672 -78.1284 2.5
      vertex -18.8511 -78.5361 2.5
    endloop
  endfacet
  facet normal 0 0 1
    outer loop
      vertex -215.149 -78.5361 2.5
      vertex -18.8511 -78.5361 2.5
      vertex -214.672 -78.1284 2.5
    endloop
  endfacet
  facet normal 0 0 1
    outer loop
      vertex -18.8511 -78.5361 2.5
      vertex -215.149 -78.5361 2.5
      vertex -18.316 -78.864 2.5
    endloop
  endfacet
  facet normal 0 0 1
    outer loop
      vertex -215.684 -78.864 2.5
      vertex -18.316 -78.864 2.5
      vertex -215.149 -78.5361 2.5
    endloop
  endfacet
  facet normal 0 0 1
    outer loop
      vertex -18.316 -78.864 2.5
      vertex -215.684 -78.864 2.5
      vertex -17.7361 -79.1042 2.5
    endloop
  endfacet
  facet normal 0 0 1
    outer loop
      vertex -216.264 -79.1042 2.5
      vertex -17.7361 -79.1042 2.5
      vertex -215.684 -78.864 2.5
    endloop
  endfacet
  facet normal 0 0 1
    outer loop
      vertex -17.7361 -79.1042 2.5
      vertex -216.264 -79.1042 2.5
      vertex -17.1257 -79.2508 2.5
    endloop
  endfacet
  facet normal 0 0 1
    outer loop
      vertex -216.874 -79.2508 2.5
      vertex -17.1257 -79.2508 2.5
      vertex -216.264 -79.1042 2.5
    endloop
  endfacet
  facet normal 0 0 1
    outer loop
      vertex -17.1257 -79.2508 2.5
      vertex -216.874 -79.2508 2.5
      vertex -16.5 -79.3 2.5
    endloop
  endfacet
  facet normal 0 0 1
    outer loop
      vertex -16.5 -79.3 2.5
      vertex -216.874 -79.2508 2.5
      vertex -217.5 -79.3 2.5
    endloop
  endfacet
  facet normal 0 0 1
    outer loop
      vertex -14.4259 75.6285 2.5
      vertex -14.4259 74.9715 2.5
      vertex -14.4 75.3 2.5
    endloop
  endfacet
  facet normal 0 0 1
    outer loop
      vertex -14.5028 75.9489 2.5
      vertex -14.4259 74.9715 2.5
      vertex -14.4259 75.6285 2.5
    endloop
  endfacet
  facet normal 0 0 1
    outer loop
      vertex -14.5028 75.9489 2.5
      vertex -14.5028 74.6511 2.5
      vertex -14.4259 74.9715 2.5
    endloop
  endfacet
  facet normal 0 0 1
    outer loop
      vertex -14.6289 76.2534 2.5
      vertex -14.5028 74.6511 2.5
      vertex -14.5028 75.9489 2.5
    endloop
  endfacet
  facet normal 0 0 1
    outer loop
      vertex -14.6289 76.2534 2.5
      vertex -14.6289 74.3466 2.5
      vertex -14.5028 74.6511 2.5
    endloop
  endfacet
  facet normal 0 0 1
    outer loop
      vertex -14.8011 76.5343 2.5
      vertex -14.6289 74.3466 2.5
      vertex -14.6289 76.2534 2.5
    endloop
  endfacet
  facet normal 0 0 1
    outer loop
      vertex -14.8011 76.5343 2.5
      vertex -14.8011 74.0657 2.5
      vertex -14.6289 74.3466 2.5
    endloop
  endfacet
  facet normal 0 0 1
    outer loop
      vertex -15.0151 76.7849 2.5
      vertex -14.8011 74.0657 2.5
      vertex -14.8011 76.5343 2.5
    endloop
  endfacet
  facet normal 0 0 1
    outer loop
      vertex -15.0151 76.7849 2.5
      vertex -15.0151 73.8151 2.5
      vertex -14.8011 74.0657 2.5
    endloop
  endfacet
  facet normal 0 0 1
    outer loop
      vertex -15.2657 76.9989 2.5
      vertex -15.0151 73.8151 2.5
      vertex -15.0151 76.7849 2.5
    endloop
  endfacet
  facet normal 0 0 1
    outer loop
      vertex -15.2657 76.9989 2.5
      vertex -15.2657 73.6011 2.5
      vertex -15.0151 73.8151 2.5
    endloop
  endfacet
  facet normal 0 0 1
    outer loop
      vertex -15.5466 77.1711 2.5
      vertex -15.2657 73.6011 2.5
      vertex -15.2657 76.9989 2.5
    endloop
  endfacet
  facet normal 0 0 1
    outer loop
      vertex -15.5466 77.1711 2.5
      vertex -15.5466 73.4289 2.5
      vertex -15.2657 73.6011 2.5
    endloop
  endfacet
  facet normal 0 0 1
    outer loop
      vertex -15.8511 77.2972 2.5
      vertex -15.5466 73.4289 2.5
      vertex -15.5466 77.1711 2.5
    endloop
  endfacet
  facet normal 0 0 1
    outer loop
      vertex -15.8511 77.2972 2.5
      vertex -15.8511 73.3028 2.5
      vertex -15.5466 73.4289 2.5
    endloop
  endfacet
  facet normal 0 0 1
    outer loop
      vertex -16.1715 77.3741 2.5
      vertex -15.8511 73.3028 2.5
      vertex -15.8511 77.2972 2.5
    endloop
  endfacet
  facet normal 0 0 1
    outer loop
      vertex -16.1715 77.3741 2.5
      vertex -16.1715 73.2259 2.5
      vertex -15.8511 73.3028 2.5
    endloop
  endfacet
  facet normal 0 0 1
    outer loop
      vertex -16.5 77.4 2.5
      vertex -16.1715 73.2259 2.5
      vertex -16.1715 77.3741 2.5
    endloop
  endfacet
  facet normal 0 0 1
    outer loop
      vertex -16.5 77.4 2.5
      vertex -16.5 73.2 2.5
      vertex -16.1715 73.2259 2.5
    endloop
  endfacet
  facet normal -0 0 1
    outer loop
      vertex -16.8285 77.3741 2.5
      vertex -16.5 73.2 2.5
      vertex -16.5 77.4 2.5
    endloop
  endfacet
  facet normal 0 0 1
    outer loop
      vertex -16.8285 77.3741 2.5
      vertex -16.8285 73.2259 2.5
      vertex -16.5 73.2 2.5
    endloop
  endfacet
  facet normal -0 0 1
    outer loop
      vertex -17.1489 77.2972 2.5
      vertex -16.8285 73.2259 2.5
      vertex -16.8285 77.3741 2.5
    endloop
  endfacet
  facet normal 0 0 1
    outer loop
      vertex -17.1489 77.2972 2.5
      vertex -17.1489 73.3028 2.5
      vertex -16.8285 73.2259 2.5
    endloop
  endfacet
  facet normal -0 0 1
    outer loop
      vertex -17.4534 77.1711 2.5
      vertex -17.1489 73.3028 2.5
      vertex -17.1489 77.2972 2.5
    endloop
  endfacet
  facet normal 0 0 1
    outer loop
      vertex -17.4534 77.1711 2.5
      vertex -17.4534 73.4289 2.5
      vertex -17.1489 73.3028 2.5
    endloop
  endfacet
  facet normal -0 0 1
    outer loop
      vertex -17.7343 76.9989 2.5
      vertex -17.4534 73.4289 2.5
      vertex -17.4534 77.1711 2.5
    endloop
  endfacet
  facet normal 0 0 1
    outer loop
      vertex -17.7343 76.9989 2.5
      vertex -17.7343 73.6011 2.5
      vertex -17.4534 73.4289 2.5
    endloop
  endfacet
  facet normal -0 0 1
    outer loop
      vertex -17.9849 76.7849 2.5
      vertex -17.7343 73.6011 2.5
      vertex -17.7343 76.9989 2.5
    endloop
  endfacet
  facet normal 0 0 1
    outer loop
      vertex -17.9849 76.7849 2.5
      vertex -17.9849 73.8151 2.5
      vertex -17.7343 73.6011 2.5
    endloop
  endfacet
  facet normal -0 0 1
    outer loop
      vertex -18.1989 76.5343 2.5
      vertex -17.9849 73.8151 2.5
      vertex -17.9849 76.7849 2.5
    endloop
  endfacet
  facet normal 0 0 1
    outer loop
      vertex -18.1989 76.5343 2.5
      vertex -18.1989 74.0657 2.5
      vertex -17.9849 73.8151 2.5
    endloop
  endfacet
  facet normal -0 0 1
    outer loop
      vertex -18.3711 76.2534 2.5
      vertex -18.1989 74.0657 2.5
      vertex -18.1989 76.5343 2.5
    endloop
  endfacet
  facet normal 0 0 1
    outer loop
      vertex -18.3711 76.2534 2.5
      vertex -18.3711 74.3466 2.5
      vertex -18.1989 74.0657 2.5
    endloop
  endfacet
  facet normal -0 0 1
    outer loop
      vertex -18.4972 75.9489 2.5
      vertex -18.3711 74.3466 2.5
      vertex -18.3711 76.2534 2.5
    endloop
  endfacet
  facet normal 0 0 1
    outer loop
      vertex -18.4972 75.9489 2.5
      vertex -18.4972 74.6511 2.5
      vertex -18.3711 74.3466 2.5
    endloop
  endfacet
  facet normal -0 0 1
    outer loop
      vertex -18.5741 75.6285 2.5
      vertex -18.4972 74.6511 2.5
      vertex -18.4972 75.9489 2.5
    endloop
  endfacet
  facet normal 0 0 1
    outer loop
      vertex -18.5741 75.6285 2.5
      vertex -18.5741 74.9715 2.5
      vertex -18.4972 74.6511 2.5
    endloop
  endfacet
  facet normal 0 -0 1
    outer loop
      vertex -18.5741 74.9715 2.5
      vertex -18.5741 75.6285 2.5
      vertex -18.6 75.3 2.5
    endloop
  endfacet
  facet normal 0 0 1
    outer loop
      vertex -14.4259 -74.9715 2.5
      vertex -14.4259 -75.6285 2.5
      vertex -14.4 -75.3 2.5
    endloop
  endfacet
  facet normal 0 0 1
    outer loop
      vertex -14.5028 -74.6511 2.5
      vertex -14.4259 -75.6285 2.5
      vertex -14.4259 -74.9715 2.5
    endloop
  endfacet
  facet normal 0 0 1
    outer loop
      vertex -14.5028 -74.6511 2.5
      vertex -14.5028 -75.9489 2.5
      vertex -14.4259 -75.6285 2.5
    endloop
  endfacet
  facet normal 0 0 1
    outer loop
      vertex -14.6289 -74.3466 2.5
      vertex -14.5028 -75.9489 2.5
      vertex -14.5028 -74.6511 2.5
    endloop
  endfacet
  facet normal 0 0 1
    outer loop
      vertex -14.6289 -74.3466 2.5
      vertex -14.6289 -76.2534 2.5
      vertex -14.5028 -75.9489 2.5
    endloop
  endfacet
  facet normal 0 0 1
    outer loop
      vertex -14.8011 -74.0657 2.5
      vertex -14.6289 -76.2534 2.5
      vertex -14.6289 -74.3466 2.5
    endloop
  endfacet
  facet normal 0 0 1
    outer loop
      vertex -14.8011 -74.0657 2.5
      vertex -14.8011 -76.5343 2.5
      vertex -14.6289 -76.2534 2.5
    endloop
  endfacet
  facet normal 0 0 1
    outer loop
      vertex -15.0151 -73.8151 2.5
      vertex -14.8011 -76.5343 2.5
      vertex -14.8011 -74.0657 2.5
    endloop
  endfacet
  facet normal 0 0 1
    outer loop
      vertex -15.0151 -73.8151 2.5
      vertex -15.0151 -76.7849 2.5
      vertex -14.8011 -76.5343 2.5
    endloop
  endfacet
  facet normal 0 0 1
    outer loop
      vertex -15.2657 -73.6011 2.5
      vertex -15.0151 -76.7849 2.5
      vertex -15.0151 -73.8151 2.5
    endloop
  endfacet
  facet normal 0 0 1
    outer loop
      vertex -15.2657 -73.6011 2.5
      vertex -15.2657 -76.9989 2.5
      vertex -15.0151 -76.7849 2.5
    endloop
  endfacet
  facet normal 0 0 1
    outer loop
      vertex -15.5466 -73.4289 2.5
      vertex -15.2657 -76.9989 2.5
      vertex -15.2657 -73.6011 2.5
    endloop
  endfacet
  facet normal 0 0 1
    outer loop
      vertex -15.5466 -73.4289 2.5
      vertex -15.5466 -77.1711 2.5
      vertex -15.2657 -76.9989 2.5
    endloop
  endfacet
  facet normal 0 0 1
    outer loop
      vertex -15.8511 -73.3028 2.5
      vertex -15.5466 -77.1711 2.5
      vertex -15.5466 -73.4289 2.5
    endloop
  endfacet
  facet normal 0 0 1
    outer loop
      vertex -15.8511 -73.3028 2.5
      vertex -15.8511 -77.2972 2.5
      vertex -15.5466 -77.1711 2.5
    endloop
  endfacet
  facet normal 0 0 1
    outer loop
      vertex -16.1715 -73.2259 2.5
      vertex -15.8511 -77.2972 2.5
      vertex -15.8511 -73.3028 2.5
    endloop
  endfacet
  facet normal 0 0 1
    outer loop
      vertex -16.1715 -73.2259 2.5
      vertex -16.1715 -77.3741 2.5
      vertex -15.8511 -77.2972 2.5
    endloop
  endfacet
  facet normal 0 0 1
    outer loop
      vertex -16.5 -73.2 2.5
      vertex -16.1715 -77.3741 2.5
      vertex -16.1715 -73.2259 2.5
    endloop
  endfacet
  facet normal 0 0 1
    outer loop
      vertex -16.5 -73.2 2.5
      vertex -16.5 -77.4 2.5
      vertex -16.1715 -77.3741 2.5
    endloop
  endfacet
  facet normal -0 0 1
    outer loop
      vertex -16.8285 -73.2259 2.5
      vertex -16.5 -77.4 2.5
      vertex -16.5 -73.2 2.5
    endloop
  endfacet
  facet normal 0 0 1
    outer loop
      vertex -16.8285 -73.2259 2.5
      vertex -16.8285 -77.3741 2.5
      vertex -16.5 -77.4 2.5
    endloop
  endfacet
  facet normal -0 0 1
    outer loop
      vertex -17.1489 -73.3028 2.5
      vertex -16.8285 -77.3741 2.5
      vertex -16.8285 -73.2259 2.5
    endloop
  endfacet
  facet normal 0 0 1
    outer loop
      vertex -17.1489 -73.3028 2.5
      vertex -17.1489 -77.2972 2.5
      vertex -16.8285 -77.3741 2.5
    endloop
  endfacet
  facet normal -0 0 1
    outer loop
      vertex -17.4534 -73.4289 2.5
      vertex -17.1489 -77.2972 2.5
      vertex -17.1489 -73.3028 2.5
    endloop
  endfacet
  facet normal 0 0 1
    outer loop
      vertex -17.4534 -73.4289 2.5
      vertex -17.4534 -77.1711 2.5
      vertex -17.1489 -77.2972 2.5
    endloop
  endfacet
  facet normal -0 0 1
    outer loop
      vertex -17.7343 -73.6011 2.5
      vertex -17.4534 -77.1711 2.5
      vertex -17.4534 -73.4289 2.5
    endloop
  endfacet
  facet normal 0 0 1
    outer loop
      vertex -17.7343 -73.6011 2.5
      vertex -17.7343 -76.9989 2.5
      vertex -17.4534 -77.1711 2.5
    endloop
  endfacet
  facet normal -0 0 1
    outer loop
      vertex -17.9849 -73.8151 2.5
      vertex -17.7343 -76.9989 2.5
      vertex -17.7343 -73.6011 2.5
    endloop
  endfacet
  facet normal 0 0 1
    outer loop
      vertex -17.9849 -73.8151 2.5
      vertex -17.9849 -76.7849 2.5
      vertex -17.7343 -76.9989 2.5
    endloop
  endfacet
  facet normal -0 0 1
    outer loop
      vertex -18.1989 -74.0657 2.5
      vertex -17.9849 -76.7849 2.5
      vertex -17.9849 -73.8151 2.5
    endloop
  endfacet
  facet normal 0 0 1
    outer loop
      vertex -18.1989 -74.0657 2.5
      vertex -18.1989 -76.5343 2.5
      vertex -17.9849 -76.7849 2.5
    endloop
  endfacet
  facet normal -0 0 1
    outer loop
      vertex -18.3711 -74.3466 2.5
      vertex -18.1989 -76.5343 2.5
      vertex -18.1989 -74.0657 2.5
    endloop
  endfacet
  facet normal 0 0 1
    outer loop
      vertex -18.3711 -74.3466 2.5
      vertex -18.3711 -76.2534 2.5
      vertex -18.1989 -76.5343 2.5
    endloop
  endfacet
  facet normal -0 0 1
    outer loop
      vertex -18.4972 -74.6511 2.5
      vertex -18.3711 -76.2534 2.5
      vertex -18.3711 -74.3466 2.5
    endloop
  endfacet
  facet normal 0 0 1
    outer loop
      vertex -18.4972 -74.6511 2.5
      vertex -18.4972 -75.9489 2.5
      vertex -18.3711 -76.2534 2.5
    endloop
  endfacet
  facet normal -0 0 1
    outer loop
      vertex -18.5741 -74.9715 2.5
      vertex -18.4972 -75.9489 2.5
      vertex -18.4972 -74.6511 2.5
    endloop
  endfacet
  facet normal 0 0 1
    outer loop
      vertex -18.5741 -74.9715 2.5
      vertex -18.5741 -75.6285 2.5
      vertex -18.4972 -75.9489 2.5
    endloop
  endfacet
  facet normal 0 -0 1
    outer loop
      vertex -18.5741 -75.6285 2.5
      vertex -18.5741 -74.9715 2.5
      vertex -18.6 -75.3 2.5
    endloop
  endfacet
  facet normal 0 0 1
    outer loop
      vertex -215.426 75.6285 2.5
      vertex -215.426 74.9715 2.5
      vertex -215.4 75.3 2.5
    endloop
  endfacet
  facet normal 0 0 1
    outer loop
      vertex -215.503 75.9489 2.5
      vertex -215.426 74.9715 2.5
      vertex -215.426 75.6285 2.5
    endloop
  endfacet
  facet normal 0 0 1
    outer loop
      vertex -215.503 75.9489 2.5
      vertex -215.503 74.6511 2.5
      vertex -215.426 74.9715 2.5
    endloop
  endfacet
  facet normal 0 0 1
    outer loop
      vertex -215.629 76.2534 2.5
      vertex -215.503 74.6511 2.5
      vertex -215.503 75.9489 2.5
    endloop
  endfacet
  facet normal 0 0 1
    outer loop
      vertex -215.629 76.2534 2.5
      vertex -215.629 74.3466 2.5
      vertex -215.503 74.6511 2.5
    endloop
  endfacet
  facet normal 0 0 1
    outer loop
      vertex -215.801 76.5343 2.5
      vertex -215.629 74.3466 2.5
      vertex -215.629 76.2534 2.5
    endloop
  endfacet
  facet normal 0 0 1
    outer loop
      vertex -215.801 76.5343 2.5
      vertex -215.801 74.0657 2.5
      vertex -215.629 74.3466 2.5
    endloop
  endfacet
  facet normal 0 0 1
    outer loop
      vertex -216.015 76.7849 2.5
      vertex -215.801 74.0657 2.5
      vertex -215.801 76.5343 2.5
    endloop
  endfacet
  facet normal 0 0 1
    outer loop
      vertex -216.015 76.7849 2.5
      vertex -216.015 73.8151 2.5
      vertex -215.801 74.0657 2.5
    endloop
  endfacet
  facet normal 0 0 1
    outer loop
      vertex -216.266 76.9989 2.5
      vertex -216.015 73.8151 2.5
      vertex -216.015 76.7849 2.5
    endloop
  endfacet
  facet normal 0 0 1
    outer loop
      vertex -216.266 76.9989 2.5
      vertex -216.266 73.6011 2.5
      vertex -216.015 73.8151 2.5
    endloop
  endfacet
  facet normal 0 0 1
    outer loop
      vertex -216.547 77.1711 2.5
      vertex -216.266 73.6011 2.5
      vertex -216.266 76.9989 2.5
    endloop
  endfacet
  facet normal 0 0 1
    outer loop
      vertex -216.547 77.1711 2.5
      vertex -216.547 73.4289 2.5
      vertex -216.266 73.6011 2.5
    endloop
  endfacet
  facet normal 0 0 1
    outer loop
      vertex -216.851 77.2972 2.5
      vertex -216.547 73.4289 2.5
      vertex -216.547 77.1711 2.5
    endloop
  endfacet
  facet normal 0 0 1
    outer loop
      vertex -216.851 77.2972 2.5
      vertex -216.851 73.3028 2.5
      vertex -216.547 73.4289 2.5
    endloop
  endfacet
  facet normal 0 0 1
    outer loop
      vertex -217.171 77.3741 2.5
      vertex -216.851 73.3028 2.5
      vertex -216.851 77.2972 2.5
    endloop
  endfacet
  facet normal 0 0 1
    outer loop
      vertex -217.171 77.3741 2.5
      vertex -217.171 73.2259 2.5
      vertex -216.851 73.3028 2.5
    endloop
  endfacet
  facet normal 0 0 1
    outer loop
      vertex -217.5 77.4 2.5
      vertex -217.171 73.2259 2.5
      vertex -217.171 77.3741 2.5
    endloop
  endfacet
  facet normal 0 0 1
    outer loop
      vertex -217.5 77.4 2.5
      vertex -217.5 73.2 2.5
      vertex -217.171 73.2259 2.5
    endloop
  endfacet
  facet normal -0 0 1
    outer loop
      vertex -217.829 77.3741 2.5
      vertex -217.5 73.2 2.5
      vertex -217.5 77.4 2.5
    endloop
  endfacet
  facet normal 0 0 1
    outer loop
      vertex -217.829 77.3741 2.5
      vertex -217.829 73.2259 2.5
      vertex -217.5 73.2 2.5
    endloop
  endfacet
  facet normal -0 0 1
    outer loop
      vertex -218.149 77.2972 2.5
      vertex -217.829 73.2259 2.5
      vertex -217.829 77.3741 2.5
    endloop
  endfacet
  facet normal 0 0 1
    outer loop
      vertex -218.149 77.2972 2.5
      vertex -218.149 73.3028 2.5
      vertex -217.829 73.2259 2.5
    endloop
  endfacet
  facet normal -0 0 1
    outer loop
      vertex -218.453 77.1711 2.5
      vertex -218.149 73.3028 2.5
      vertex -218.149 77.2972 2.5
    endloop
  endfacet
  facet normal 0 0 1
    outer loop
      vertex -218.453 77.1711 2.5
      vertex -218.453 73.4289 2.5
      vertex -218.149 73.3028 2.5
    endloop
  endfacet
  facet normal -0 0 1
    outer loop
      vertex -218.734 76.9989 2.5
      vertex -218.453 73.4289 2.5
      vertex -218.453 77.1711 2.5
    endloop
  endfacet
  facet normal 0 0 1
    outer loop
      vertex -218.734 76.9989 2.5
      vertex -218.734 73.6011 2.5
      vertex -218.453 73.4289 2.5
    endloop
  endfacet
  facet normal -0 0 1
    outer loop
      vertex -218.985 76.7849 2.5
      vertex -218.734 73.6011 2.5
      vertex -218.734 76.9989 2.5
    endloop
  endfacet
  facet normal 0 0 1
    outer loop
      vertex -218.985 76.7849 2.5
      vertex -218.985 73.8151 2.5
      vertex -218.734 73.6011 2.5
    endloop
  endfacet
  facet normal -0 0 1
    outer loop
      vertex -219.199 76.5343 2.5
      vertex -218.985 73.8151 2.5
      vertex -218.985 76.7849 2.5
    endloop
  endfacet
  facet normal 0 0 1
    outer loop
      vertex -219.199 76.5343 2.5
      vertex -219.199 74.0657 2.5
      vertex -218.985 73.8151 2.5
    endloop
  endfacet
  facet normal -0 0 1
    outer loop
      vertex -219.371 76.2534 2.5
      vertex -219.199 74.0657 2.5
      vertex -219.199 76.5343 2.5
    endloop
  endfacet
  facet normal 0 0 1
    outer loop
      vertex -219.371 76.2534 2.5
      vertex -219.371 74.3466 2.5
      vertex -219.199 74.0657 2.5
    endloop
  endfacet
  facet normal -0 0 1
    outer loop
      vertex -219.497 75.9489 2.5
      vertex -219.371 74.3466 2.5
      vertex -219.371 76.2534 2.5
    endloop
  endfacet
  facet normal 0 0 1
    outer loop
      vertex -219.497 75.9489 2.5
      vertex -219.497 74.6511 2.5
      vertex -219.371 74.3466 2.5
    endloop
  endfacet
  facet normal -0 0 1
    outer loop
      vertex -219.574 75.6285 2.5
      vertex -219.497 74.6511 2.5
      vertex -219.497 75.9489 2.5
    endloop
  endfacet
  facet normal 0 0 1
    outer loop
      vertex -219.574 75.6285 2.5
      vertex -219.574 74.9715 2.5
      vertex -219.497 74.6511 2.5
    endloop
  endfacet
  facet normal 0 -0 1
    outer loop
      vertex -219.574 74.9715 2.5
      vertex -219.574 75.6285 2.5
      vertex -219.6 75.3 2.5
    endloop
  endfacet
  facet normal 0 0 1
    outer loop
      vertex -215.426 -74.9715 2.5
      vertex -215.426 -75.6285 2.5
      vertex -215.4 -75.3 2.5
    endloop
  endfacet
  facet normal 0 0 1
    outer loop
      vertex -215.503 -74.6511 2.5
      vertex -215.426 -75.6285 2.5
      vertex -215.426 -74.9715 2.5
    endloop
  endfacet
  facet normal 0 0 1
    outer loop
      vertex -215.503 -74.6511 2.5
      vertex -215.503 -75.9489 2.5
      vertex -215.426 -75.6285 2.5
    endloop
  endfacet
  facet normal 0 0 1
    outer loop
      vertex -215.629 -74.3466 2.5
      vertex -215.503 -75.9489 2.5
      vertex -215.503 -74.6511 2.5
    endloop
  endfacet
  facet normal 0 0 1
    outer loop
      vertex -215.629 -74.3466 2.5
      vertex -215.629 -76.2534 2.5
      vertex -215.503 -75.9489 2.5
    endloop
  endfacet
  facet normal 0 0 1
    outer loop
      vertex -215.801 -74.0657 2.5
      vertex -215.629 -76.2534 2.5
      vertex -215.629 -74.3466 2.5
    endloop
  endfacet
  facet normal 0 0 1
    outer loop
      vertex -215.801 -74.0657 2.5
      vertex -215.801 -76.5343 2.5
      vertex -215.629 -76.2534 2.5
    endloop
  endfacet
  facet normal 0 0 1
    outer loop
      vertex -216.015 -73.8151 2.5
      vertex -215.801 -76.5343 2.5
      vertex -215.801 -74.0657 2.5
    endloop
  endfacet
  facet normal 0 0 1
    outer loop
      vertex -216.015 -73.8151 2.5
      vertex -216.015 -76.7849 2.5
      vertex -215.801 -76.5343 2.5
    endloop
  endfacet
  facet normal 0 0 1
    outer loop
      vertex -216.266 -73.6011 2.5
      vertex -216.015 -76.7849 2.5
      vertex -216.015 -73.8151 2.5
    endloop
  endfacet
  facet normal 0 0 1
    outer loop
      vertex -216.266 -73.6011 2.5
      vertex -216.266 -76.9989 2.5
      vertex -216.015 -76.7849 2.5
    endloop
  endfacet
  facet normal 0 0 1
    outer loop
      vertex -216.547 -73.4289 2.5
      vertex -216.266 -76.9989 2.5
      vertex -216.266 -73.6011 2.5
    endloop
  endfacet
  facet normal 0 0 1
    outer loop
      vertex -216.547 -73.4289 2.5
      vertex -216.547 -77.1711 2.5
      vertex -216.266 -76.9989 2.5
    endloop
  endfacet
  facet normal 0 0 1
    outer loop
      vertex -216.851 -73.3028 2.5
      vertex -216.547 -77.1711 2.5
      vertex -216.547 -73.4289 2.5
    endloop
  endfacet
  facet normal 0 0 1
    outer loop
      vertex -216.851 -73.3028 2.5
      vertex -216.851 -77.2972 2.5
      vertex -216.547 -77.1711 2.5
    endloop
  endfacet
  facet normal 0 0 1
    outer loop
      vertex -217.171 -73.2259 2.5
      vertex -216.851 -77.2972 2.5
      vertex -216.851 -73.3028 2.5
    endloop
  endfacet
  facet normal 0 0 1
    outer loop
      vertex -217.171 -73.2259 2.5
      vertex -217.171 -77.3741 2.5
      vertex -216.851 -77.2972 2.5
    endloop
  endfacet
  facet normal 0 0 1
    outer loop
      vertex -217.5 -73.2 2.5
      vertex -217.171 -77.3741 2.5
      vertex -217.171 -73.2259 2.5
    endloop
  endfacet
  facet normal 0 0 1
    outer loop
      vertex -217.5 -73.2 2.5
      vertex -217.5 -77.4 2.5
      vertex -217.171 -77.3741 2.5
    endloop
  endfacet
  facet normal -0 0 1
    outer loop
      vertex -217.829 -73.2259 2.5
      vertex -217.5 -77.4 2.5
      vertex -217.5 -73.2 2.5
    endloop
  endfacet
  facet normal 0 0 1
    outer loop
      vertex -217.829 -73.2259 2.5
      vertex -217.829 -77.3741 2.5
      vertex -217.5 -77.4 2.5
    endloop
  endfacet
  facet normal -0 0 1
    outer loop
      vertex -218.149 -73.3028 2.5
      vertex -217.829 -77.3741 2.5
      vertex -217.829 -73.2259 2.5
    endloop
  endfacet
  facet normal 0 0 1
    outer loop
      vertex -218.149 -73.3028 2.5
      vertex -218.149 -77.2972 2.5
      vertex -217.829 -77.3741 2.5
    endloop
  endfacet
  facet normal -0 0 1
    outer loop
      vertex -218.453 -73.4289 2.5
      vertex -218.149 -77.2972 2.5
      vertex -218.149 -73.3028 2.5
    endloop
  endfacet
  facet normal 0 0 1
    outer loop
      vertex -218.453 -73.4289 2.5
      vertex -218.453 -77.1711 2.5
      vertex -218.149 -77.2972 2.5
    endloop
  endfacet
  facet normal -0 0 1
    outer loop
      vertex -218.734 -73.6011 2.5
      vertex -218.453 -77.1711 2.5
      vertex -218.453 -73.4289 2.5
    endloop
  endfacet
  facet normal 0 0 1
    outer loop
      vertex -218.734 -73.6011 2.5
      vertex -218.734 -76.9989 2.5
      vertex -218.453 -77.1711 2.5
    endloop
  endfacet
  facet normal -0 0 1
    outer loop
      vertex -218.985 -73.8151 2.5
      vertex -218.734 -76.9989 2.5
      vertex -218.734 -73.6011 2.5
    endloop
  endfacet
  facet normal 0 0 1
    outer loop
      vertex -218.985 -73.8151 2.5
      vertex -218.985 -76.7849 2.5
      vertex -218.734 -76.9989 2.5
    endloop
  endfacet
  facet normal -0 0 1
    outer loop
      vertex -219.199 -74.0657 2.5
      vertex -218.985 -76.7849 2.5
      vertex -218.985 -73.8151 2.5
    endloop
  endfacet
  facet normal 0 0 1
    outer loop
      vertex -219.199 -74.0657 2.5
      vertex -219.199 -76.5343 2.5
      vertex -218.985 -76.7849 2.5
    endloop
  endfacet
  facet normal -0 0 1
    outer loop
      vertex -219.371 -74.3466 2.5
      vertex -219.199 -76.5343 2.5
      vertex -219.199 -74.0657 2.5
    endloop
  endfacet
  facet normal 0 0 1
    outer loop
      vertex -219.371 -74.3466 2.5
      vertex -219.371 -76.2534 2.5
      vertex -219.199 -76.5343 2.5
    endloop
  endfacet
  facet normal -0 0 1
    outer loop
      vertex -219.497 -74.6511 2.5
      vertex -219.371 -76.2534 2.5
      vertex -219.371 -74.3466 2.5
    endloop
  endfacet
  facet normal 0 0 1
    outer loop
      vertex -219.497 -74.6511 2.5
      vertex -219.497 -75.9489 2.5
      vertex -219.371 -76.2534 2.5
    endloop
  endfacet
  facet normal -0 0 1
    outer loop
      vertex -219.574 -74.9715 2.5
      vertex -219.497 -75.9489 2.5
      vertex -219.497 -74.6511 2.5
    endloop
  endfacet
  facet normal 0 0 1
    outer loop
      vertex -219.574 -74.9715 2.5
      vertex -219.574 -75.6285 2.5
      vertex -219.497 -75.9489 2.5
    endloop
  endfacet
  facet normal 0 -0 1
    outer loop
      vertex -219.574 -75.6285 2.5
      vertex -219.574 -74.9715 2.5
      vertex -219.6 -75.3 2.5
    endloop
  endfacet
  facet normal 0.997072 0.0764691 0
    outer loop
      vertex -221.482 -78.0347 13.6
      vertex -221.5 -77.8 2.5
      vertex -221.5 -77.8 13.6
    endloop
  endfacet
  facet normal 0.997072 0.0764691 0
    outer loop
      vertex -221.5 -77.8 2.5
      vertex -221.482 -78.0347 13.6
      vertex -221.482 -78.0347 2.5
    endloop
  endfacet
  facet normal 0.521965 -0.852967 0
    outer loop
      vertex -220.882 79.0135 2.5
      vertex -220.681 79.1365 13.6
      vertex -220.882 79.0135 13.6
    endloop
  endfacet
  facet normal 0.521965 -0.852967 0
    outer loop
      vertex -220.681 79.1365 13.6
      vertex -220.882 79.0135 2.5
      vertex -220.681 79.1365 2.5
    endloop
  endfacet
  facet normal 0.383467 -0.923555 0
    outer loop
      vertex -220.681 79.1365 2.5
      vertex -220.464 79.2266 13.6
      vertex -220.681 79.1365 13.6
    endloop
  endfacet
  facet normal 0.383467 -0.923555 0
    outer loop
      vertex -220.464 79.2266 13.6
      vertex -220.681 79.1365 2.5
      vertex -220.464 79.2266 2.5
    endloop
  endfacet
  facet normal -0.996908 0.0785803 0
    outer loop
      vertex -12.5185 -78.0347 2.5
      vertex -12.5 -77.8 13.6
      vertex -12.5 -77.8 2.5
    endloop
  endfacet
  facet normal -0.996908 0.0785803 0
    outer loop
      vertex -12.5 -77.8 13.6
      vertex -12.5185 -78.0347 2.5
      vertex -12.5185 -78.0347 13.6
    endloop
  endfacet
  facet normal 0.233132 0.972445 -0
    outer loop
      vertex -220.235 -79.2815 2.5
      vertex -220.464 -79.2266 13.6
      vertex -220.235 -79.2815 13.6
    endloop
  endfacet
  facet normal 0.233132 0.972445 0
    outer loop
      vertex -220.464 -79.2266 13.6
      vertex -220.235 -79.2815 2.5
      vertex -220.464 -79.2266 2.5
    endloop
  endfacet
  facet normal 0.521965 0.852967 -0
    outer loop
      vertex -220.681 -79.1365 2.5
      vertex -220.882 -79.0135 13.6
      vertex -220.681 -79.1365 13.6
    endloop
  endfacet
  facet normal 0.521965 0.852967 0
    outer loop
      vertex -220.882 -79.0135 13.6
      vertex -220.681 -79.1365 2.5
      vertex -220.882 -79.0135 2.5
    endloop
  endfacet
  facet normal 0.85262 0.522532 0
    outer loop
      vertex -221.214 -78.6817 13.6
      vertex -221.337 -78.481 2.5
      vertex -221.337 -78.481 13.6
    endloop
  endfacet
  facet normal 0.85262 0.522532 0
    outer loop
      vertex -221.337 -78.481 2.5
      vertex -221.214 -78.6817 13.6
      vertex -221.214 -78.6817 2.5
    endloop
  endfacet
  facet normal -0.382714 0.923867 0
    outer loop
      vertex -13.319 -79.1365 2.5
      vertex -13.5365 -79.2266 13.6
      vertex -13.319 -79.1365 13.6
    endloop
  endfacet
  facet normal -0.382714 0.923867 0
    outer loop
      vertex -13.5365 -79.2266 13.6
      vertex -13.319 -79.1365 2.5
      vertex -13.5365 -79.2266 2.5
    endloop
  endfacet
  facet normal -0.0785803 0.996908 0
    outer loop
      vertex -13.7653 -79.2815 2.5
      vertex -14 -79.3 13.6
      vertex -13.7653 -79.2815 13.6
    endloop
  endfacet
  facet normal -0.0785803 0.996908 0
    outer loop
      vertex -14 -79.3 13.6
      vertex -13.7653 -79.2815 2.5
      vertex -14 -79.3 2.5
    endloop
  endfacet
  facet normal 0.85262 -0.522532 0
    outer loop
      vertex -221.337 78.481 13.6
      vertex -221.214 78.6817 2.5
      vertex -221.214 78.6817 13.6
    endloop
  endfacet
  facet normal 0.85262 -0.522532 0
    outer loop
      vertex -221.214 78.6817 2.5
      vertex -221.337 78.481 13.6
      vertex -221.337 78.481 2.5
    endloop
  endfacet
  facet normal 0.233132 -0.972445 0
    outer loop
      vertex -220.464 79.2266 2.5
      vertex -220.235 79.2815 13.6
      vertex -220.464 79.2266 13.6
    endloop
  endfacet
  facet normal 0.233132 -0.972445 0
    outer loop
      vertex -220.235 79.2815 13.6
      vertex -220.464 79.2266 2.5
      vertex -220.235 79.2815 2.5
    endloop
  endfacet
  facet normal 0.0784806 -0.996916 0
    outer loop
      vertex -220.235 79.2815 2.5
      vertex -220 79.3 13.6
      vertex -220.235 79.2815 13.6
    endloop
  endfacet
  facet normal 0.0784806 -0.996916 0
    outer loop
      vertex -220 79.3 13.6
      vertex -220.235 79.2815 2.5
      vertex -220 79.3 2.5
    endloop
  endfacet
  facet normal -0.233325 -0.972399 0
    outer loop
      vertex -13.7653 79.2815 2.5
      vertex -13.5365 79.2266 13.6
      vertex -13.7653 79.2815 13.6
    endloop
  endfacet
  facet normal -0.233325 -0.972399 -0
    outer loop
      vertex -13.5365 79.2266 13.6
      vertex -13.7653 79.2815 2.5
      vertex -13.5365 79.2266 2.5
    endloop
  endfacet
  facet normal -0.760575 -0.64925 0
    outer loop
      vertex -12.7865 78.6817 2.5
      vertex -12.9393 78.8607 13.6
      vertex -12.9393 78.8607 2.5
    endloop
  endfacet
  facet normal -0.760575 -0.64925 0
    outer loop
      vertex -12.9393 78.8607 13.6
      vertex -12.7865 78.6817 2.5
      vertex -12.7865 78.6817 13.6
    endloop
  endfacet
  facet normal -0.85262 0.522532 0
    outer loop
      vertex -12.7865 -78.6817 2.5
      vertex -12.6635 -78.481 13.6
      vertex -12.6635 -78.481 2.5
    endloop
  endfacet
  facet normal -0.85262 0.522532 0
    outer loop
      vertex -12.6635 -78.481 13.6
      vertex -12.7865 -78.6817 2.5
      vertex -12.7865 -78.6817 13.6
    endloop
  endfacet
  facet normal 0.0784806 0.996916 -0
    outer loop
      vertex -220 -79.3 2.5
      vertex -220.235 -79.2815 13.6
      vertex -220 -79.3 13.6
    endloop
  endfacet
  facet normal 0.0784806 0.996916 0
    outer loop
      vertex -220.235 -79.2815 13.6
      vertex -220 -79.3 2.5
      vertex -220.235 -79.2815 2.5
    endloop
  endfacet
  facet normal 0.383467 0.923555 -0
    outer loop
      vertex -220.464 -79.2266 2.5
      vertex -220.681 -79.1365 13.6
      vertex -220.464 -79.2266 13.6
    endloop
  endfacet
  facet normal 0.383467 0.923555 0
    outer loop
      vertex -220.681 -79.1365 13.6
      vertex -220.464 -79.2266 2.5
      vertex -220.681 -79.1365 2.5
    endloop
  endfacet
  facet normal 0.972302 0.233727 0
    outer loop
      vertex -221.427 -78.2635 13.6
      vertex -221.482 -78.0347 2.5
      vertex -221.482 -78.0347 13.6
    endloop
  endfacet
  facet normal 0.972302 0.233727 0
    outer loop
      vertex -221.482 -78.0347 2.5
      vertex -221.427 -78.2635 13.6
      vertex -221.427 -78.2635 2.5
    endloop
  endfacet
  facet normal 0.760155 0.649742 0
    outer loop
      vertex -221.061 -78.8607 13.6
      vertex -221.214 -78.6817 2.5
      vertex -221.214 -78.6817 13.6
    endloop
  endfacet
  facet normal 0.760155 0.649742 0
    outer loop
      vertex -221.214 -78.6817 2.5
      vertex -221.061 -78.8607 13.6
      vertex -221.061 -78.8607 2.5
    endloop
  endfacet
  facet normal -0.522532 0.85262 0
    outer loop
      vertex -13.1183 -79.0135 2.5
      vertex -13.319 -79.1365 13.6
      vertex -13.1183 -79.0135 13.6
    endloop
  endfacet
  facet normal -0.522532 0.85262 0
    outer loop
      vertex -13.319 -79.1365 13.6
      vertex -13.1183 -79.0135 2.5
      vertex -13.319 -79.1365 2.5
    endloop
  endfacet
  facet normal -0.233325 0.972399 0
    outer loop
      vertex -13.5365 -79.2266 2.5
      vertex -13.7653 -79.2815 13.6
      vertex -13.5365 -79.2266 13.6
    endloop
  endfacet
  facet normal -0.233325 0.972399 0
    outer loop
      vertex -13.7653 -79.2815 13.6
      vertex -13.5365 -79.2266 2.5
      vertex -13.7653 -79.2815 2.5
    endloop
  endfacet
  facet normal 0.760155 -0.649742 0
    outer loop
      vertex -221.214 78.6817 13.6
      vertex -221.061 78.8607 2.5
      vertex -221.061 78.8607 13.6
    endloop
  endfacet
  facet normal 0.760155 -0.649742 0
    outer loop
      vertex -221.061 78.8607 2.5
      vertex -221.214 78.6817 13.6
      vertex -221.214 78.6817 2.5
    endloop
  endfacet
  facet normal 0.64925 -0.760575 0
    outer loop
      vertex -221.061 78.8607 2.5
      vertex -220.882 79.0135 13.6
      vertex -221.061 78.8607 13.6
    endloop
  endfacet
  facet normal 0.64925 -0.760575 0
    outer loop
      vertex -220.882 79.0135 13.6
      vertex -221.061 78.8607 2.5
      vertex -220.882 79.0135 2.5
    endloop
  endfacet
  facet normal 0.972302 -0.233727 0
    outer loop
      vertex -221.482 78.0347 13.6
      vertex -221.427 78.2635 2.5
      vertex -221.427 78.2635 13.6
    endloop
  endfacet
  facet normal 0.972302 -0.233727 0
    outer loop
      vertex -221.427 78.2635 2.5
      vertex -221.482 78.0347 13.6
      vertex -221.482 78.0347 2.5
    endloop
  endfacet
  facet normal 0.924017 -0.382352 0
    outer loop
      vertex -221.427 78.2635 13.6
      vertex -221.337 78.481 2.5
      vertex -221.337 78.481 13.6
    endloop
  endfacet
  facet normal 0.924017 -0.382352 0
    outer loop
      vertex -221.337 78.481 2.5
      vertex -221.427 78.2635 13.6
      vertex -221.427 78.2635 2.5
    endloop
  endfacet
  facet normal -0.0785803 -0.996908 0
    outer loop
      vertex -14 79.3 2.5
      vertex -13.7653 79.2815 13.6
      vertex -14 79.3 13.6
    endloop
  endfacet
  facet normal -0.0785803 -0.996908 -0
    outer loop
      vertex -13.7653 79.2815 13.6
      vertex -14 79.3 2.5
      vertex -13.7653 79.2815 2.5
    endloop
  endfacet
  facet normal -0.85262 -0.522532 0
    outer loop
      vertex -12.6635 78.481 2.5
      vertex -12.7865 78.6817 13.6
      vertex -12.7865 78.6817 2.5
    endloop
  endfacet
  facet normal -0.85262 -0.522532 0
    outer loop
      vertex -12.7865 78.6817 13.6
      vertex -12.6635 78.481 2.5
      vertex -12.6635 78.481 13.6
    endloop
  endfacet
  facet normal -0.64925 -0.760575 0
    outer loop
      vertex -13.1183 79.0135 2.5
      vertex -12.9393 78.8607 13.6
      vertex -13.1183 79.0135 13.6
    endloop
  endfacet
  facet normal -0.64925 -0.760575 -0
    outer loop
      vertex -12.9393 78.8607 13.6
      vertex -13.1183 79.0135 2.5
      vertex -12.9393 78.8607 2.5
    endloop
  endfacet
  facet normal -0.972399 0.233325 0
    outer loop
      vertex -12.5734 -78.2635 2.5
      vertex -12.5185 -78.0347 13.6
      vertex -12.5185 -78.0347 2.5
    endloop
  endfacet
  facet normal -0.972399 0.233325 0
    outer loop
      vertex -12.5185 -78.0347 13.6
      vertex -12.5734 -78.2635 2.5
      vertex -12.5734 -78.2635 13.6
    endloop
  endfacet
  facet normal -0.923867 0.382714 0
    outer loop
      vertex -12.6635 -78.481 2.5
      vertex -12.5734 -78.2635 13.6
      vertex -12.5734 -78.2635 2.5
    endloop
  endfacet
  facet normal -0.923867 0.382714 0
    outer loop
      vertex -12.5734 -78.2635 13.6
      vertex -12.6635 -78.481 2.5
      vertex -12.6635 -78.481 13.6
    endloop
  endfacet
  facet normal -0.760575 0.64925 0
    outer loop
      vertex -12.9393 -78.8607 2.5
      vertex -12.7865 -78.6817 13.6
      vertex -12.7865 -78.6817 2.5
    endloop
  endfacet
  facet normal -0.760575 0.64925 0
    outer loop
      vertex -12.7865 -78.6817 13.6
      vertex -12.9393 -78.8607 2.5
      vertex -12.9393 -78.8607 13.6
    endloop
  endfacet
  facet normal -0.923867 -0.382714 0
    outer loop
      vertex -12.5734 78.2635 2.5
      vertex -12.6635 78.481 13.6
      vertex -12.6635 78.481 2.5
    endloop
  endfacet
  facet normal -0.923867 -0.382714 0
    outer loop
      vertex -12.6635 78.481 13.6
      vertex -12.5734 78.2635 2.5
      vertex -12.5734 78.2635 13.6
    endloop
  endfacet
  facet normal -0.972399 -0.233325 0
    outer loop
      vertex -12.5185 78.0347 2.5
      vertex -12.5734 78.2635 13.6
      vertex -12.5734 78.2635 2.5
    endloop
  endfacet
  facet normal -0.972399 -0.233325 0
    outer loop
      vertex -12.5734 78.2635 13.6
      vertex -12.5185 78.0347 2.5
      vertex -12.5185 78.0347 13.6
    endloop
  endfacet
  facet normal -0.522532 -0.85262 0
    outer loop
      vertex -13.319 79.1365 2.5
      vertex -13.1183 79.0135 13.6
      vertex -13.319 79.1365 13.6
    endloop
  endfacet
  facet normal -0.522532 -0.85262 -0
    outer loop
      vertex -13.1183 79.0135 13.6
      vertex -13.319 79.1365 2.5
      vertex -13.1183 79.0135 2.5
    endloop
  endfacet
  facet normal 0.522487 0.852647 -0
    outer loop
      vertex -14.1489 78.5361 2.5
      vertex -14.684 78.864 13.6
      vertex -14.1489 78.5361 13.6
    endloop
  endfacet
  facet normal 0.522487 0.852647 0
    outer loop
      vertex -14.684 78.864 13.6
      vertex -14.1489 78.5361 2.5
      vertex -14.684 78.864 2.5
    endloop
  endfacet
  facet normal -0.923881 0.38268 0
    outer loop
      vertex -20.3042 76.5361 2.5
      vertex -20.064 77.116 13.6
      vertex -20.064 77.116 2.5
    endloop
  endfacet
  facet normal -0.923881 0.38268 0
    outer loop
      vertex -20.064 77.116 13.6
      vertex -20.3042 76.5361 2.5
      vertex -20.3042 76.5361 13.6
    endloop
  endfacet
  facet normal -0.38268 -0.923881 0
    outer loop
      vertex -18.316 71.736 2.5
      vertex -17.7361 71.4958 13.6
      vertex -18.316 71.736 13.6
    endloop
  endfacet
  facet normal -0.38268 -0.923881 -0
    outer loop
      vertex -17.7361 71.4958 13.6
      vertex -18.316 71.736 2.5
      vertex -17.7361 71.4958 2.5
    endloop
  endfacet
  facet normal -0.38268 0.923881 0
    outer loop
      vertex -17.7361 79.1042 2.5
      vertex -18.316 78.864 13.6
      vertex -17.7361 79.1042 13.6
    endloop
  endfacet
  facet normal -0.38268 0.923881 0
    outer loop
      vertex -18.316 78.864 13.6
      vertex -17.7361 79.1042 2.5
      vertex -18.316 78.864 2.5
    endloop
  endfacet
  facet normal -0.852647 0.522487 0
    outer loop
      vertex -20.064 77.116 2.5
      vertex -19.7361 77.6511 13.6
      vertex -19.7361 77.6511 2.5
    endloop
  endfacet
  facet normal -0.852647 0.522487 0
    outer loop
      vertex -19.7361 77.6511 13.6
      vertex -20.064 77.116 2.5
      vertex -20.064 77.116 13.6
    endloop
  endfacet
  facet normal -0.852647 -0.522487 0
    outer loop
      vertex -19.7361 72.9489 2.5
      vertex -20.064 73.484 13.6
      vertex -20.064 73.484 2.5
    endloop
  endfacet
  facet normal -0.852647 -0.522487 0
    outer loop
      vertex -20.064 73.484 13.6
      vertex -19.7361 72.9489 2.5
      vertex -19.7361 72.9489 13.6
    endloop
  endfacet
  facet normal 0.923881 0.38268 0
    outer loop
      vertex -12.6958 76.5361 13.6
      vertex -12.936 77.116 2.5
      vertex -12.936 77.116 13.6
    endloop
  endfacet
  facet normal 0.923881 0.38268 0
    outer loop
      vertex -12.936 77.116 2.5
      vertex -12.6958 76.5361 13.6
      vertex -12.6958 76.5361 2.5
    endloop
  endfacet
  facet normal 0.760369 0.649492 0
    outer loop
      vertex -13.2639 77.6511 13.6
      vertex -13.6716 78.1284 2.5
      vertex -13.6716 78.1284 13.6
    endloop
  endfacet
  facet normal 0.760369 0.649492 0
    outer loop
      vertex -13.6716 78.1284 2.5
      vertex -13.2639 77.6511 13.6
      vertex -13.2639 77.6511 2.5
    endloop
  endfacet
  facet normal 0.649492 0.760369 -0
    outer loop
      vertex -13.6716 78.1284 2.5
      vertex -14.1489 78.5361 13.6
      vertex -13.6716 78.1284 13.6
    endloop
  endfacet
  facet normal 0.649492 0.760369 0
    outer loop
      vertex -14.1489 78.5361 13.6
      vertex -13.6716 78.1284 2.5
      vertex -14.1489 78.5361 2.5
    endloop
  endfacet
  facet normal 0.38268 0.923881 -0
    outer loop
      vertex -14.684 78.864 2.5
      vertex -15.2639 79.1042 13.6
      vertex -14.684 78.864 13.6
    endloop
  endfacet
  facet normal 0.38268 0.923881 0
    outer loop
      vertex -15.2639 79.1042 13.6
      vertex -14.684 78.864 2.5
      vertex -15.2639 79.1042 2.5
    endloop
  endfacet
  facet normal 0.07839 0.996923 -0
    outer loop
      vertex -15.8743 79.2508 2.5
      vertex -16.5 79.3 13.6
      vertex -15.8743 79.2508 13.6
    endloop
  endfacet
  facet normal 0.07839 0.996923 0
    outer loop
      vertex -16.5 79.3 13.6
      vertex -15.8743 79.2508 2.5
      vertex -16.5 79.3 2.5
    endloop
  endfacet
  facet normal -0.760369 0.649492 0
    outer loop
      vertex -19.7361 77.6511 2.5
      vertex -19.3284 78.1284 13.6
      vertex -19.3284 78.1284 2.5
    endloop
  endfacet
  facet normal -0.760369 0.649492 0
    outer loop
      vertex -19.3284 78.1284 13.6
      vertex -19.7361 77.6511 2.5
      vertex -19.7361 77.6511 13.6
    endloop
  endfacet
  facet normal -0.522487 0.852647 0
    outer loop
      vertex -18.316 78.864 2.5
      vertex -18.8511 78.5361 13.6
      vertex -18.316 78.864 13.6
    endloop
  endfacet
  facet normal -0.522487 0.852647 0
    outer loop
      vertex -18.8511 78.5361 13.6
      vertex -18.316 78.864 2.5
      vertex -18.8511 78.5361 2.5
    endloop
  endfacet
  facet normal -0.649492 0.760369 0
    outer loop
      vertex -18.8511 78.5361 2.5
      vertex -19.3284 78.1284 13.6
      vertex -18.8511 78.5361 13.6
    endloop
  endfacet
  facet normal -0.649492 0.760369 0
    outer loop
      vertex -19.3284 78.1284 13.6
      vertex -18.8511 78.5361 2.5
      vertex -19.3284 78.1284 2.5
    endloop
  endfacet
  facet normal 0.996923 0.07839 0
    outer loop
      vertex -12.5 75.3 13.6
      vertex -12.5492 75.9257 2.5
      vertex -12.5492 75.9257 13.6
    endloop
  endfacet
  facet normal 0.996923 0.07839 0
    outer loop
      vertex -12.5492 75.9257 2.5
      vertex -12.5 75.3 13.6
      vertex -12.5 75.3 2.5
    endloop
  endfacet
  facet normal 0.38268 -0.923881 0
    outer loop
      vertex -15.2639 71.4958 2.5
      vertex -14.684 71.736 13.6
      vertex -15.2639 71.4958 13.6
    endloop
  endfacet
  facet normal 0.38268 -0.923881 0
    outer loop
      vertex -14.684 71.736 13.6
      vertex -15.2639 71.4958 2.5
      vertex -14.684 71.736 2.5
    endloop
  endfacet
  facet normal 0.760369 -0.649492 0
    outer loop
      vertex -13.6716 72.4716 13.6
      vertex -13.2639 72.9489 2.5
      vertex -13.2639 72.9489 13.6
    endloop
  endfacet
  facet normal 0.760369 -0.649492 0
    outer loop
      vertex -13.2639 72.9489 2.5
      vertex -13.6716 72.4716 13.6
      vertex -13.6716 72.4716 2.5
    endloop
  endfacet
  facet normal 0.522487 -0.852647 0
    outer loop
      vertex -14.684 71.736 2.5
      vertex -14.1489 72.0639 13.6
      vertex -14.684 71.736 13.6
    endloop
  endfacet
  facet normal 0.522487 -0.852647 0
    outer loop
      vertex -14.1489 72.0639 13.6
      vertex -14.684 71.736 2.5
      vertex -14.1489 72.0639 2.5
    endloop
  endfacet
  facet normal 0.852647 -0.522487 0
    outer loop
      vertex -13.2639 72.9489 13.6
      vertex -12.936 73.484 2.5
      vertex -12.936 73.484 13.6
    endloop
  endfacet
  facet normal 0.852647 -0.522487 0
    outer loop
      vertex -12.936 73.484 2.5
      vertex -13.2639 72.9489 13.6
      vertex -13.2639 72.9489 2.5
    endloop
  endfacet
  facet normal -0.649492 -0.760369 0
    outer loop
      vertex -19.3284 72.4716 2.5
      vertex -18.8511 72.0639 13.6
      vertex -19.3284 72.4716 13.6
    endloop
  endfacet
  facet normal -0.649492 -0.760369 -0
    outer loop
      vertex -18.8511 72.0639 13.6
      vertex -19.3284 72.4716 2.5
      vertex -18.8511 72.0639 2.5
    endloop
  endfacet
  facet normal -0.522487 -0.852647 0
    outer loop
      vertex -18.8511 72.0639 2.5
      vertex -18.316 71.736 13.6
      vertex -18.8511 72.0639 13.6
    endloop
  endfacet
  facet normal -0.522487 -0.852647 -0
    outer loop
      vertex -18.316 71.736 13.6
      vertex -18.8511 72.0639 2.5
      vertex -18.316 71.736 2.5
    endloop
  endfacet
  facet normal 0.97235 0.23353 0
    outer loop
      vertex -12.5492 75.9257 13.6
      vertex -12.6958 76.5361 2.5
      vertex -12.6958 76.5361 13.6
    endloop
  endfacet
  facet normal 0.97235 0.23353 0
    outer loop
      vertex -12.6958 76.5361 2.5
      vertex -12.5492 75.9257 13.6
      vertex -12.5492 75.9257 2.5
    endloop
  endfacet
  facet normal 0.852647 0.522487 0
    outer loop
      vertex -12.936 77.116 13.6
      vertex -13.2639 77.6511 2.5
      vertex -13.2639 77.6511 13.6
    endloop
  endfacet
  facet normal 0.852647 0.522487 0
    outer loop
      vertex -13.2639 77.6511 2.5
      vertex -12.936 77.116 13.6
      vertex -12.936 77.116 2.5
    endloop
  endfacet
  facet normal 0.23353 0.97235 -0
    outer loop
      vertex -15.2639 79.1042 2.5
      vertex -15.8743 79.2508 13.6
      vertex -15.2639 79.1042 13.6
    endloop
  endfacet
  facet normal 0.23353 0.97235 0
    outer loop
      vertex -15.8743 79.2508 13.6
      vertex -15.2639 79.1042 2.5
      vertex -15.8743 79.2508 2.5
    endloop
  endfacet
  facet normal -0.996923 0.07839 0
    outer loop
      vertex -20.5 75.3 2.5
      vertex -20.4508 75.9257 13.6
      vertex -20.4508 75.9257 2.5
    endloop
  endfacet
  facet normal -0.996923 0.07839 0
    outer loop
      vertex -20.4508 75.9257 13.6
      vertex -20.5 75.3 2.5
      vertex -20.5 75.3 13.6
    endloop
  endfacet
  facet normal -0.97235 0.23353 0
    outer loop
      vertex -20.4508 75.9257 2.5
      vertex -20.3042 76.5361 13.6
      vertex -20.3042 76.5361 2.5
    endloop
  endfacet
  facet normal -0.97235 0.23353 0
    outer loop
      vertex -20.3042 76.5361 13.6
      vertex -20.4508 75.9257 2.5
      vertex -20.4508 75.9257 13.6
    endloop
  endfacet
  facet normal -0.07839 0.996923 0
    outer loop
      vertex -16.5 79.3 2.5
      vertex -17.1257 79.2508 13.6
      vertex -16.5 79.3 13.6
    endloop
  endfacet
  facet normal -0.07839 0.996923 0
    outer loop
      vertex -17.1257 79.2508 13.6
      vertex -16.5 79.3 2.5
      vertex -17.1257 79.2508 2.5
    endloop
  endfacet
  facet normal -0.23353 0.97235 0
    outer loop
      vertex -17.1257 79.2508 2.5
      vertex -17.7361 79.1042 13.6
      vertex -17.1257 79.2508 13.6
    endloop
  endfacet
  facet normal -0.23353 0.97235 0
    outer loop
      vertex -17.7361 79.1042 13.6
      vertex -17.1257 79.2508 2.5
      vertex -17.7361 79.1042 2.5
    endloop
  endfacet
  facet normal 0.996923 -0.07839 0
    outer loop
      vertex -12.5492 74.6743 13.6
      vertex -12.5 75.3 2.5
      vertex -12.5 75.3 13.6
    endloop
  endfacet
  facet normal 0.996923 -0.07839 0
    outer loop
      vertex -12.5 75.3 2.5
      vertex -12.5492 74.6743 13.6
      vertex -12.5492 74.6743 2.5
    endloop
  endfacet
  facet normal 0.97235 -0.23353 0
    outer loop
      vertex -12.6958 74.0639 13.6
      vertex -12.5492 74.6743 2.5
      vertex -12.5492 74.6743 13.6
    endloop
  endfacet
  facet normal 0.97235 -0.23353 0
    outer loop
      vertex -12.5492 74.6743 2.5
      vertex -12.6958 74.0639 13.6
      vertex -12.6958 74.0639 2.5
    endloop
  endfacet
  facet normal 0.07839 -0.996923 0
    outer loop
      vertex -16.5 71.3 2.5
      vertex -15.8743 71.3492 13.6
      vertex -16.5 71.3 13.6
    endloop
  endfacet
  facet normal 0.07839 -0.996923 0
    outer loop
      vertex -15.8743 71.3492 13.6
      vertex -16.5 71.3 2.5
      vertex -15.8743 71.3492 2.5
    endloop
  endfacet
  facet normal 0.23353 -0.97235 0
    outer loop
      vertex -15.8743 71.3492 2.5
      vertex -15.2639 71.4958 13.6
      vertex -15.8743 71.3492 13.6
    endloop
  endfacet
  facet normal 0.23353 -0.97235 0
    outer loop
      vertex -15.2639 71.4958 13.6
      vertex -15.8743 71.3492 2.5
      vertex -15.2639 71.4958 2.5
    endloop
  endfacet
  facet normal 0.649492 -0.760369 0
    outer loop
      vertex -14.1489 72.0639 2.5
      vertex -13.6716 72.4716 13.6
      vertex -14.1489 72.0639 13.6
    endloop
  endfacet
  facet normal 0.649492 -0.760369 0
    outer loop
      vertex -13.6716 72.4716 13.6
      vertex -14.1489 72.0639 2.5
      vertex -13.6716 72.4716 2.5
    endloop
  endfacet
  facet normal 0.923881 -0.38268 0
    outer loop
      vertex -12.936 73.484 13.6
      vertex -12.6958 74.0639 2.5
      vertex -12.6958 74.0639 13.6
    endloop
  endfacet
  facet normal 0.923881 -0.38268 0
    outer loop
      vertex -12.6958 74.0639 2.5
      vertex -12.936 73.484 13.6
      vertex -12.936 73.484 2.5
    endloop
  endfacet
  facet normal -0.23353 -0.97235 0
    outer loop
      vertex -17.7361 71.4958 2.5
      vertex -17.1257 71.3492 13.6
      vertex -17.7361 71.4958 13.6
    endloop
  endfacet
  facet normal -0.23353 -0.97235 -0
    outer loop
      vertex -17.1257 71.3492 13.6
      vertex -17.7361 71.4958 2.5
      vertex -17.1257 71.3492 2.5
    endloop
  endfacet
  facet normal -0.07839 -0.996923 0
    outer loop
      vertex -17.1257 71.3492 2.5
      vertex -16.5 71.3 13.6
      vertex -17.1257 71.3492 13.6
    endloop
  endfacet
  facet normal -0.07839 -0.996923 -0
    outer loop
      vertex -16.5 71.3 13.6
      vertex -17.1257 71.3492 2.5
      vertex -16.5 71.3 2.5
    endloop
  endfacet
  facet normal -0.923881 -0.38268 0
    outer loop
      vertex -20.064 73.484 2.5
      vertex -20.3042 74.0639 13.6
      vertex -20.3042 74.0639 2.5
    endloop
  endfacet
  facet normal -0.923881 -0.38268 0
    outer loop
      vertex -20.3042 74.0639 13.6
      vertex -20.064 73.484 2.5
      vertex -20.064 73.484 13.6
    endloop
  endfacet
  facet normal -0.996923 -0.07839 0
    outer loop
      vertex -20.4508 74.6743 2.5
      vertex -20.5 75.3 13.6
      vertex -20.5 75.3 2.5
    endloop
  endfacet
  facet normal -0.996923 -0.07839 0
    outer loop
      vertex -20.5 75.3 13.6
      vertex -20.4508 74.6743 2.5
      vertex -20.4508 74.6743 13.6
    endloop
  endfacet
  facet normal -0.760369 -0.649492 0
    outer loop
      vertex -19.3284 72.4716 2.5
      vertex -19.7361 72.9489 13.6
      vertex -19.7361 72.9489 2.5
    endloop
  endfacet
  facet normal -0.760369 -0.649492 0
    outer loop
      vertex -19.7361 72.9489 13.6
      vertex -19.3284 72.4716 2.5
      vertex -19.3284 72.4716 13.6
    endloop
  endfacet
  facet normal -0.97235 -0.23353 0
    outer loop
      vertex -20.3042 74.0639 2.5
      vertex -20.4508 74.6743 13.6
      vertex -20.4508 74.6743 2.5
    endloop
  endfacet
  facet normal -0.97235 -0.23353 0
    outer loop
      vertex -20.4508 74.6743 13.6
      vertex -20.3042 74.0639 2.5
      vertex -20.3042 74.0639 13.6
    endloop
  endfacet
  facet normal 0.972385 -0.233384 0
    outer loop
      vertex -18.5741 75.6285 13.6
      vertex -18.4972 75.9489 2.5
      vertex -18.4972 75.9489 13.6
    endloop
  endfacet
  facet normal 0.972385 -0.233384 0
    outer loop
      vertex -18.4972 75.9489 2.5
      vertex -18.5741 75.6285 13.6
      vertex -18.5741 75.6285 2.5
    endloop
  endfacet
  facet normal -0.760455 -0.649391 0
    outer loop
      vertex -14.8011 76.5343 2.5
      vertex -15.0151 76.7849 13.6
      vertex -15.0151 76.7849 2.5
    endloop
  endfacet
  facet normal -0.760455 -0.649391 0
    outer loop
      vertex -15.0151 76.7849 13.6
      vertex -14.8011 76.5343 2.5
      vertex -14.8011 76.5343 13.6
    endloop
  endfacet
  facet normal -0.233384 -0.972385 0
    outer loop
      vertex -16.1715 77.3741 2.5
      vertex -15.8511 77.2972 13.6
      vertex -16.1715 77.3741 13.6
    endloop
  endfacet
  facet normal -0.233384 -0.972385 -0
    outer loop
      vertex -15.8511 77.2972 13.6
      vertex -16.1715 77.3741 2.5
      vertex -15.8511 77.2972 2.5
    endloop
  endfacet
  facet normal 0.52264 -0.852553 0
    outer loop
      vertex -17.7343 76.9989 2.5
      vertex -17.4534 77.1711 13.6
      vertex -17.7343 76.9989 13.6
    endloop
  endfacet
  facet normal 0.52264 -0.852553 0
    outer loop
      vertex -17.4534 77.1711 13.6
      vertex -17.7343 76.9989 2.5
      vertex -17.4534 77.1711 2.5
    endloop
  endfacet
  facet normal 0.92391 -0.382611 0
    outer loop
      vertex -18.4972 75.9489 13.6
      vertex -18.3711 76.2534 2.5
      vertex -18.3711 76.2534 13.6
    endloop
  endfacet
  facet normal 0.92391 -0.382611 0
    outer loop
      vertex -18.3711 76.2534 2.5
      vertex -18.4972 75.9489 13.6
      vertex -18.4972 75.9489 2.5
    endloop
  endfacet
  facet normal -0.996906 0.0785993 0
    outer loop
      vertex -14.4259 74.9715 2.5
      vertex -14.4 75.3 13.6
      vertex -14.4 75.3 2.5
    endloop
  endfacet
  facet normal -0.996906 0.0785993 0
    outer loop
      vertex -14.4 75.3 13.6
      vertex -14.4259 74.9715 2.5
      vertex -14.4259 74.9715 13.6
    endloop
  endfacet
  facet normal -0.52264 0.852553 0
    outer loop
      vertex -15.2657 73.6011 2.5
      vertex -15.5466 73.4289 13.6
      vertex -15.2657 73.6011 13.6
    endloop
  endfacet
  facet normal -0.52264 0.852553 0
    outer loop
      vertex -15.5466 73.4289 13.6
      vertex -15.2657 73.6011 2.5
      vertex -15.5466 73.4289 2.5
    endloop
  endfacet
  facet normal -0.649391 -0.760455 0
    outer loop
      vertex -15.2657 76.9989 2.5
      vertex -15.0151 76.7849 13.6
      vertex -15.2657 76.9989 13.6
    endloop
  endfacet
  facet normal -0.649391 -0.760455 -0
    outer loop
      vertex -15.0151 76.7849 13.6
      vertex -15.2657 76.9989 2.5
      vertex -15.0151 76.7849 2.5
    endloop
  endfacet
  facet normal 0.0785993 -0.996906 0
    outer loop
      vertex -16.8285 77.3741 2.5
      vertex -16.5 77.4 13.6
      vertex -16.8285 77.3741 13.6
    endloop
  endfacet
  facet normal 0.0785993 -0.996906 0
    outer loop
      vertex -16.5 77.4 13.6
      vertex -16.8285 77.3741 2.5
      vertex -16.5 77.4 2.5
    endloop
  endfacet
  facet normal -0.382611 -0.92391 0
    outer loop
      vertex -15.8511 77.2972 2.5
      vertex -15.5466 77.1711 13.6
      vertex -15.8511 77.2972 13.6
    endloop
  endfacet
  facet normal -0.382611 -0.92391 -0
    outer loop
      vertex -15.5466 77.1711 13.6
      vertex -15.8511 77.2972 2.5
      vertex -15.5466 77.1711 2.5
    endloop
  endfacet
  facet normal 0.996906 -0.0785993 0
    outer loop
      vertex -18.6 75.3 13.6
      vertex -18.5741 75.6285 2.5
      vertex -18.5741 75.6285 13.6
    endloop
  endfacet
  facet normal 0.996906 -0.0785993 0
    outer loop
      vertex -18.5741 75.6285 2.5
      vertex -18.6 75.3 13.6
      vertex -18.6 75.3 2.5
    endloop
  endfacet
  facet normal 0.852553 -0.52264 0
    outer loop
      vertex -18.3711 76.2534 13.6
      vertex -18.1989 76.5343 2.5
      vertex -18.1989 76.5343 13.6
    endloop
  endfacet
  facet normal 0.852553 -0.52264 0
    outer loop
      vertex -18.1989 76.5343 2.5
      vertex -18.3711 76.2534 13.6
      vertex -18.3711 76.2534 2.5
    endloop
  endfacet
  facet normal 0.649391 -0.760455 0
    outer loop
      vertex -17.9849 76.7849 2.5
      vertex -17.7343 76.9989 13.6
      vertex -17.9849 76.7849 13.6
    endloop
  endfacet
  facet normal 0.649391 -0.760455 0
    outer loop
      vertex -17.7343 76.9989 13.6
      vertex -17.9849 76.7849 2.5
      vertex -17.7343 76.9989 2.5
    endloop
  endfacet
  facet normal 0.233384 -0.972385 0
    outer loop
      vertex -17.1489 77.2972 2.5
      vertex -16.8285 77.3741 13.6
      vertex -17.1489 77.2972 13.6
    endloop
  endfacet
  facet normal 0.233384 -0.972385 0
    outer loop
      vertex -16.8285 77.3741 13.6
      vertex -17.1489 77.2972 2.5
      vertex -16.8285 77.3741 2.5
    endloop
  endfacet
  facet normal 0.760455 -0.649391 0
    outer loop
      vertex -18.1989 76.5343 13.6
      vertex -17.9849 76.7849 2.5
      vertex -17.9849 76.7849 13.6
    endloop
  endfacet
  facet normal 0.760455 -0.649391 0
    outer loop
      vertex -17.9849 76.7849 2.5
      vertex -18.1989 76.5343 13.6
      vertex -18.1989 76.5343 2.5
    endloop
  endfacet
  facet normal -0.996906 -0.0785993 0
    outer loop
      vertex -14.4 75.3 2.5
      vertex -14.4259 75.6285 13.6
      vertex -14.4259 75.6285 2.5
    endloop
  endfacet
  facet normal -0.996906 -0.0785993 0
    outer loop
      vertex -14.4259 75.6285 13.6
      vertex -14.4 75.3 2.5
      vertex -14.4 75.3 13.6
    endloop
  endfacet
  facet normal -0.649391 0.760455 0
    outer loop
      vertex -15.0151 73.8151 2.5
      vertex -15.2657 73.6011 13.6
      vertex -15.0151 73.8151 13.6
    endloop
  endfacet
  facet normal -0.649391 0.760455 0
    outer loop
      vertex -15.2657 73.6011 13.6
      vertex -15.0151 73.8151 2.5
      vertex -15.2657 73.6011 2.5
    endloop
  endfacet
  facet normal -0.972385 0.233384 0
    outer loop
      vertex -14.5028 74.6511 2.5
      vertex -14.4259 74.9715 13.6
      vertex -14.4259 74.9715 2.5
    endloop
  endfacet
  facet normal -0.972385 0.233384 0
    outer loop
      vertex -14.4259 74.9715 13.6
      vertex -14.5028 74.6511 2.5
      vertex -14.5028 74.6511 13.6
    endloop
  endfacet
  facet normal 0.0785993 0.996906 -0
    outer loop
      vertex -16.5 73.2 2.5
      vertex -16.8285 73.2259 13.6
      vertex -16.5 73.2 13.6
    endloop
  endfacet
  facet normal 0.0785993 0.996906 0
    outer loop
      vertex -16.8285 73.2259 13.6
      vertex -16.5 73.2 2.5
      vertex -16.8285 73.2259 2.5
    endloop
  endfacet
  facet normal -0.382611 0.92391 0
    outer loop
      vertex -15.5466 73.4289 2.5
      vertex -15.8511 73.3028 13.6
      vertex -15.5466 73.4289 13.6
    endloop
  endfacet
  facet normal -0.382611 0.92391 0
    outer loop
      vertex -15.8511 73.3028 13.6
      vertex -15.5466 73.4289 2.5
      vertex -15.8511 73.3028 2.5
    endloop
  endfacet
  facet normal -0.0785993 -0.996906 0
    outer loop
      vertex -16.5 77.4 2.5
      vertex -16.1715 77.3741 13.6
      vertex -16.5 77.4 13.6
    endloop
  endfacet
  facet normal -0.0785993 -0.996906 -0
    outer loop
      vertex -16.1715 77.3741 13.6
      vertex -16.5 77.4 2.5
      vertex -16.1715 77.3741 2.5
    endloop
  endfacet
  facet normal -0.52264 -0.852553 0
    outer loop
      vertex -15.5466 77.1711 2.5
      vertex -15.2657 76.9989 13.6
      vertex -15.5466 77.1711 13.6
    endloop
  endfacet
  facet normal -0.52264 -0.852553 -0
    outer loop
      vertex -15.2657 76.9989 13.6
      vertex -15.5466 77.1711 2.5
      vertex -15.2657 76.9989 2.5
    endloop
  endfacet
  facet normal 0.382611 -0.92391 0
    outer loop
      vertex -17.4534 77.1711 2.5
      vertex -17.1489 77.2972 13.6
      vertex -17.4534 77.1711 13.6
    endloop
  endfacet
  facet normal 0.382611 -0.92391 0
    outer loop
      vertex -17.1489 77.2972 13.6
      vertex -17.4534 77.1711 2.5
      vertex -17.1489 77.2972 2.5
    endloop
  endfacet
  facet normal -0.852553 0.52264 0
    outer loop
      vertex -14.8011 74.0657 2.5
      vertex -14.6289 74.3466 13.6
      vertex -14.6289 74.3466 2.5
    endloop
  endfacet
  facet normal -0.852553 0.52264 0
    outer loop
      vertex -14.6289 74.3466 13.6
      vertex -14.8011 74.0657 2.5
      vertex -14.8011 74.0657 13.6
    endloop
  endfacet
  facet normal -0.92391 0.382611 0
    outer loop
      vertex -14.6289 74.3466 2.5
      vertex -14.5028 74.6511 13.6
      vertex -14.5028 74.6511 2.5
    endloop
  endfacet
  facet normal -0.92391 0.382611 0
    outer loop
      vertex -14.5028 74.6511 13.6
      vertex -14.6289 74.3466 2.5
      vertex -14.6289 74.3466 13.6
    endloop
  endfacet
  facet normal 0.996906 0.0785993 0
    outer loop
      vertex -18.5741 74.9715 13.6
      vertex -18.6 75.3 2.5
      vertex -18.6 75.3 13.6
    endloop
  endfacet
  facet normal 0.996906 0.0785993 0
    outer loop
      vertex -18.6 75.3 2.5
      vertex -18.5741 74.9715 13.6
      vertex -18.5741 74.9715 2.5
    endloop
  endfacet
  facet normal -0.233384 0.972385 0
    outer loop
      vertex -15.8511 73.3028 2.5
      vertex -16.1715 73.2259 13.6
      vertex -15.8511 73.3028 13.6
    endloop
  endfacet
  facet normal -0.233384 0.972385 0
    outer loop
      vertex -16.1715 73.2259 13.6
      vertex -15.8511 73.3028 2.5
      vertex -16.1715 73.2259 2.5
    endloop
  endfacet
  facet normal -0.852553 -0.52264 0
    outer loop
      vertex -14.6289 76.2534 2.5
      vertex -14.8011 76.5343 13.6
      vertex -14.8011 76.5343 2.5
    endloop
  endfacet
  facet normal -0.852553 -0.52264 0
    outer loop
      vertex -14.8011 76.5343 13.6
      vertex -14.6289 76.2534 2.5
      vertex -14.6289 76.2534 13.6
    endloop
  endfacet
  facet normal -0.92391 -0.382611 0
    outer loop
      vertex -14.5028 75.9489 2.5
      vertex -14.6289 76.2534 13.6
      vertex -14.6289 76.2534 2.5
    endloop
  endfacet
  facet normal -0.92391 -0.382611 0
    outer loop
      vertex -14.6289 76.2534 13.6
      vertex -14.5028 75.9489 2.5
      vertex -14.5028 75.9489 13.6
    endloop
  endfacet
  facet normal -0.972385 -0.233384 0
    outer loop
      vertex -14.4259 75.6285 2.5
      vertex -14.5028 75.9489 13.6
      vertex -14.5028 75.9489 2.5
    endloop
  endfacet
  facet normal -0.972385 -0.233384 0
    outer loop
      vertex -14.5028 75.9489 13.6
      vertex -14.4259 75.6285 2.5
      vertex -14.4259 75.6285 13.6
    endloop
  endfacet
  facet normal -0.0785993 0.996906 0
    outer loop
      vertex -16.1715 73.2259 2.5
      vertex -16.5 73.2 13.6
      vertex -16.1715 73.2259 13.6
    endloop
  endfacet
  facet normal -0.0785993 0.996906 0
    outer loop
      vertex -16.5 73.2 13.6
      vertex -16.1715 73.2259 2.5
      vertex -16.5 73.2 2.5
    endloop
  endfacet
  facet normal 0.52264 0.852553 -0
    outer loop
      vertex -17.4534 73.4289 2.5
      vertex -17.7343 73.6011 13.6
      vertex -17.4534 73.4289 13.6
    endloop
  endfacet
  facet normal 0.52264 0.852553 0
    outer loop
      vertex -17.7343 73.6011 13.6
      vertex -17.4534 73.4289 2.5
      vertex -17.7343 73.6011 2.5
    endloop
  endfacet
  facet normal 0.92391 0.382611 0
    outer loop
      vertex -18.3711 74.3466 13.6
      vertex -18.4972 74.6511 2.5
      vertex -18.4972 74.6511 13.6
    endloop
  endfacet
  facet normal 0.92391 0.382611 0
    outer loop
      vertex -18.4972 74.6511 2.5
      vertex -18.3711 74.3466 13.6
      vertex -18.3711 74.3466 2.5
    endloop
  endfacet
  facet normal 0.972385 0.233384 0
    outer loop
      vertex -18.4972 74.6511 13.6
      vertex -18.5741 74.9715 2.5
      vertex -18.5741 74.9715 13.6
    endloop
  endfacet
  facet normal 0.972385 0.233384 0
    outer loop
      vertex -18.5741 74.9715 2.5
      vertex -18.4972 74.6511 13.6
      vertex -18.4972 74.6511 2.5
    endloop
  endfacet
  facet normal -0.760455 0.649391 0
    outer loop
      vertex -15.0151 73.8151 2.5
      vertex -14.8011 74.0657 13.6
      vertex -14.8011 74.0657 2.5
    endloop
  endfacet
  facet normal -0.760455 0.649391 0
    outer loop
      vertex -14.8011 74.0657 13.6
      vertex -15.0151 73.8151 2.5
      vertex -15.0151 73.8151 13.6
    endloop
  endfacet
  facet normal 0.233384 0.972385 -0
    outer loop
      vertex -16.8285 73.2259 2.5
      vertex -17.1489 73.3028 13.6
      vertex -16.8285 73.2259 13.6
    endloop
  endfacet
  facet normal 0.233384 0.972385 0
    outer loop
      vertex -17.1489 73.3028 13.6
      vertex -16.8285 73.2259 2.5
      vertex -17.1489 73.3028 2.5
    endloop
  endfacet
  facet normal 0.382611 0.92391 -0
    outer loop
      vertex -17.1489 73.3028 2.5
      vertex -17.4534 73.4289 13.6
      vertex -17.1489 73.3028 13.6
    endloop
  endfacet
  facet normal 0.382611 0.92391 0
    outer loop
      vertex -17.4534 73.4289 13.6
      vertex -17.1489 73.3028 2.5
      vertex -17.4534 73.4289 2.5
    endloop
  endfacet
  facet normal 0.649391 0.760455 -0
    outer loop
      vertex -17.7343 73.6011 2.5
      vertex -17.9849 73.8151 13.6
      vertex -17.7343 73.6011 13.6
    endloop
  endfacet
  facet normal 0.649391 0.760455 0
    outer loop
      vertex -17.9849 73.8151 13.6
      vertex -17.7343 73.6011 2.5
      vertex -17.9849 73.8151 2.5
    endloop
  endfacet
  facet normal 0.760455 0.649391 0
    outer loop
      vertex -17.9849 73.8151 13.6
      vertex -18.1989 74.0657 2.5
      vertex -18.1989 74.0657 13.6
    endloop
  endfacet
  facet normal 0.760455 0.649391 0
    outer loop
      vertex -18.1989 74.0657 2.5
      vertex -17.9849 73.8151 13.6
      vertex -17.9849 73.8151 2.5
    endloop
  endfacet
  facet normal 0.852553 0.52264 0
    outer loop
      vertex -18.1989 74.0657 13.6
      vertex -18.3711 74.3466 2.5
      vertex -18.3711 74.3466 13.6
    endloop
  endfacet
  facet normal 0.852553 0.52264 0
    outer loop
      vertex -18.3711 74.3466 2.5
      vertex -18.1989 74.0657 13.6
      vertex -18.1989 74.0657 2.5
    endloop
  endfacet
  facet normal 0.522558 0.852604 -0
    outer loop
      vertex -215.149 78.5361 2.5
      vertex -215.684 78.864 13.6
      vertex -215.149 78.5361 13.6
    endloop
  endfacet
  facet normal 0.522558 0.852604 0
    outer loop
      vertex -215.684 78.864 13.6
      vertex -215.149 78.5361 2.5
      vertex -215.684 78.864 2.5
    endloop
  endfacet
  facet normal -0.923994 0.382408 0
    outer loop
      vertex -221.304 76.5361 2.5
      vertex -221.064 77.116 13.6
      vertex -221.064 77.116 2.5
    endloop
  endfacet
  facet normal -0.923994 0.382408 0
    outer loop
      vertex -221.064 77.116 13.6
      vertex -221.304 76.5361 2.5
      vertex -221.304 76.5361 13.6
    endloop
  endfacet
  facet normal -0.382624 -0.923904 0
    outer loop
      vertex -219.316 71.736 2.5
      vertex -218.736 71.4958 13.6
      vertex -219.316 71.736 13.6
    endloop
  endfacet
  facet normal -0.382624 -0.923904 -0
    outer loop
      vertex -218.736 71.4958 13.6
      vertex -219.316 71.736 2.5
      vertex -218.736 71.4958 2.5
    endloop
  endfacet
  facet normal -0.382624 0.923904 0
    outer loop
      vertex -218.736 79.1042 2.5
      vertex -219.316 78.864 13.6
      vertex -218.736 79.1042 13.6
    endloop
  endfacet
  facet normal -0.382624 0.923904 0
    outer loop
      vertex -219.316 78.864 13.6
      vertex -218.736 79.1042 2.5
      vertex -219.316 78.864 2.5
    endloop
  endfacet
  facet normal -0.852576 0.522603 0
    outer loop
      vertex -221.064 77.116 2.5
      vertex -220.736 77.6511 13.6
      vertex -220.736 77.6511 2.5
    endloop
  endfacet
  facet normal -0.852576 0.522603 0
    outer loop
      vertex -220.736 77.6511 13.6
      vertex -221.064 77.116 2.5
      vertex -221.064 77.116 13.6
    endloop
  endfacet
  facet normal -0.852576 -0.522603 0
    outer loop
      vertex -220.736 72.9489 2.5
      vertex -221.064 73.484 13.6
      vertex -221.064 73.484 2.5
    endloop
  endfacet
  facet normal -0.852576 -0.522603 0
    outer loop
      vertex -221.064 73.484 13.6
      vertex -220.736 72.9489 2.5
      vertex -220.736 72.9489 13.6
    endloop
  endfacet
  facet normal 0.923994 0.382408 0
    outer loop
      vertex -213.696 76.5361 13.6
      vertex -213.936 77.116 2.5
      vertex -213.936 77.116 13.6
    endloop
  endfacet
  facet normal 0.923994 0.382408 0
    outer loop
      vertex -213.936 77.116 2.5
      vertex -213.696 76.5361 13.6
      vertex -213.696 76.5361 2.5
    endloop
  endfacet
  facet normal 0.760133 0.649768 0
    outer loop
      vertex -214.264 77.6511 13.6
      vertex -214.672 78.1284 2.5
      vertex -214.672 78.1284 13.6
    endloop
  endfacet
  facet normal 0.760133 0.649768 0
    outer loop
      vertex -214.672 78.1284 2.5
      vertex -214.264 77.6511 13.6
      vertex -214.264 77.6511 2.5
    endloop
  endfacet
  facet normal 0.649728 0.760167 -0
    outer loop
      vertex -214.672 78.1284 2.5
      vertex -215.149 78.5361 13.6
      vertex -214.672 78.1284 13.6
    endloop
  endfacet
  facet normal 0.649728 0.760167 0
    outer loop
      vertex -215.149 78.5361 13.6
      vertex -214.672 78.1284 2.5
      vertex -215.149 78.5361 2.5
    endloop
  endfacet
  facet normal 0.382624 0.923904 -0
    outer loop
      vertex -215.684 78.864 2.5
      vertex -216.264 79.1042 13.6
      vertex -215.684 78.864 13.6
    endloop
  endfacet
  facet normal 0.382624 0.923904 0
    outer loop
      vertex -216.264 79.1042 13.6
      vertex -215.684 78.864 2.5
      vertex -216.264 79.1042 2.5
    endloop
  endfacet
  facet normal 0.0783526 0.996926 -0
    outer loop
      vertex -216.874 79.2508 2.5
      vertex -217.5 79.3 13.6
      vertex -216.874 79.2508 13.6
    endloop
  endfacet
  facet normal 0.0783526 0.996926 0
    outer loop
      vertex -217.5 79.3 13.6
      vertex -216.874 79.2508 2.5
      vertex -217.5 79.3 2.5
    endloop
  endfacet
  facet normal -0.760133 0.649768 0
    outer loop
      vertex -220.736 77.6511 2.5
      vertex -220.328 78.1284 13.6
      vertex -220.328 78.1284 2.5
    endloop
  endfacet
  facet normal -0.760133 0.649768 0
    outer loop
      vertex -220.328 78.1284 13.6
      vertex -220.736 77.6511 2.5
      vertex -220.736 77.6511 13.6
    endloop
  endfacet
  facet normal -0.522558 0.852604 0
    outer loop
      vertex -219.316 78.864 2.5
      vertex -219.851 78.5361 13.6
      vertex -219.316 78.864 13.6
    endloop
  endfacet
  facet normal -0.522558 0.852604 0
    outer loop
      vertex -219.851 78.5361 13.6
      vertex -219.316 78.864 2.5
      vertex -219.851 78.5361 2.5
    endloop
  endfacet
  facet normal -0.649728 0.760167 0
    outer loop
      vertex -219.851 78.5361 2.5
      vertex -220.328 78.1284 13.6
      vertex -219.851 78.5361 13.6
    endloop
  endfacet
  facet normal -0.649728 0.760167 0
    outer loop
      vertex -220.328 78.1284 13.6
      vertex -219.851 78.5361 2.5
      vertex -220.328 78.1284 2.5
    endloop
  endfacet
  facet normal 0.996948 0.0780733 0
    outer loop
      vertex -213.5 75.3 13.6
      vertex -213.549 75.9257 2.5
      vertex -213.549 75.9257 13.6
    endloop
  endfacet
  facet normal 0.996948 0.0780733 0
    outer loop
      vertex -213.549 75.9257 2.5
      vertex -213.5 75.3 13.6
      vertex -213.5 75.3 2.5
    endloop
  endfacet
  facet normal 0.382624 -0.923904 0
    outer loop
      vertex -216.264 71.4958 2.5
      vertex -215.684 71.736 13.6
      vertex -216.264 71.4958 13.6
    endloop
  endfacet
  facet normal 0.382624 -0.923904 0
    outer loop
      vertex -215.684 71.736 13.6
      vertex -216.264 71.4958 2.5
      vertex -215.684 71.736 2.5
    endloop
  endfacet
  facet normal 0.760133 -0.649768 0
    outer loop
      vertex -214.672 72.4716 13.6
      vertex -214.264 72.9489 2.5
      vertex -214.264 72.9489 13.6
    endloop
  endfacet
  facet normal 0.760133 -0.649768 0
    outer loop
      vertex -214.264 72.9489 2.5
      vertex -214.672 72.4716 13.6
      vertex -214.672 72.4716 2.5
    endloop
  endfacet
  facet normal 0.522558 -0.852604 0
    outer loop
      vertex -215.684 71.736 2.5
      vertex -215.149 72.0639 13.6
      vertex -215.684 71.736 13.6
    endloop
  endfacet
  facet normal 0.522558 -0.852604 0
    outer loop
      vertex -215.149 72.0639 13.6
      vertex -215.684 71.736 2.5
      vertex -215.149 72.0639 2.5
    endloop
  endfacet
  facet normal 0.852576 -0.522603 0
    outer loop
      vertex -214.264 72.9489 13.6
      vertex -213.936 73.484 2.5
      vertex -213.936 73.484 13.6
    endloop
  endfacet
  facet normal 0.852576 -0.522603 0
    outer loop
      vertex -213.936 73.484 2.5
      vertex -214.264 72.9489 13.6
      vertex -214.264 72.9489 2.5
    endloop
  endfacet
  facet normal -0.649728 -0.760167 0
    outer loop
      vertex -220.328 72.4716 2.5
      vertex -219.851 72.0639 13.6
      vertex -220.328 72.4716 13.6
    endloop
  endfacet
  facet normal -0.649728 -0.760167 -0
    outer loop
      vertex -219.851 72.0639 13.6
      vertex -220.328 72.4716 2.5
      vertex -219.851 72.0639 2.5
    endloop
  endfacet
  facet normal -0.522558 -0.852604 0
    outer loop
      vertex -219.851 72.0639 2.5
      vertex -219.316 71.736 13.6
      vertex -219.851 72.0639 13.6
    endloop
  endfacet
  facet normal -0.522558 -0.852604 -0
    outer loop
      vertex -219.316 71.736 13.6
      vertex -219.851 72.0639 2.5
      vertex -219.316 71.736 2.5
    endloop
  endfacet
  facet normal 0.972205 0.234132 0
    outer loop
      vertex -213.549 75.9257 13.6
      vertex -213.696 76.5361 2.5
      vertex -213.696 76.5361 13.6
    endloop
  endfacet
  facet normal 0.972205 0.234132 0
    outer loop
      vertex -213.696 76.5361 2.5
      vertex -213.549 75.9257 13.6
      vertex -213.549 75.9257 2.5
    endloop
  endfacet
  facet normal 0.852576 0.522603 0
    outer loop
      vertex -213.936 77.116 13.6
      vertex -214.264 77.6511 2.5
      vertex -214.264 77.6511 13.6
    endloop
  endfacet
  facet normal 0.852576 0.522603 0
    outer loop
      vertex -214.264 77.6511 2.5
      vertex -213.936 77.116 13.6
      vertex -213.936 77.116 2.5
    endloop
  endfacet
  facet normal 0.233674 0.972315 -0
    outer loop
      vertex -216.264 79.1042 2.5
      vertex -216.874 79.2508 13.6
      vertex -216.264 79.1042 13.6
    endloop
  endfacet
  facet normal 0.233674 0.972315 0
    outer loop
      vertex -216.874 79.2508 13.6
      vertex -216.264 79.1042 2.5
      vertex -216.874 79.2508 2.5
    endloop
  endfacet
  facet normal -0.996948 0.0780733 0
    outer loop
      vertex -221.5 75.3 2.5
      vertex -221.451 75.9257 13.6
      vertex -221.451 75.9257 2.5
    endloop
  endfacet
  facet normal -0.996948 0.0780733 0
    outer loop
      vertex -221.451 75.9257 13.6
      vertex -221.5 75.3 2.5
      vertex -221.5 75.3 13.6
    endloop
  endfacet
  facet normal -0.972205 0.234132 0
    outer loop
      vertex -221.451 75.9257 2.5
      vertex -221.304 76.5361 13.6
      vertex -221.304 76.5361 2.5
    endloop
  endfacet
  facet normal -0.972205 0.234132 0
    outer loop
      vertex -221.304 76.5361 13.6
      vertex -221.451 75.9257 2.5
      vertex -221.451 75.9257 13.6
    endloop
  endfacet
  facet normal -0.0783526 0.996926 0
    outer loop
      vertex -217.5 79.3 2.5
      vertex -218.126 79.2508 13.6
      vertex -217.5 79.3 13.6
    endloop
  endfacet
  facet normal -0.0783526 0.996926 0
    outer loop
      vertex -218.126 79.2508 13.6
      vertex -217.5 79.3 2.5
      vertex -218.126 79.2508 2.5
    endloop
  endfacet
  facet normal -0.233674 0.972315 0
    outer loop
      vertex -218.126 79.2508 2.5
      vertex -218.736 79.1042 13.6
      vertex -218.126 79.2508 13.6
    endloop
  endfacet
  facet normal -0.233674 0.972315 0
    outer loop
      vertex -218.736 79.1042 13.6
      vertex -218.126 79.2508 2.5
      vertex -218.736 79.1042 2.5
    endloop
  endfacet
  facet normal 0.996948 -0.0780733 0
    outer loop
      vertex -213.549 74.6743 13.6
      vertex -213.5 75.3 2.5
      vertex -213.5 75.3 13.6
    endloop
  endfacet
  facet normal 0.996948 -0.0780733 0
    outer loop
      vertex -213.5 75.3 2.5
      vertex -213.549 74.6743 13.6
      vertex -213.549 74.6743 2.5
    endloop
  endfacet
  facet normal 0.972205 -0.234132 0
    outer loop
      vertex -213.696 74.0639 13.6
      vertex -213.549 74.6743 2.5
      vertex -213.549 74.6743 13.6
    endloop
  endfacet
  facet normal 0.972205 -0.234132 0
    outer loop
      vertex -213.549 74.6743 2.5
      vertex -213.696 74.0639 13.6
      vertex -213.696 74.0639 2.5
    endloop
  endfacet
  facet normal 0.0783526 -0.996926 0
    outer loop
      vertex -217.5 71.3 2.5
      vertex -216.874 71.3492 13.6
      vertex -217.5 71.3 13.6
    endloop
  endfacet
  facet normal 0.0783526 -0.996926 0
    outer loop
      vertex -216.874 71.3492 13.6
      vertex -217.5 71.3 2.5
      vertex -216.874 71.3492 2.5
    endloop
  endfacet
  facet normal 0.233674 -0.972315 0
    outer loop
      vertex -216.874 71.3492 2.5
      vertex -216.264 71.4958 13.6
      vertex -216.874 71.3492 13.6
    endloop
  endfacet
  facet normal 0.233674 -0.972315 0
    outer loop
      vertex -216.264 71.4958 13.6
      vertex -216.874 71.3492 2.5
      vertex -216.264 71.4958 2.5
    endloop
  endfacet
  facet normal 0.649728 -0.760167 0
    outer loop
      vertex -215.149 72.0639 2.5
      vertex -214.672 72.4716 13.6
      vertex -215.149 72.0639 13.6
    endloop
  endfacet
  facet normal 0.649728 -0.760167 0
    outer loop
      vertex -214.672 72.4716 13.6
      vertex -215.149 72.0639 2.5
      vertex -214.672 72.4716 2.5
    endloop
  endfacet
  facet normal 0.923994 -0.382408 0
    outer loop
      vertex -213.936 73.484 13.6
      vertex -213.696 74.0639 2.5
      vertex -213.696 74.0639 13.6
    endloop
  endfacet
  facet normal 0.923994 -0.382408 0
    outer loop
      vertex -213.696 74.0639 2.5
      vertex -213.936 73.484 13.6
      vertex -213.936 73.484 2.5
    endloop
  endfacet
  facet normal -0.233674 -0.972315 0
    outer loop
      vertex -218.736 71.4958 2.5
      vertex -218.126 71.3492 13.6
      vertex -218.736 71.4958 13.6
    endloop
  endfacet
  facet normal -0.233674 -0.972315 -0
    outer loop
      vertex -218.126 71.3492 13.6
      vertex -218.736 71.4958 2.5
      vertex -218.126 71.3492 2.5
    endloop
  endfacet
  facet normal -0.0783526 -0.996926 0
    outer loop
      vertex -218.126 71.3492 2.5
      vertex -217.5 71.3 13.6
      vertex -218.126 71.3492 13.6
    endloop
  endfacet
  facet normal -0.0783526 -0.996926 -0
    outer loop
      vertex -217.5 71.3 13.6
      vertex -218.126 71.3492 2.5
      vertex -217.5 71.3 2.5
    endloop
  endfacet
  facet normal -0.923994 -0.382408 0
    outer loop
      vertex -221.064 73.484 2.5
      vertex -221.304 74.0639 13.6
      vertex -221.304 74.0639 2.5
    endloop
  endfacet
  facet normal -0.923994 -0.382408 0
    outer loop
      vertex -221.304 74.0639 13.6
      vertex -221.064 73.484 2.5
      vertex -221.064 73.484 13.6
    endloop
  endfacet
  facet normal -0.996948 -0.0780733 0
    outer loop
      vertex -221.451 74.6743 2.5
      vertex -221.5 75.3 13.6
      vertex -221.5 75.3 2.5
    endloop
  endfacet
  facet normal -0.996948 -0.0780733 0
    outer loop
      vertex -221.5 75.3 13.6
      vertex -221.451 74.6743 2.5
      vertex -221.451 74.6743 13.6
    endloop
  endfacet
  facet normal -0.760133 -0.649768 0
    outer loop
      vertex -220.328 72.4716 2.5
      vertex -220.736 72.9489 13.6
      vertex -220.736 72.9489 2.5
    endloop
  endfacet
  facet normal -0.760133 -0.649768 0
    outer loop
      vertex -220.736 72.9489 13.6
      vertex -220.328 72.4716 2.5
      vertex -220.328 72.4716 13.6
    endloop
  endfacet
  facet normal -0.972205 -0.234132 0
    outer loop
      vertex -221.304 74.0639 2.5
      vertex -221.451 74.6743 13.6
      vertex -221.451 74.6743 2.5
    endloop
  endfacet
  facet normal -0.972205 -0.234132 0
    outer loop
      vertex -221.451 74.6743 13.6
      vertex -221.304 74.0639 2.5
      vertex -221.304 74.0639 13.6
    endloop
  endfacet
  facet normal 0.972316 -0.233671 0
    outer loop
      vertex -219.574 75.6285 13.6
      vertex -219.497 75.9489 2.5
      vertex -219.497 75.9489 13.6
    endloop
  endfacet
  facet normal 0.972316 -0.233671 0
    outer loop
      vertex -219.497 75.9489 2.5
      vertex -219.574 75.6285 13.6
      vertex -219.574 75.6285 2.5
    endloop
  endfacet
  facet normal -0.760455 -0.649391 0
    outer loop
      vertex -215.801 76.5343 2.5
      vertex -216.015 76.7849 13.6
      vertex -216.015 76.7849 2.5
    endloop
  endfacet
  facet normal -0.760455 -0.649391 0
    outer loop
      vertex -216.015 76.7849 13.6
      vertex -215.801 76.5343 2.5
      vertex -215.801 76.5343 13.6
    endloop
  endfacet
  facet normal -0.23366 -0.972318 0
    outer loop
      vertex -217.171 77.3741 2.5
      vertex -216.851 77.2972 13.6
      vertex -217.171 77.3741 13.6
    endloop
  endfacet
  facet normal -0.23366 -0.972318 -0
    outer loop
      vertex -216.851 77.2972 13.6
      vertex -217.171 77.3741 2.5
      vertex -216.851 77.2972 2.5
    endloop
  endfacet
  facet normal 0.522505 -0.852636 0
    outer loop
      vertex -218.734 76.9989 2.5
      vertex -218.453 77.1711 13.6
      vertex -218.734 76.9989 13.6
    endloop
  endfacet
  facet normal 0.522505 -0.852636 0
    outer loop
      vertex -218.453 77.1711 13.6
      vertex -218.734 76.9989 2.5
      vertex -218.453 77.1711 2.5
    endloop
  endfacet
  facet normal 0.924017 -0.382352 0
    outer loop
      vertex -219.497 75.9489 13.6
      vertex -219.371 76.2534 2.5
      vertex -219.371 76.2534 13.6
    endloop
  endfacet
  facet normal 0.924017 -0.382352 0
    outer loop
      vertex -219.371 76.2534 2.5
      vertex -219.497 75.9489 13.6
      vertex -219.497 75.9489 2.5
    endloop
  endfacet
  facet normal -0.996882 0.0789009 0
    outer loop
      vertex -215.426 74.9715 2.5
      vertex -215.4 75.3 13.6
      vertex -215.4 75.3 2.5
    endloop
  endfacet
  facet normal -0.996882 0.0789009 0
    outer loop
      vertex -215.4 75.3 13.6
      vertex -215.426 74.9715 2.5
      vertex -215.426 74.9715 13.6
    endloop
  endfacet
  facet normal -0.522505 0.852636 0
    outer loop
      vertex -216.266 73.6011 2.5
      vertex -216.547 73.4289 13.6
      vertex -216.266 73.6011 13.6
    endloop
  endfacet
  facet normal -0.522505 0.852636 0
    outer loop
      vertex -216.547 73.4289 13.6
      vertex -216.266 73.6011 2.5
      vertex -216.547 73.4289 2.5
    endloop
  endfacet
  facet normal -0.648792 -0.760966 0
    outer loop
      vertex -216.266 76.9989 2.5
      vertex -216.015 76.7849 13.6
      vertex -216.266 76.9989 13.6
    endloop
  endfacet
  facet normal -0.648792 -0.760966 -0
    outer loop
      vertex -216.015 76.7849 13.6
      vertex -216.266 76.9989 2.5
      vertex -216.015 76.7849 2.5
    endloop
  endfacet
  facet normal 0.0784806 -0.996916 0
    outer loop
      vertex -217.829 77.3741 2.5
      vertex -217.5 77.4 13.6
      vertex -217.829 77.3741 13.6
    endloop
  endfacet
  facet normal 0.0784806 -0.996916 0
    outer loop
      vertex -217.5 77.4 13.6
      vertex -217.829 77.3741 2.5
      vertex -217.5 77.4 2.5
    endloop
  endfacet
  facet normal -0.383148 -0.923687 0
    outer loop
      vertex -216.851 77.2972 2.5
      vertex -216.547 77.1711 13.6
      vertex -216.851 77.2972 13.6
    endloop
  endfacet
  facet normal -0.383148 -0.923687 -0
    outer loop
      vertex -216.547 77.1711 13.6
      vertex -216.851 77.2972 2.5
      vertex -216.547 77.1711 2.5
    endloop
  endfacet
  facet normal 0.996882 -0.0789009 0
    outer loop
      vertex -219.6 75.3 13.6
      vertex -219.574 75.6285 2.5
      vertex -219.574 75.6285 13.6
    endloop
  endfacet
  facet normal 0.996882 -0.0789009 0
    outer loop
      vertex -219.574 75.6285 2.5
      vertex -219.6 75.3 13.6
      vertex -219.6 75.3 2.5
    endloop
  endfacet
  facet normal 0.852824 -0.522199 0
    outer loop
      vertex -219.371 76.2534 13.6
      vertex -219.199 76.5343 2.5
      vertex -219.199 76.5343 13.6
    endloop
  endfacet
  facet normal 0.852824 -0.522199 0
    outer loop
      vertex -219.199 76.5343 2.5
      vertex -219.371 76.2534 13.6
      vertex -219.371 76.2534 2.5
    endloop
  endfacet
  facet normal 0.648792 -0.760966 0
    outer loop
      vertex -218.985 76.7849 2.5
      vertex -218.734 76.9989 13.6
      vertex -218.985 76.7849 13.6
    endloop
  endfacet
  facet normal 0.648792 -0.760966 0
    outer loop
      vertex -218.734 76.9989 13.6
      vertex -218.985 76.7849 2.5
      vertex -218.734 76.9989 2.5
    endloop
  endfacet
  facet normal 0.23366 -0.972318 0
    outer loop
      vertex -218.149 77.2972 2.5
      vertex -217.829 77.3741 13.6
      vertex -218.149 77.2972 13.6
    endloop
  endfacet
  facet normal 0.23366 -0.972318 0
    outer loop
      vertex -217.829 77.3741 13.6
      vertex -218.149 77.2972 2.5
      vertex -217.829 77.3741 2.5
    endloop
  endfacet
  facet normal 0.760455 -0.649391 0
    outer loop
      vertex -219.199 76.5343 13.6
      vertex -218.985 76.7849 2.5
      vertex -218.985 76.7849 13.6
    endloop
  endfacet
  facet normal 0.760455 -0.649391 0
    outer loop
      vertex -218.985 76.7849 2.5
      vertex -219.199 76.5343 13.6
      vertex -219.199 76.5343 2.5
    endloop
  endfacet
  facet normal -0.996882 -0.0789009 0
    outer loop
      vertex -215.4 75.3 2.5
      vertex -215.426 75.6285 13.6
      vertex -215.426 75.6285 2.5
    endloop
  endfacet
  facet normal -0.996882 -0.0789009 0
    outer loop
      vertex -215.426 75.6285 13.6
      vertex -215.4 75.3 2.5
      vertex -215.4 75.3 13.6
    endloop
  endfacet
  facet normal -0.648792 0.760966 0
    outer loop
      vertex -216.015 73.8151 2.5
      vertex -216.266 73.6011 13.6
      vertex -216.015 73.8151 13.6
    endloop
  endfacet
  facet normal -0.648792 0.760966 0
    outer loop
      vertex -216.266 73.6011 13.6
      vertex -216.015 73.8151 2.5
      vertex -216.266 73.6011 2.5
    endloop
  endfacet
  facet normal -0.972316 0.233671 0
    outer loop
      vertex -215.503 74.6511 2.5
      vertex -215.426 74.9715 13.6
      vertex -215.426 74.9715 2.5
    endloop
  endfacet
  facet normal -0.972316 0.233671 0
    outer loop
      vertex -215.426 74.9715 13.6
      vertex -215.503 74.6511 2.5
      vertex -215.503 74.6511 13.6
    endloop
  endfacet
  facet normal 0.0784806 0.996916 -0
    outer loop
      vertex -217.5 73.2 2.5
      vertex -217.829 73.2259 13.6
      vertex -217.5 73.2 13.6
    endloop
  endfacet
  facet normal 0.0784806 0.996916 0
    outer loop
      vertex -217.829 73.2259 13.6
      vertex -217.5 73.2 2.5
      vertex -217.829 73.2259 2.5
    endloop
  endfacet
  facet normal -0.383148 0.923687 0
    outer loop
      vertex -216.547 73.4289 2.5
      vertex -216.851 73.3028 13.6
      vertex -216.547 73.4289 13.6
    endloop
  endfacet
  facet normal -0.383148 0.923687 0
    outer loop
      vertex -216.851 73.3028 13.6
      vertex -216.547 73.4289 2.5
      vertex -216.851 73.3028 2.5
    endloop
  endfacet
  facet normal -0.0784806 -0.996916 0
    outer loop
      vertex -217.5 77.4 2.5
      vertex -217.171 77.3741 13.6
      vertex -217.5 77.4 13.6
    endloop
  endfacet
  facet normal -0.0784806 -0.996916 -0
    outer loop
      vertex -217.171 77.3741 13.6
      vertex -217.5 77.4 2.5
      vertex -217.171 77.3741 2.5
    endloop
  endfacet
  facet normal -0.522505 -0.852636 0
    outer loop
      vertex -216.547 77.1711 2.5
      vertex -216.266 76.9989 13.6
      vertex -216.547 77.1711 13.6
    endloop
  endfacet
  facet normal -0.522505 -0.852636 -0
    outer loop
      vertex -216.266 76.9989 13.6
      vertex -216.547 77.1711 2.5
      vertex -216.266 76.9989 2.5
    endloop
  endfacet
  facet normal 0.383148 -0.923687 0
    outer loop
      vertex -218.453 77.1711 2.5
      vertex -218.149 77.2972 13.6
      vertex -218.453 77.1711 13.6
    endloop
  endfacet
  facet normal 0.383148 -0.923687 0
    outer loop
      vertex -218.149 77.2972 13.6
      vertex -218.453 77.1711 2.5
      vertex -218.149 77.2972 2.5
    endloop
  endfacet
  facet normal -0.852824 0.522199 0
    outer loop
      vertex -215.801 74.0657 2.5
      vertex -215.629 74.3466 13.6
      vertex -215.629 74.3466 2.5
    endloop
  endfacet
  facet normal -0.852824 0.522199 0
    outer loop
      vertex -215.629 74.3466 13.6
      vertex -215.801 74.0657 2.5
      vertex -215.801 74.0657 13.6
    endloop
  endfacet
  facet normal -0.924017 0.382352 0
    outer loop
      vertex -215.629 74.3466 2.5
      vertex -215.503 74.6511 13.6
      vertex -215.503 74.6511 2.5
    endloop
  endfacet
  facet normal -0.924017 0.382352 0
    outer loop
      vertex -215.503 74.6511 13.6
      vertex -215.629 74.3466 2.5
      vertex -215.629 74.3466 13.6
    endloop
  endfacet
  facet normal 0.996882 0.0789009 0
    outer loop
      vertex -219.574 74.9715 13.6
      vertex -219.6 75.3 2.5
      vertex -219.6 75.3 13.6
    endloop
  endfacet
  facet normal 0.996882 0.0789009 0
    outer loop
      vertex -219.6 75.3 2.5
      vertex -219.574 74.9715 13.6
      vertex -219.574 74.9715 2.5
    endloop
  endfacet
  facet normal -0.23366 0.972318 0
    outer loop
      vertex -216.851 73.3028 2.5
      vertex -217.171 73.2259 13.6
      vertex -216.851 73.3028 13.6
    endloop
  endfacet
  facet normal -0.23366 0.972318 0
    outer loop
      vertex -217.171 73.2259 13.6
      vertex -216.851 73.3028 2.5
      vertex -217.171 73.2259 2.5
    endloop
  endfacet
  facet normal -0.852824 -0.522199 0
    outer loop
      vertex -215.629 76.2534 2.5
      vertex -215.801 76.5343 13.6
      vertex -215.801 76.5343 2.5
    endloop
  endfacet
  facet normal -0.852824 -0.522199 0
    outer loop
      vertex -215.801 76.5343 13.6
      vertex -215.629 76.2534 2.5
      vertex -215.629 76.2534 13.6
    endloop
  endfacet
  facet normal -0.924017 -0.382352 0
    outer loop
      vertex -215.503 75.9489 2.5
      vertex -215.629 76.2534 13.6
      vertex -215.629 76.2534 2.5
    endloop
  endfacet
  facet normal -0.924017 -0.382352 0
    outer loop
      vertex -215.629 76.2534 13.6
      vertex -215.503 75.9489 2.5
      vertex -215.503 75.9489 13.6
    endloop
  endfacet
  facet normal -0.972316 -0.233671 0
    outer loop
      vertex -215.426 75.6285 2.5
      vertex -215.503 75.9489 13.6
      vertex -215.503 75.9489 2.5
    endloop
  endfacet
  facet normal -0.972316 -0.233671 0
    outer loop
      vertex -215.503 75.9489 13.6
      vertex -215.426 75.6285 2.5
      vertex -215.426 75.6285 13.6
    endloop
  endfacet
  facet normal -0.0784806 0.996916 0
    outer loop
      vertex -217.171 73.2259 2.5
      vertex -217.5 73.2 13.6
      vertex -217.171 73.2259 13.6
    endloop
  endfacet
  facet normal -0.0784806 0.996916 0
    outer loop
      vertex -217.5 73.2 13.6
      vertex -217.171 73.2259 2.5
      vertex -217.5 73.2 2.5
    endloop
  endfacet
  facet normal 0.522505 0.852636 -0
    outer loop
      vertex -218.453 73.4289 2.5
      vertex -218.734 73.6011 13.6
      vertex -218.453 73.4289 13.6
    endloop
  endfacet
  facet normal 0.522505 0.852636 0
    outer loop
      vertex -218.734 73.6011 13.6
      vertex -218.453 73.4289 2.5
      vertex -218.734 73.6011 2.5
    endloop
  endfacet
  facet normal 0.924017 0.382352 0
    outer loop
      vertex -219.371 74.3466 13.6
      vertex -219.497 74.6511 2.5
      vertex -219.497 74.6511 13.6
    endloop
  endfacet
  facet normal 0.924017 0.382352 0
    outer loop
      vertex -219.497 74.6511 2.5
      vertex -219.371 74.3466 13.6
      vertex -219.371 74.3466 2.5
    endloop
  endfacet
  facet normal 0.972316 0.233671 0
    outer loop
      vertex -219.497 74.6511 13.6
      vertex -219.574 74.9715 2.5
      vertex -219.574 74.9715 13.6
    endloop
  endfacet
  facet normal 0.972316 0.233671 0
    outer loop
      vertex -219.574 74.9715 2.5
      vertex -219.497 74.6511 13.6
      vertex -219.497 74.6511 2.5
    endloop
  endfacet
  facet normal -0.760455 0.649391 0
    outer loop
      vertex -216.015 73.8151 2.5
      vertex -215.801 74.0657 13.6
      vertex -215.801 74.0657 2.5
    endloop
  endfacet
  facet normal -0.760455 0.649391 0
    outer loop
      vertex -215.801 74.0657 13.6
      vertex -216.015 73.8151 2.5
      vertex -216.015 73.8151 13.6
    endloop
  endfacet
  facet normal 0.23366 0.972318 -0
    outer loop
      vertex -217.829 73.2259 2.5
      vertex -218.149 73.3028 13.6
      vertex -217.829 73.2259 13.6
    endloop
  endfacet
  facet normal 0.23366 0.972318 0
    outer loop
      vertex -218.149 73.3028 13.6
      vertex -217.829 73.2259 2.5
      vertex -218.149 73.3028 2.5
    endloop
  endfacet
  facet normal 0.383148 0.923687 -0
    outer loop
      vertex -218.149 73.3028 2.5
      vertex -218.453 73.4289 13.6
      vertex -218.149 73.3028 13.6
    endloop
  endfacet
  facet normal 0.383148 0.923687 0
    outer loop
      vertex -218.453 73.4289 13.6
      vertex -218.149 73.3028 2.5
      vertex -218.453 73.4289 2.5
    endloop
  endfacet
  facet normal 0.648792 0.760966 -0
    outer loop
      vertex -218.734 73.6011 2.5
      vertex -218.985 73.8151 13.6
      vertex -218.734 73.6011 13.6
    endloop
  endfacet
  facet normal 0.648792 0.760966 0
    outer loop
      vertex -218.985 73.8151 13.6
      vertex -218.734 73.6011 2.5
      vertex -218.985 73.8151 2.5
    endloop
  endfacet
  facet normal 0.760455 0.649391 0
    outer loop
      vertex -218.985 73.8151 13.6
      vertex -219.199 74.0657 2.5
      vertex -219.199 74.0657 13.6
    endloop
  endfacet
  facet normal 0.760455 0.649391 0
    outer loop
      vertex -219.199 74.0657 2.5
      vertex -218.985 73.8151 13.6
      vertex -218.985 73.8151 2.5
    endloop
  endfacet
  facet normal 0.852824 0.522199 0
    outer loop
      vertex -219.199 74.0657 13.6
      vertex -219.371 74.3466 2.5
      vertex -219.371 74.3466 13.6
    endloop
  endfacet
  facet normal 0.852824 0.522199 0
    outer loop
      vertex -219.371 74.3466 2.5
      vertex -219.199 74.0657 13.6
      vertex -219.199 74.0657 2.5
    endloop
  endfacet
  facet normal 0.522487 0.852647 -0
    outer loop
      vertex -14.1489 -72.0639 2.5
      vertex -14.684 -71.736 13.6
      vertex -14.1489 -72.0639 13.6
    endloop
  endfacet
  facet normal 0.522487 0.852647 0
    outer loop
      vertex -14.684 -71.736 13.6
      vertex -14.1489 -72.0639 2.5
      vertex -14.684 -71.736 2.5
    endloop
  endfacet
  facet normal -0.923881 0.38268 0
    outer loop
      vertex -20.3042 -74.0639 2.5
      vertex -20.064 -73.484 13.6
      vertex -20.064 -73.484 2.5
    endloop
  endfacet
  facet normal -0.923881 0.38268 0
    outer loop
      vertex -20.064 -73.484 13.6
      vertex -20.3042 -74.0639 2.5
      vertex -20.3042 -74.0639 13.6
    endloop
  endfacet
  facet normal -0.38268 -0.923881 0
    outer loop
      vertex -18.316 -78.864 2.5
      vertex -17.7361 -79.1042 13.6
      vertex -18.316 -78.864 13.6
    endloop
  endfacet
  facet normal -0.38268 -0.923881 -0
    outer loop
      vertex -17.7361 -79.1042 13.6
      vertex -18.316 -78.864 2.5
      vertex -17.7361 -79.1042 2.5
    endloop
  endfacet
  facet normal -0.38268 0.923881 0
    outer loop
      vertex -17.7361 -71.4958 2.5
      vertex -18.316 -71.736 13.6
      vertex -17.7361 -71.4958 13.6
    endloop
  endfacet
  facet normal -0.38268 0.923881 0
    outer loop
      vertex -18.316 -71.736 13.6
      vertex -17.7361 -71.4958 2.5
      vertex -18.316 -71.736 2.5
    endloop
  endfacet
  facet normal -0.852647 0.522487 0
    outer loop
      vertex -20.064 -73.484 2.5
      vertex -19.7361 -72.9489 13.6
      vertex -19.7361 -72.9489 2.5
    endloop
  endfacet
  facet normal -0.852647 0.522487 0
    outer loop
      vertex -19.7361 -72.9489 13.6
      vertex -20.064 -73.484 2.5
      vertex -20.064 -73.484 13.6
    endloop
  endfacet
  facet normal -0.852647 -0.522487 0
    outer loop
      vertex -19.7361 -77.6511 2.5
      vertex -20.064 -77.116 13.6
      vertex -20.064 -77.116 2.5
    endloop
  endfacet
  facet normal -0.852647 -0.522487 0
    outer loop
      vertex -20.064 -77.116 13.6
      vertex -19.7361 -77.6511 2.5
      vertex -19.7361 -77.6511 13.6
    endloop
  endfacet
  facet normal 0.923881 0.38268 0
    outer loop
      vertex -12.6958 -74.0639 13.6
      vertex -12.936 -73.484 2.5
      vertex -12.936 -73.484 13.6
    endloop
  endfacet
  facet normal 0.923881 0.38268 0
    outer loop
      vertex -12.936 -73.484 2.5
      vertex -12.6958 -74.0639 13.6
      vertex -12.6958 -74.0639 2.5
    endloop
  endfacet
  facet normal 0.760369 0.649492 0
    outer loop
      vertex -13.2639 -72.9489 13.6
      vertex -13.6716 -72.4716 2.5
      vertex -13.6716 -72.4716 13.6
    endloop
  endfacet
  facet normal 0.760369 0.649492 0
    outer loop
      vertex -13.6716 -72.4716 2.5
      vertex -13.2639 -72.9489 13.6
      vertex -13.2639 -72.9489 2.5
    endloop
  endfacet
  facet normal 0.649492 0.760369 -0
    outer loop
      vertex -13.6716 -72.4716 2.5
      vertex -14.1489 -72.0639 13.6
      vertex -13.6716 -72.4716 13.6
    endloop
  endfacet
  facet normal 0.649492 0.760369 0
    outer loop
      vertex -14.1489 -72.0639 13.6
      vertex -13.6716 -72.4716 2.5
      vertex -14.1489 -72.0639 2.5
    endloop
  endfacet
  facet normal 0.38268 0.923881 -0
    outer loop
      vertex -14.684 -71.736 2.5
      vertex -15.2639 -71.4958 13.6
      vertex -14.684 -71.736 13.6
    endloop
  endfacet
  facet normal 0.38268 0.923881 0
    outer loop
      vertex -15.2639 -71.4958 13.6
      vertex -14.684 -71.736 2.5
      vertex -15.2639 -71.4958 2.5
    endloop
  endfacet
  facet normal 0.07839 0.996923 -0
    outer loop
      vertex -15.8743 -71.3492 2.5
      vertex -16.5 -71.3 13.6
      vertex -15.8743 -71.3492 13.6
    endloop
  endfacet
  facet normal 0.07839 0.996923 0
    outer loop
      vertex -16.5 -71.3 13.6
      vertex -15.8743 -71.3492 2.5
      vertex -16.5 -71.3 2.5
    endloop
  endfacet
  facet normal -0.760369 0.649492 0
    outer loop
      vertex -19.7361 -72.9489 2.5
      vertex -19.3284 -72.4716 13.6
      vertex -19.3284 -72.4716 2.5
    endloop
  endfacet
  facet normal -0.760369 0.649492 0
    outer loop
      vertex -19.3284 -72.4716 13.6
      vertex -19.7361 -72.9489 2.5
      vertex -19.7361 -72.9489 13.6
    endloop
  endfacet
  facet normal -0.522487 0.852647 0
    outer loop
      vertex -18.316 -71.736 2.5
      vertex -18.8511 -72.0639 13.6
      vertex -18.316 -71.736 13.6
    endloop
  endfacet
  facet normal -0.522487 0.852647 0
    outer loop
      vertex -18.8511 -72.0639 13.6
      vertex -18.316 -71.736 2.5
      vertex -18.8511 -72.0639 2.5
    endloop
  endfacet
  facet normal -0.649492 0.760369 0
    outer loop
      vertex -18.8511 -72.0639 2.5
      vertex -19.3284 -72.4716 13.6
      vertex -18.8511 -72.0639 13.6
    endloop
  endfacet
  facet normal -0.649492 0.760369 0
    outer loop
      vertex -19.3284 -72.4716 13.6
      vertex -18.8511 -72.0639 2.5
      vertex -19.3284 -72.4716 2.5
    endloop
  endfacet
  facet normal 0.996923 0.07839 0
    outer loop
      vertex -12.5 -75.3 13.6
      vertex -12.5492 -74.6743 2.5
      vertex -12.5492 -74.6743 13.6
    endloop
  endfacet
  facet normal 0.996923 0.07839 0
    outer loop
      vertex -12.5492 -74.6743 2.5
      vertex -12.5 -75.3 13.6
      vertex -12.5 -75.3 2.5
    endloop
  endfacet
  facet normal 0.38268 -0.923881 0
    outer loop
      vertex -15.2639 -79.1042 2.5
      vertex -14.684 -78.864 13.6
      vertex -15.2639 -79.1042 13.6
    endloop
  endfacet
  facet normal 0.38268 -0.923881 0
    outer loop
      vertex -14.684 -78.864 13.6
      vertex -15.2639 -79.1042 2.5
      vertex -14.684 -78.864 2.5
    endloop
  endfacet
  facet normal 0.760369 -0.649492 0
    outer loop
      vertex -13.6716 -78.1284 13.6
      vertex -13.2639 -77.6511 2.5
      vertex -13.2639 -77.6511 13.6
    endloop
  endfacet
  facet normal 0.760369 -0.649492 0
    outer loop
      vertex -13.2639 -77.6511 2.5
      vertex -13.6716 -78.1284 13.6
      vertex -13.6716 -78.1284 2.5
    endloop
  endfacet
  facet normal 0.522487 -0.852647 0
    outer loop
      vertex -14.684 -78.864 2.5
      vertex -14.1489 -78.5361 13.6
      vertex -14.684 -78.864 13.6
    endloop
  endfacet
  facet normal 0.522487 -0.852647 0
    outer loop
      vertex -14.1489 -78.5361 13.6
      vertex -14.684 -78.864 2.5
      vertex -14.1489 -78.5361 2.5
    endloop
  endfacet
  facet normal 0.852647 -0.522487 0
    outer loop
      vertex -13.2639 -77.6511 13.6
      vertex -12.936 -77.116 2.5
      vertex -12.936 -77.116 13.6
    endloop
  endfacet
  facet normal 0.852647 -0.522487 0
    outer loop
      vertex -12.936 -77.116 2.5
      vertex -13.2639 -77.6511 13.6
      vertex -13.2639 -77.6511 2.5
    endloop
  endfacet
  facet normal -0.649492 -0.760369 0
    outer loop
      vertex -19.3284 -78.1284 2.5
      vertex -18.8511 -78.5361 13.6
      vertex -19.3284 -78.1284 13.6
    endloop
  endfacet
  facet normal -0.649492 -0.760369 -0
    outer loop
      vertex -18.8511 -78.5361 13.6
      vertex -19.3284 -78.1284 2.5
      vertex -18.8511 -78.5361 2.5
    endloop
  endfacet
  facet normal -0.522487 -0.852647 0
    outer loop
      vertex -18.8511 -78.5361 2.5
      vertex -18.316 -78.864 13.6
      vertex -18.8511 -78.5361 13.6
    endloop
  endfacet
  facet normal -0.522487 -0.852647 -0
    outer loop
      vertex -18.316 -78.864 13.6
      vertex -18.8511 -78.5361 2.5
      vertex -18.316 -78.864 2.5
    endloop
  endfacet
  facet normal 0.97235 0.23353 0
    outer loop
      vertex -12.5492 -74.6743 13.6
      vertex -12.6958 -74.0639 2.5
      vertex -12.6958 -74.0639 13.6
    endloop
  endfacet
  facet normal 0.97235 0.23353 0
    outer loop
      vertex -12.6958 -74.0639 2.5
      vertex -12.5492 -74.6743 13.6
      vertex -12.5492 -74.6743 2.5
    endloop
  endfacet
  facet normal 0.852647 0.522487 0
    outer loop
      vertex -12.936 -73.484 13.6
      vertex -13.2639 -72.9489 2.5
      vertex -13.2639 -72.9489 13.6
    endloop
  endfacet
  facet normal 0.852647 0.522487 0
    outer loop
      vertex -13.2639 -72.9489 2.5
      vertex -12.936 -73.484 13.6
      vertex -12.936 -73.484 2.5
    endloop
  endfacet
  facet normal 0.23353 0.97235 -0
    outer loop
      vertex -15.2639 -71.4958 2.5
      vertex -15.8743 -71.3492 13.6
      vertex -15.2639 -71.4958 13.6
    endloop
  endfacet
  facet normal 0.23353 0.97235 0
    outer loop
      vertex -15.8743 -71.3492 13.6
      vertex -15.2639 -71.4958 2.5
      vertex -15.8743 -71.3492 2.5
    endloop
  endfacet
  facet normal -0.996923 0.07839 0
    outer loop
      vertex -20.5 -75.3 2.5
      vertex -20.4508 -74.6743 13.6
      vertex -20.4508 -74.6743 2.5
    endloop
  endfacet
  facet normal -0.996923 0.07839 0
    outer loop
      vertex -20.4508 -74.6743 13.6
      vertex -20.5 -75.3 2.5
      vertex -20.5 -75.3 13.6
    endloop
  endfacet
  facet normal -0.97235 0.23353 0
    outer loop
      vertex -20.4508 -74.6743 2.5
      vertex -20.3042 -74.0639 13.6
      vertex -20.3042 -74.0639 2.5
    endloop
  endfacet
  facet normal -0.97235 0.23353 0
    outer loop
      vertex -20.3042 -74.0639 13.6
      vertex -20.4508 -74.6743 2.5
      vertex -20.4508 -74.6743 13.6
    endloop
  endfacet
  facet normal -0.07839 0.996923 0
    outer loop
      vertex -16.5 -71.3 2.5
      vertex -17.1257 -71.3492 13.6
      vertex -16.5 -71.3 13.6
    endloop
  endfacet
  facet normal -0.07839 0.996923 0
    outer loop
      vertex -17.1257 -71.3492 13.6
      vertex -16.5 -71.3 2.5
      vertex -17.1257 -71.3492 2.5
    endloop
  endfacet
  facet normal -0.23353 0.97235 0
    outer loop
      vertex -17.1257 -71.3492 2.5
      vertex -17.7361 -71.4958 13.6
      vertex -17.1257 -71.3492 13.6
    endloop
  endfacet
  facet normal -0.23353 0.97235 0
    outer loop
      vertex -17.7361 -71.4958 13.6
      vertex -17.1257 -71.3492 2.5
      vertex -17.7361 -71.4958 2.5
    endloop
  endfacet
  facet normal 0.996923 -0.07839 0
    outer loop
      vertex -12.5492 -75.9257 13.6
      vertex -12.5 -75.3 2.5
      vertex -12.5 -75.3 13.6
    endloop
  endfacet
  facet normal 0.996923 -0.07839 0
    outer loop
      vertex -12.5 -75.3 2.5
      vertex -12.5492 -75.9257 13.6
      vertex -12.5492 -75.9257 2.5
    endloop
  endfacet
  facet normal 0.97235 -0.23353 0
    outer loop
      vertex -12.6958 -76.5361 13.6
      vertex -12.5492 -75.9257 2.5
      vertex -12.5492 -75.9257 13.6
    endloop
  endfacet
  facet normal 0.97235 -0.23353 0
    outer loop
      vertex -12.5492 -75.9257 2.5
      vertex -12.6958 -76.5361 13.6
      vertex -12.6958 -76.5361 2.5
    endloop
  endfacet
  facet normal 0.07839 -0.996923 0
    outer loop
      vertex -16.5 -79.3 2.5
      vertex -15.8743 -79.2508 13.6
      vertex -16.5 -79.3 13.6
    endloop
  endfacet
  facet normal 0.07839 -0.996923 0
    outer loop
      vertex -15.8743 -79.2508 13.6
      vertex -16.5 -79.3 2.5
      vertex -15.8743 -79.2508 2.5
    endloop
  endfacet
  facet normal 0.23353 -0.97235 0
    outer loop
      vertex -15.8743 -79.2508 2.5
      vertex -15.2639 -79.1042 13.6
      vertex -15.8743 -79.2508 13.6
    endloop
  endfacet
  facet normal 0.23353 -0.97235 0
    outer loop
      vertex -15.2639 -79.1042 13.6
      vertex -15.8743 -79.2508 2.5
      vertex -15.2639 -79.1042 2.5
    endloop
  endfacet
  facet normal 0.649492 -0.760369 0
    outer loop
      vertex -14.1489 -78.5361 2.5
      vertex -13.6716 -78.1284 13.6
      vertex -14.1489 -78.5361 13.6
    endloop
  endfacet
  facet normal 0.649492 -0.760369 0
    outer loop
      vertex -13.6716 -78.1284 13.6
      vertex -14.1489 -78.5361 2.5
      vertex -13.6716 -78.1284 2.5
    endloop
  endfacet
  facet normal 0.923881 -0.38268 0
    outer loop
      vertex -12.936 -77.116 13.6
      vertex -12.6958 -76.5361 2.5
      vertex -12.6958 -76.5361 13.6
    endloop
  endfacet
  facet normal 0.923881 -0.38268 0
    outer loop
      vertex -12.6958 -76.5361 2.5
      vertex -12.936 -77.116 13.6
      vertex -12.936 -77.116 2.5
    endloop
  endfacet
  facet normal -0.23353 -0.97235 0
    outer loop
      vertex -17.7361 -79.1042 2.5
      vertex -17.1257 -79.2508 13.6
      vertex -17.7361 -79.1042 13.6
    endloop
  endfacet
  facet normal -0.23353 -0.97235 -0
    outer loop
      vertex -17.1257 -79.2508 13.6
      vertex -17.7361 -79.1042 2.5
      vertex -17.1257 -79.2508 2.5
    endloop
  endfacet
  facet normal -0.07839 -0.996923 0
    outer loop
      vertex -17.1257 -79.2508 2.5
      vertex -16.5 -79.3 13.6
      vertex -17.1257 -79.2508 13.6
    endloop
  endfacet
  facet normal -0.07839 -0.996923 -0
    outer loop
      vertex -16.5 -79.3 13.6
      vertex -17.1257 -79.2508 2.5
      vertex -16.5 -79.3 2.5
    endloop
  endfacet
  facet normal -0.923881 -0.38268 0
    outer loop
      vertex -20.064 -77.116 2.5
      vertex -20.3042 -76.5361 13.6
      vertex -20.3042 -76.5361 2.5
    endloop
  endfacet
  facet normal -0.923881 -0.38268 0
    outer loop
      vertex -20.3042 -76.5361 13.6
      vertex -20.064 -77.116 2.5
      vertex -20.064 -77.116 13.6
    endloop
  endfacet
  facet normal -0.996923 -0.07839 0
    outer loop
      vertex -20.4508 -75.9257 2.5
      vertex -20.5 -75.3 13.6
      vertex -20.5 -75.3 2.5
    endloop
  endfacet
  facet normal -0.996923 -0.07839 0
    outer loop
      vertex -20.5 -75.3 13.6
      vertex -20.4508 -75.9257 2.5
      vertex -20.4508 -75.9257 13.6
    endloop
  endfacet
  facet normal -0.760369 -0.649492 0
    outer loop
      vertex -19.3284 -78.1284 2.5
      vertex -19.7361 -77.6511 13.6
      vertex -19.7361 -77.6511 2.5
    endloop
  endfacet
  facet normal -0.760369 -0.649492 0
    outer loop
      vertex -19.7361 -77.6511 13.6
      vertex -19.3284 -78.1284 2.5
      vertex -19.3284 -78.1284 13.6
    endloop
  endfacet
  facet normal -0.97235 -0.23353 0
    outer loop
      vertex -20.3042 -76.5361 2.5
      vertex -20.4508 -75.9257 13.6
      vertex -20.4508 -75.9257 2.5
    endloop
  endfacet
  facet normal -0.97235 -0.23353 0
    outer loop
      vertex -20.4508 -75.9257 13.6
      vertex -20.3042 -76.5361 2.5
      vertex -20.3042 -76.5361 13.6
    endloop
  endfacet
  facet normal 0.972385 -0.233384 0
    outer loop
      vertex -18.5741 -74.9715 13.6
      vertex -18.4972 -74.6511 2.5
      vertex -18.4972 -74.6511 13.6
    endloop
  endfacet
  facet normal 0.972385 -0.233384 0
    outer loop
      vertex -18.4972 -74.6511 2.5
      vertex -18.5741 -74.9715 13.6
      vertex -18.5741 -74.9715 2.5
    endloop
  endfacet
  facet normal -0.760455 -0.649391 0
    outer loop
      vertex -14.8011 -74.0657 2.5
      vertex -15.0151 -73.8151 13.6
      vertex -15.0151 -73.8151 2.5
    endloop
  endfacet
  facet normal -0.760455 -0.649391 0
    outer loop
      vertex -15.0151 -73.8151 13.6
      vertex -14.8011 -74.0657 2.5
      vertex -14.8011 -74.0657 13.6
    endloop
  endfacet
  facet normal -0.233384 -0.972385 0
    outer loop
      vertex -16.1715 -73.2259 2.5
      vertex -15.8511 -73.3028 13.6
      vertex -16.1715 -73.2259 13.6
    endloop
  endfacet
  facet normal -0.233384 -0.972385 -0
    outer loop
      vertex -15.8511 -73.3028 13.6
      vertex -16.1715 -73.2259 2.5
      vertex -15.8511 -73.3028 2.5
    endloop
  endfacet
  facet normal 0.52264 -0.852553 0
    outer loop
      vertex -17.7343 -73.6011 2.5
      vertex -17.4534 -73.4289 13.6
      vertex -17.7343 -73.6011 13.6
    endloop
  endfacet
  facet normal 0.52264 -0.852553 0
    outer loop
      vertex -17.4534 -73.4289 13.6
      vertex -17.7343 -73.6011 2.5
      vertex -17.4534 -73.4289 2.5
    endloop
  endfacet
  facet normal 0.92391 -0.382611 0
    outer loop
      vertex -18.4972 -74.6511 13.6
      vertex -18.3711 -74.3466 2.5
      vertex -18.3711 -74.3466 13.6
    endloop
  endfacet
  facet normal 0.92391 -0.382611 0
    outer loop
      vertex -18.3711 -74.3466 2.5
      vertex -18.4972 -74.6511 13.6
      vertex -18.4972 -74.6511 2.5
    endloop
  endfacet
  facet normal -0.996906 0.0785993 0
    outer loop
      vertex -14.4259 -75.6285 2.5
      vertex -14.4 -75.3 13.6
      vertex -14.4 -75.3 2.5
    endloop
  endfacet
  facet normal -0.996906 0.0785993 0
    outer loop
      vertex -14.4 -75.3 13.6
      vertex -14.4259 -75.6285 2.5
      vertex -14.4259 -75.6285 13.6
    endloop
  endfacet
  facet normal -0.52264 0.852553 0
    outer loop
      vertex -15.2657 -76.9989 2.5
      vertex -15.5466 -77.1711 13.6
      vertex -15.2657 -76.9989 13.6
    endloop
  endfacet
  facet normal -0.52264 0.852553 0
    outer loop
      vertex -15.5466 -77.1711 13.6
      vertex -15.2657 -76.9989 2.5
      vertex -15.5466 -77.1711 2.5
    endloop
  endfacet
  facet normal -0.649391 -0.760455 0
    outer loop
      vertex -15.2657 -73.6011 2.5
      vertex -15.0151 -73.8151 13.6
      vertex -15.2657 -73.6011 13.6
    endloop
  endfacet
  facet normal -0.649391 -0.760455 -0
    outer loop
      vertex -15.0151 -73.8151 13.6
      vertex -15.2657 -73.6011 2.5
      vertex -15.0151 -73.8151 2.5
    endloop
  endfacet
  facet normal 0.0785993 -0.996906 0
    outer loop
      vertex -16.8285 -73.2259 2.5
      vertex -16.5 -73.2 13.6
      vertex -16.8285 -73.2259 13.6
    endloop
  endfacet
  facet normal 0.0785993 -0.996906 0
    outer loop
      vertex -16.5 -73.2 13.6
      vertex -16.8285 -73.2259 2.5
      vertex -16.5 -73.2 2.5
    endloop
  endfacet
  facet normal -0.382611 -0.92391 0
    outer loop
      vertex -15.8511 -73.3028 2.5
      vertex -15.5466 -73.4289 13.6
      vertex -15.8511 -73.3028 13.6
    endloop
  endfacet
  facet normal -0.382611 -0.92391 -0
    outer loop
      vertex -15.5466 -73.4289 13.6
      vertex -15.8511 -73.3028 2.5
      vertex -15.5466 -73.4289 2.5
    endloop
  endfacet
  facet normal 0.996906 -0.0785993 0
    outer loop
      vertex -18.6 -75.3 13.6
      vertex -18.5741 -74.9715 2.5
      vertex -18.5741 -74.9715 13.6
    endloop
  endfacet
  facet normal 0.996906 -0.0785993 0
    outer loop
      vertex -18.5741 -74.9715 2.5
      vertex -18.6 -75.3 13.6
      vertex -18.6 -75.3 2.5
    endloop
  endfacet
  facet normal 0.852553 -0.52264 0
    outer loop
      vertex -18.3711 -74.3466 13.6
      vertex -18.1989 -74.0657 2.5
      vertex -18.1989 -74.0657 13.6
    endloop
  endfacet
  facet normal 0.852553 -0.52264 0
    outer loop
      vertex -18.1989 -74.0657 2.5
      vertex -18.3711 -74.3466 13.6
      vertex -18.3711 -74.3466 2.5
    endloop
  endfacet
  facet normal 0.649391 -0.760455 0
    outer loop
      vertex -17.9849 -73.8151 2.5
      vertex -17.7343 -73.6011 13.6
      vertex -17.9849 -73.8151 13.6
    endloop
  endfacet
  facet normal 0.649391 -0.760455 0
    outer loop
      vertex -17.7343 -73.6011 13.6
      vertex -17.9849 -73.8151 2.5
      vertex -17.7343 -73.6011 2.5
    endloop
  endfacet
  facet normal 0.233384 -0.972385 0
    outer loop
      vertex -17.1489 -73.3028 2.5
      vertex -16.8285 -73.2259 13.6
      vertex -17.1489 -73.3028 13.6
    endloop
  endfacet
  facet normal 0.233384 -0.972385 0
    outer loop
      vertex -16.8285 -73.2259 13.6
      vertex -17.1489 -73.3028 2.5
      vertex -16.8285 -73.2259 2.5
    endloop
  endfacet
  facet normal 0.760455 -0.649391 0
    outer loop
      vertex -18.1989 -74.0657 13.6
      vertex -17.9849 -73.8151 2.5
      vertex -17.9849 -73.8151 13.6
    endloop
  endfacet
  facet normal 0.760455 -0.649391 0
    outer loop
      vertex -17.9849 -73.8151 2.5
      vertex -18.1989 -74.0657 13.6
      vertex -18.1989 -74.0657 2.5
    endloop
  endfacet
  facet normal -0.996906 -0.0785993 0
    outer loop
      vertex -14.4 -75.3 2.5
      vertex -14.4259 -74.9715 13.6
      vertex -14.4259 -74.9715 2.5
    endloop
  endfacet
  facet normal -0.996906 -0.0785993 0
    outer loop
      vertex -14.4259 -74.9715 13.6
      vertex -14.4 -75.3 2.5
      vertex -14.4 -75.3 13.6
    endloop
  endfacet
  facet normal -0.649391 0.760455 0
    outer loop
      vertex -15.0151 -76.7849 2.5
      vertex -15.2657 -76.9989 13.6
      vertex -15.0151 -76.7849 13.6
    endloop
  endfacet
  facet normal -0.649391 0.760455 0
    outer loop
      vertex -15.2657 -76.9989 13.6
      vertex -15.0151 -76.7849 2.5
      vertex -15.2657 -76.9989 2.5
    endloop
  endfacet
  facet normal -0.972385 0.233384 0
    outer loop
      vertex -14.5028 -75.9489 2.5
      vertex -14.4259 -75.6285 13.6
      vertex -14.4259 -75.6285 2.5
    endloop
  endfacet
  facet normal -0.972385 0.233384 0
    outer loop
      vertex -14.4259 -75.6285 13.6
      vertex -14.5028 -75.9489 2.5
      vertex -14.5028 -75.9489 13.6
    endloop
  endfacet
  facet normal 0.0785993 0.996906 -0
    outer loop
      vertex -16.5 -77.4 2.5
      vertex -16.8285 -77.3741 13.6
      vertex -16.5 -77.4 13.6
    endloop
  endfacet
  facet normal 0.0785993 0.996906 0
    outer loop
      vertex -16.8285 -77.3741 13.6
      vertex -16.5 -77.4 2.5
      vertex -16.8285 -77.3741 2.5
    endloop
  endfacet
  facet normal -0.382611 0.92391 0
    outer loop
      vertex -15.5466 -77.1711 2.5
      vertex -15.8511 -77.2972 13.6
      vertex -15.5466 -77.1711 13.6
    endloop
  endfacet
  facet normal -0.382611 0.92391 0
    outer loop
      vertex -15.8511 -77.2972 13.6
      vertex -15.5466 -77.1711 2.5
      vertex -15.8511 -77.2972 2.5
    endloop
  endfacet
  facet normal -0.0785993 -0.996906 0
    outer loop
      vertex -16.5 -73.2 2.5
      vertex -16.1715 -73.2259 13.6
      vertex -16.5 -73.2 13.6
    endloop
  endfacet
  facet normal -0.0785993 -0.996906 -0
    outer loop
      vertex -16.1715 -73.2259 13.6
      vertex -16.5 -73.2 2.5
      vertex -16.1715 -73.2259 2.5
    endloop
  endfacet
  facet normal -0.52264 -0.852553 0
    outer loop
      vertex -15.5466 -73.4289 2.5
      vertex -15.2657 -73.6011 13.6
      vertex -15.5466 -73.4289 13.6
    endloop
  endfacet
  facet normal -0.52264 -0.852553 -0
    outer loop
      vertex -15.2657 -73.6011 13.6
      vertex -15.5466 -73.4289 2.5
      vertex -15.2657 -73.6011 2.5
    endloop
  endfacet
  facet normal 0.382611 -0.92391 0
    outer loop
      vertex -17.4534 -73.4289 2.5
      vertex -17.1489 -73.3028 13.6
      vertex -17.4534 -73.4289 13.6
    endloop
  endfacet
  facet normal 0.382611 -0.92391 0
    outer loop
      vertex -17.1489 -73.3028 13.6
      vertex -17.4534 -73.4289 2.5
      vertex -17.1489 -73.3028 2.5
    endloop
  endfacet
  facet normal -0.852553 0.52264 0
    outer loop
      vertex -14.8011 -76.5343 2.5
      vertex -14.6289 -76.2534 13.6
      vertex -14.6289 -76.2534 2.5
    endloop
  endfacet
  facet normal -0.852553 0.52264 0
    outer loop
      vertex -14.6289 -76.2534 13.6
      vertex -14.8011 -76.5343 2.5
      vertex -14.8011 -76.5343 13.6
    endloop
  endfacet
  facet normal -0.92391 0.382611 0
    outer loop
      vertex -14.6289 -76.2534 2.5
      vertex -14.5028 -75.9489 13.6
      vertex -14.5028 -75.9489 2.5
    endloop
  endfacet
  facet normal -0.92391 0.382611 0
    outer loop
      vertex -14.5028 -75.9489 13.6
      vertex -14.6289 -76.2534 2.5
      vertex -14.6289 -76.2534 13.6
    endloop
  endfacet
  facet normal 0.996906 0.0785993 0
    outer loop
      vertex -18.5741 -75.6285 13.6
      vertex -18.6 -75.3 2.5
      vertex -18.6 -75.3 13.6
    endloop
  endfacet
  facet normal 0.996906 0.0785993 0
    outer loop
      vertex -18.6 -75.3 2.5
      vertex -18.5741 -75.6285 13.6
      vertex -18.5741 -75.6285 2.5
    endloop
  endfacet
  facet normal -0.233384 0.972385 0
    outer loop
      vertex -15.8511 -77.2972 2.5
      vertex -16.1715 -77.3741 13.6
      vertex -15.8511 -77.2972 13.6
    endloop
  endfacet
  facet normal -0.233384 0.972385 0
    outer loop
      vertex -16.1715 -77.3741 13.6
      vertex -15.8511 -77.2972 2.5
      vertex -16.1715 -77.3741 2.5
    endloop
  endfacet
  facet normal -0.852553 -0.52264 0
    outer loop
      vertex -14.6289 -74.3466 2.5
      vertex -14.8011 -74.0657 13.6
      vertex -14.8011 -74.0657 2.5
    endloop
  endfacet
  facet normal -0.852553 -0.52264 0
    outer loop
      vertex -14.8011 -74.0657 13.6
      vertex -14.6289 -74.3466 2.5
      vertex -14.6289 -74.3466 13.6
    endloop
  endfacet
  facet normal -0.92391 -0.382611 0
    outer loop
      vertex -14.5028 -74.6511 2.5
      vertex -14.6289 -74.3466 13.6
      vertex -14.6289 -74.3466 2.5
    endloop
  endfacet
  facet normal -0.92391 -0.382611 0
    outer loop
      vertex -14.6289 -74.3466 13.6
      vertex -14.5028 -74.6511 2.5
      vertex -14.5028 -74.6511 13.6
    endloop
  endfacet
  facet normal -0.972385 -0.233384 0
    outer loop
      vertex -14.4259 -74.9715 2.5
      vertex -14.5028 -74.6511 13.6
      vertex -14.5028 -74.6511 2.5
    endloop
  endfacet
  facet normal -0.972385 -0.233384 0
    outer loop
      vertex -14.5028 -74.6511 13.6
      vertex -14.4259 -74.9715 2.5
      vertex -14.4259 -74.9715 13.6
    endloop
  endfacet
  facet normal -0.0785993 0.996906 0
    outer loop
      vertex -16.1715 -77.3741 2.5
      vertex -16.5 -77.4 13.6
      vertex -16.1715 -77.3741 13.6
    endloop
  endfacet
  facet normal -0.0785993 0.996906 0
    outer loop
      vertex -16.5 -77.4 13.6
      vertex -16.1715 -77.3741 2.5
      vertex -16.5 -77.4 2.5
    endloop
  endfacet
  facet normal 0.52264 0.852553 -0
    outer loop
      vertex -17.4534 -77.1711 2.5
      vertex -17.7343 -76.9989 13.6
      vertex -17.4534 -77.1711 13.6
    endloop
  endfacet
  facet normal 0.52264 0.852553 0
    outer loop
      vertex -17.7343 -76.9989 13.6
      vertex -17.4534 -77.1711 2.5
      vertex -17.7343 -76.9989 2.5
    endloop
  endfacet
  facet normal 0.92391 0.382611 0
    outer loop
      vertex -18.3711 -76.2534 13.6
      vertex -18.4972 -75.9489 2.5
      vertex -18.4972 -75.9489 13.6
    endloop
  endfacet
  facet normal 0.92391 0.382611 0
    outer loop
      vertex -18.4972 -75.9489 2.5
      vertex -18.3711 -76.2534 13.6
      vertex -18.3711 -76.2534 2.5
    endloop
  endfacet
  facet normal 0.972385 0.233384 0
    outer loop
      vertex -18.4972 -75.9489 13.6
      vertex -18.5741 -75.6285 2.5
      vertex -18.5741 -75.6285 13.6
    endloop
  endfacet
  facet normal 0.972385 0.233384 0
    outer loop
      vertex -18.5741 -75.6285 2.5
      vertex -18.4972 -75.9489 13.6
      vertex -18.4972 -75.9489 2.5
    endloop
  endfacet
  facet normal -0.760455 0.649391 0
    outer loop
      vertex -15.0151 -76.7849 2.5
      vertex -14.8011 -76.5343 13.6
      vertex -14.8011 -76.5343 2.5
    endloop
  endfacet
  facet normal -0.760455 0.649391 0
    outer loop
      vertex -14.8011 -76.5343 13.6
      vertex -15.0151 -76.7849 2.5
      vertex -15.0151 -76.7849 13.6
    endloop
  endfacet
  facet normal 0.233384 0.972385 -0
    outer loop
      vertex -16.8285 -77.3741 2.5
      vertex -17.1489 -77.2972 13.6
      vertex -16.8285 -77.3741 13.6
    endloop
  endfacet
  facet normal 0.233384 0.972385 0
    outer loop
      vertex -17.1489 -77.2972 13.6
      vertex -16.8285 -77.3741 2.5
      vertex -17.1489 -77.2972 2.5
    endloop
  endfacet
  facet normal 0.382611 0.92391 -0
    outer loop
      vertex -17.1489 -77.2972 2.5
      vertex -17.4534 -77.1711 13.6
      vertex -17.1489 -77.2972 13.6
    endloop
  endfacet
  facet normal 0.382611 0.92391 0
    outer loop
      vertex -17.4534 -77.1711 13.6
      vertex -17.1489 -77.2972 2.5
      vertex -17.4534 -77.1711 2.5
    endloop
  endfacet
  facet normal 0.649391 0.760455 -0
    outer loop
      vertex -17.7343 -76.9989 2.5
      vertex -17.9849 -76.7849 13.6
      vertex -17.7343 -76.9989 13.6
    endloop
  endfacet
  facet normal 0.649391 0.760455 0
    outer loop
      vertex -17.9849 -76.7849 13.6
      vertex -17.7343 -76.9989 2.5
      vertex -17.9849 -76.7849 2.5
    endloop
  endfacet
  facet normal 0.760455 0.649391 0
    outer loop
      vertex -17.9849 -76.7849 13.6
      vertex -18.1989 -76.5343 2.5
      vertex -18.1989 -76.5343 13.6
    endloop
  endfacet
  facet normal 0.760455 0.649391 0
    outer loop
      vertex -18.1989 -76.5343 2.5
      vertex -17.9849 -76.7849 13.6
      vertex -17.9849 -76.7849 2.5
    endloop
  endfacet
  facet normal 0.852553 0.52264 0
    outer loop
      vertex -18.1989 -76.5343 13.6
      vertex -18.3711 -76.2534 2.5
      vertex -18.3711 -76.2534 13.6
    endloop
  endfacet
  facet normal 0.852553 0.52264 0
    outer loop
      vertex -18.3711 -76.2534 2.5
      vertex -18.1989 -76.5343 13.6
      vertex -18.1989 -76.5343 2.5
    endloop
  endfacet
  facet normal 0.522558 0.852604 -0
    outer loop
      vertex -215.149 -72.0639 2.5
      vertex -215.684 -71.736 13.6
      vertex -215.149 -72.0639 13.6
    endloop
  endfacet
  facet normal 0.522558 0.852604 0
    outer loop
      vertex -215.684 -71.736 13.6
      vertex -215.149 -72.0639 2.5
      vertex -215.684 -71.736 2.5
    endloop
  endfacet
  facet normal -0.923994 0.382408 0
    outer loop
      vertex -221.304 -74.0639 2.5
      vertex -221.064 -73.484 13.6
      vertex -221.064 -73.484 2.5
    endloop
  endfacet
  facet normal -0.923994 0.382408 0
    outer loop
      vertex -221.064 -73.484 13.6
      vertex -221.304 -74.0639 2.5
      vertex -221.304 -74.0639 13.6
    endloop
  endfacet
  facet normal -0.382624 -0.923904 0
    outer loop
      vertex -219.316 -78.864 2.5
      vertex -218.736 -79.1042 13.6
      vertex -219.316 -78.864 13.6
    endloop
  endfacet
  facet normal -0.382624 -0.923904 -0
    outer loop
      vertex -218.736 -79.1042 13.6
      vertex -219.316 -78.864 2.5
      vertex -218.736 -79.1042 2.5
    endloop
  endfacet
  facet normal -0.382624 0.923904 0
    outer loop
      vertex -218.736 -71.4958 2.5
      vertex -219.316 -71.736 13.6
      vertex -218.736 -71.4958 13.6
    endloop
  endfacet
  facet normal -0.382624 0.923904 0
    outer loop
      vertex -219.316 -71.736 13.6
      vertex -218.736 -71.4958 2.5
      vertex -219.316 -71.736 2.5
    endloop
  endfacet
  facet normal -0.852576 0.522603 0
    outer loop
      vertex -221.064 -73.484 2.5
      vertex -220.736 -72.9489 13.6
      vertex -220.736 -72.9489 2.5
    endloop
  endfacet
  facet normal -0.852576 0.522603 0
    outer loop
      vertex -220.736 -72.9489 13.6
      vertex -221.064 -73.484 2.5
      vertex -221.064 -73.484 13.6
    endloop
  endfacet
  facet normal -0.852576 -0.522603 0
    outer loop
      vertex -220.736 -77.6511 2.5
      vertex -221.064 -77.116 13.6
      vertex -221.064 -77.116 2.5
    endloop
  endfacet
  facet normal -0.852576 -0.522603 0
    outer loop
      vertex -221.064 -77.116 13.6
      vertex -220.736 -77.6511 2.5
      vertex -220.736 -77.6511 13.6
    endloop
  endfacet
  facet normal 0.923994 0.382408 0
    outer loop
      vertex -213.696 -74.0639 13.6
      vertex -213.936 -73.484 2.5
      vertex -213.936 -73.484 13.6
    endloop
  endfacet
  facet normal 0.923994 0.382408 0
    outer loop
      vertex -213.936 -73.484 2.5
      vertex -213.696 -74.0639 13.6
      vertex -213.696 -74.0639 2.5
    endloop
  endfacet
  facet normal 0.760133 0.649768 0
    outer loop
      vertex -214.264 -72.9489 13.6
      vertex -214.672 -72.4716 2.5
      vertex -214.672 -72.4716 13.6
    endloop
  endfacet
  facet normal 0.760133 0.649768 0
    outer loop
      vertex -214.672 -72.4716 2.5
      vertex -214.264 -72.9489 13.6
      vertex -214.264 -72.9489 2.5
    endloop
  endfacet
  facet normal 0.649728 0.760167 -0
    outer loop
      vertex -214.672 -72.4716 2.5
      vertex -215.149 -72.0639 13.6
      vertex -214.672 -72.4716 13.6
    endloop
  endfacet
  facet normal 0.649728 0.760167 0
    outer loop
      vertex -215.149 -72.0639 13.6
      vertex -214.672 -72.4716 2.5
      vertex -215.149 -72.0639 2.5
    endloop
  endfacet
  facet normal 0.382624 0.923904 -0
    outer loop
      vertex -215.684 -71.736 2.5
      vertex -216.264 -71.4958 13.6
      vertex -215.684 -71.736 13.6
    endloop
  endfacet
  facet normal 0.382624 0.923904 0
    outer loop
      vertex -216.264 -71.4958 13.6
      vertex -215.684 -71.736 2.5
      vertex -216.264 -71.4958 2.5
    endloop
  endfacet
  facet normal 0.0783526 0.996926 -0
    outer loop
      vertex -216.874 -71.3492 2.5
      vertex -217.5 -71.3 13.6
      vertex -216.874 -71.3492 13.6
    endloop
  endfacet
  facet normal 0.0783526 0.996926 0
    outer loop
      vertex -217.5 -71.3 13.6
      vertex -216.874 -71.3492 2.5
      vertex -217.5 -71.3 2.5
    endloop
  endfacet
  facet normal -0.760133 0.649768 0
    outer loop
      vertex -220.736 -72.9489 2.5
      vertex -220.328 -72.4716 13.6
      vertex -220.328 -72.4716 2.5
    endloop
  endfacet
  facet normal -0.760133 0.649768 0
    outer loop
      vertex -220.328 -72.4716 13.6
      vertex -220.736 -72.9489 2.5
      vertex -220.736 -72.9489 13.6
    endloop
  endfacet
  facet normal -0.522558 0.852604 0
    outer loop
      vertex -219.316 -71.736 2.5
      vertex -219.851 -72.0639 13.6
      vertex -219.316 -71.736 13.6
    endloop
  endfacet
  facet normal -0.522558 0.852604 0
    outer loop
      vertex -219.851 -72.0639 13.6
      vertex -219.316 -71.736 2.5
      vertex -219.851 -72.0639 2.5
    endloop
  endfacet
  facet normal -0.649728 0.760167 0
    outer loop
      vertex -219.851 -72.0639 2.5
      vertex -220.328 -72.4716 13.6
      vertex -219.851 -72.0639 13.6
    endloop
  endfacet
  facet normal -0.649728 0.760167 0
    outer loop
      vertex -220.328 -72.4716 13.6
      vertex -219.851 -72.0639 2.5
      vertex -220.328 -72.4716 2.5
    endloop
  endfacet
  facet normal 0.996948 0.0780733 0
    outer loop
      vertex -213.5 -75.3 13.6
      vertex -213.549 -74.6743 2.5
      vertex -213.549 -74.6743 13.6
    endloop
  endfacet
  facet normal 0.996948 0.0780733 0
    outer loop
      vertex -213.549 -74.6743 2.5
      vertex -213.5 -75.3 13.6
      vertex -213.5 -75.3 2.5
    endloop
  endfacet
  facet normal 0.382624 -0.923904 0
    outer loop
      vertex -216.264 -79.1042 2.5
      vertex -215.684 -78.864 13.6
      vertex -216.264 -79.1042 13.6
    endloop
  endfacet
  facet normal 0.382624 -0.923904 0
    outer loop
      vertex -215.684 -78.864 13.6
      vertex -216.264 -79.1042 2.5
      vertex -215.684 -78.864 2.5
    endloop
  endfacet
  facet normal 0.760133 -0.649768 0
    outer loop
      vertex -214.672 -78.1284 13.6
      vertex -214.264 -77.6511 2.5
      vertex -214.264 -77.6511 13.6
    endloop
  endfacet
  facet normal 0.760133 -0.649768 0
    outer loop
      vertex -214.264 -77.6511 2.5
      vertex -214.672 -78.1284 13.6
      vertex -214.672 -78.1284 2.5
    endloop
  endfacet
  facet normal 0.522558 -0.852604 0
    outer loop
      vertex -215.684 -78.864 2.5
      vertex -215.149 -78.5361 13.6
      vertex -215.684 -78.864 13.6
    endloop
  endfacet
  facet normal 0.522558 -0.852604 0
    outer loop
      vertex -215.149 -78.5361 13.6
      vertex -215.684 -78.864 2.5
      vertex -215.149 -78.5361 2.5
    endloop
  endfacet
  facet normal 0.852576 -0.522603 0
    outer loop
      vertex -214.264 -77.6511 13.6
      vertex -213.936 -77.116 2.5
      vertex -213.936 -77.116 13.6
    endloop
  endfacet
  facet normal 0.852576 -0.522603 0
    outer loop
      vertex -213.936 -77.116 2.5
      vertex -214.264 -77.6511 13.6
      vertex -214.264 -77.6511 2.5
    endloop
  endfacet
  facet normal -0.649728 -0.760167 0
    outer loop
      vertex -220.328 -78.1284 2.5
      vertex -219.851 -78.5361 13.6
      vertex -220.328 -78.1284 13.6
    endloop
  endfacet
  facet normal -0.649728 -0.760167 -0
    outer loop
      vertex -219.851 -78.5361 13.6
      vertex -220.328 -78.1284 2.5
      vertex -219.851 -78.5361 2.5
    endloop
  endfacet
  facet normal -0.522558 -0.852604 0
    outer loop
      vertex -219.851 -78.5361 2.5
      vertex -219.316 -78.864 13.6
      vertex -219.851 -78.5361 13.6
    endloop
  endfacet
  facet normal -0.522558 -0.852604 -0
    outer loop
      vertex -219.316 -78.864 13.6
      vertex -219.851 -78.5361 2.5
      vertex -219.316 -78.864 2.5
    endloop
  endfacet
  facet normal 0.972205 0.234132 0
    outer loop
      vertex -213.549 -74.6743 13.6
      vertex -213.696 -74.0639 2.5
      vertex -213.696 -74.0639 13.6
    endloop
  endfacet
  facet normal 0.972205 0.234132 0
    outer loop
      vertex -213.696 -74.0639 2.5
      vertex -213.549 -74.6743 13.6
      vertex -213.549 -74.6743 2.5
    endloop
  endfacet
  facet normal 0.852576 0.522603 0
    outer loop
      vertex -213.936 -73.484 13.6
      vertex -214.264 -72.9489 2.5
      vertex -214.264 -72.9489 13.6
    endloop
  endfacet
  facet normal 0.852576 0.522603 0
    outer loop
      vertex -214.264 -72.9489 2.5
      vertex -213.936 -73.484 13.6
      vertex -213.936 -73.484 2.5
    endloop
  endfacet
  facet normal 0.233674 0.972315 -0
    outer loop
      vertex -216.264 -71.4958 2.5
      vertex -216.874 -71.3492 13.6
      vertex -216.264 -71.4958 13.6
    endloop
  endfacet
  facet normal 0.233674 0.972315 0
    outer loop
      vertex -216.874 -71.3492 13.6
      vertex -216.264 -71.4958 2.5
      vertex -216.874 -71.3492 2.5
    endloop
  endfacet
  facet normal -0.996948 0.0780733 0
    outer loop
      vertex -221.5 -75.3 2.5
      vertex -221.451 -74.6743 13.6
      vertex -221.451 -74.6743 2.5
    endloop
  endfacet
  facet normal -0.996948 0.0780733 0
    outer loop
      vertex -221.451 -74.6743 13.6
      vertex -221.5 -75.3 2.5
      vertex -221.5 -75.3 13.6
    endloop
  endfacet
  facet normal -0.972205 0.234132 0
    outer loop
      vertex -221.451 -74.6743 2.5
      vertex -221.304 -74.0639 13.6
      vertex -221.304 -74.0639 2.5
    endloop
  endfacet
  facet normal -0.972205 0.234132 0
    outer loop
      vertex -221.304 -74.0639 13.6
      vertex -221.451 -74.6743 2.5
      vertex -221.451 -74.6743 13.6
    endloop
  endfacet
  facet normal -0.0783526 0.996926 0
    outer loop
      vertex -217.5 -71.3 2.5
      vertex -218.126 -71.3492 13.6
      vertex -217.5 -71.3 13.6
    endloop
  endfacet
  facet normal -0.0783526 0.996926 0
    outer loop
      vertex -218.126 -71.3492 13.6
      vertex -217.5 -71.3 2.5
      vertex -218.126 -71.3492 2.5
    endloop
  endfacet
  facet normal -0.233674 0.972315 0
    outer loop
      vertex -218.126 -71.3492 2.5
      vertex -218.736 -71.4958 13.6
      vertex -218.126 -71.3492 13.6
    endloop
  endfacet
  facet normal -0.233674 0.972315 0
    outer loop
      vertex -218.736 -71.4958 13.6
      vertex -218.126 -71.3492 2.5
      vertex -218.736 -71.4958 2.5
    endloop
  endfacet
  facet normal 0.996948 -0.0780733 0
    outer loop
      vertex -213.549 -75.9257 13.6
      vertex -213.5 -75.3 2.5
      vertex -213.5 -75.3 13.6
    endloop
  endfacet
  facet normal 0.996948 -0.0780733 0
    outer loop
      vertex -213.5 -75.3 2.5
      vertex -213.549 -75.9257 13.6
      vertex -213.549 -75.9257 2.5
    endloop
  endfacet
  facet normal 0.972205 -0.234132 0
    outer loop
      vertex -213.696 -76.5361 13.6
      vertex -213.549 -75.9257 2.5
      vertex -213.549 -75.9257 13.6
    endloop
  endfacet
  facet normal 0.972205 -0.234132 0
    outer loop
      vertex -213.549 -75.9257 2.5
      vertex -213.696 -76.5361 13.6
      vertex -213.696 -76.5361 2.5
    endloop
  endfacet
  facet normal 0.0783526 -0.996926 0
    outer loop
      vertex -217.5 -79.3 2.5
      vertex -216.874 -79.2508 13.6
      vertex -217.5 -79.3 13.6
    endloop
  endfacet
  facet normal 0.0783526 -0.996926 0
    outer loop
      vertex -216.874 -79.2508 13.6
      vertex -217.5 -79.3 2.5
      vertex -216.874 -79.2508 2.5
    endloop
  endfacet
  facet normal 0.233674 -0.972315 0
    outer loop
      vertex -216.874 -79.2508 2.5
      vertex -216.264 -79.1042 13.6
      vertex -216.874 -79.2508 13.6
    endloop
  endfacet
  facet normal 0.233674 -0.972315 0
    outer loop
      vertex -216.264 -79.1042 13.6
      vertex -216.874 -79.2508 2.5
      vertex -216.264 -79.1042 2.5
    endloop
  endfacet
  facet normal 0.649728 -0.760167 0
    outer loop
      vertex -215.149 -78.5361 2.5
      vertex -214.672 -78.1284 13.6
      vertex -215.149 -78.5361 13.6
    endloop
  endfacet
  facet normal 0.649728 -0.760167 0
    outer loop
      vertex -214.672 -78.1284 13.6
      vertex -215.149 -78.5361 2.5
      vertex -214.672 -78.1284 2.5
    endloop
  endfacet
  facet normal 0.923994 -0.382408 0
    outer loop
      vertex -213.936 -77.116 13.6
      vertex -213.696 -76.5361 2.5
      vertex -213.696 -76.5361 13.6
    endloop
  endfacet
  facet normal 0.923994 -0.382408 0
    outer loop
      vertex -213.696 -76.5361 2.5
      vertex -213.936 -77.116 13.6
      vertex -213.936 -77.116 2.5
    endloop
  endfacet
  facet normal -0.233674 -0.972315 0
    outer loop
      vertex -218.736 -79.1042 2.5
      vertex -218.126 -79.2508 13.6
      vertex -218.736 -79.1042 13.6
    endloop
  endfacet
  facet normal -0.233674 -0.972315 -0
    outer loop
      vertex -218.126 -79.2508 13.6
      vertex -218.736 -79.1042 2.5
      vertex -218.126 -79.2508 2.5
    endloop
  endfacet
  facet normal -0.0783526 -0.996926 0
    outer loop
      vertex -218.126 -79.2508 2.5
      vertex -217.5 -79.3 13.6
      vertex -218.126 -79.2508 13.6
    endloop
  endfacet
  facet normal -0.0783526 -0.996926 -0
    outer loop
      vertex -217.5 -79.3 13.6
      vertex -218.126 -79.2508 2.5
      vertex -217.5 -79.3 2.5
    endloop
  endfacet
  facet normal -0.923994 -0.382408 0
    outer loop
      vertex -221.064 -77.116 2.5
      vertex -221.304 -76.5361 13.6
      vertex -221.304 -76.5361 2.5
    endloop
  endfacet
  facet normal -0.923994 -0.382408 0
    outer loop
      vertex -221.304 -76.5361 13.6
      vertex -221.064 -77.116 2.5
      vertex -221.064 -77.116 13.6
    endloop
  endfacet
  facet normal -0.996948 -0.0780733 0
    outer loop
      vertex -221.451 -75.9257 2.5
      vertex -221.5 -75.3 13.6
      vertex -221.5 -75.3 2.5
    endloop
  endfacet
  facet normal -0.996948 -0.0780733 0
    outer loop
      vertex -221.5 -75.3 13.6
      vertex -221.451 -75.9257 2.5
      vertex -221.451 -75.9257 13.6
    endloop
  endfacet
  facet normal -0.760133 -0.649768 0
    outer loop
      vertex -220.328 -78.1284 2.5
      vertex -220.736 -77.6511 13.6
      vertex -220.736 -77.6511 2.5
    endloop
  endfacet
  facet normal -0.760133 -0.649768 0
    outer loop
      vertex -220.736 -77.6511 13.6
      vertex -220.328 -78.1284 2.5
      vertex -220.328 -78.1284 13.6
    endloop
  endfacet
  facet normal -0.972205 -0.234132 0
    outer loop
      vertex -221.304 -76.5361 2.5
      vertex -221.451 -75.9257 13.6
      vertex -221.451 -75.9257 2.5
    endloop
  endfacet
  facet normal -0.972205 -0.234132 0
    outer loop
      vertex -221.451 -75.9257 13.6
      vertex -221.304 -76.5361 2.5
      vertex -221.304 -76.5361 13.6
    endloop
  endfacet
  facet normal 0.972316 -0.233671 0
    outer loop
      vertex -219.574 -74.9715 13.6
      vertex -219.497 -74.6511 2.5
      vertex -219.497 -74.6511 13.6
    endloop
  endfacet
  facet normal 0.972316 -0.233671 0
    outer loop
      vertex -219.497 -74.6511 2.5
      vertex -219.574 -74.9715 13.6
      vertex -219.574 -74.9715 2.5
    endloop
  endfacet
  facet normal -0.760455 -0.649391 0
    outer loop
      vertex -215.801 -74.0657 2.5
      vertex -216.015 -73.8151 13.6
      vertex -216.015 -73.8151 2.5
    endloop
  endfacet
  facet normal -0.760455 -0.649391 0
    outer loop
      vertex -216.015 -73.8151 13.6
      vertex -215.801 -74.0657 2.5
      vertex -215.801 -74.0657 13.6
    endloop
  endfacet
  facet normal -0.23366 -0.972318 0
    outer loop
      vertex -217.171 -73.2259 2.5
      vertex -216.851 -73.3028 13.6
      vertex -217.171 -73.2259 13.6
    endloop
  endfacet
  facet normal -0.23366 -0.972318 -0
    outer loop
      vertex -216.851 -73.3028 13.6
      vertex -217.171 -73.2259 2.5
      vertex -216.851 -73.3028 2.5
    endloop
  endfacet
  facet normal 0.522505 -0.852636 0
    outer loop
      vertex -218.734 -73.6011 2.5
      vertex -218.453 -73.4289 13.6
      vertex -218.734 -73.6011 13.6
    endloop
  endfacet
  facet normal 0.522505 -0.852636 0
    outer loop
      vertex -218.453 -73.4289 13.6
      vertex -218.734 -73.6011 2.5
      vertex -218.453 -73.4289 2.5
    endloop
  endfacet
  facet normal 0.924017 -0.382352 0
    outer loop
      vertex -219.497 -74.6511 13.6
      vertex -219.371 -74.3466 2.5
      vertex -219.371 -74.3466 13.6
    endloop
  endfacet
  facet normal 0.924017 -0.382352 0
    outer loop
      vertex -219.371 -74.3466 2.5
      vertex -219.497 -74.6511 13.6
      vertex -219.497 -74.6511 2.5
    endloop
  endfacet
  facet normal -0.996882 0.0789009 0
    outer loop
      vertex -215.426 -75.6285 2.5
      vertex -215.4 -75.3 13.6
      vertex -215.4 -75.3 2.5
    endloop
  endfacet
  facet normal -0.996882 0.0789009 0
    outer loop
      vertex -215.4 -75.3 13.6
      vertex -215.426 -75.6285 2.5
      vertex -215.426 -75.6285 13.6
    endloop
  endfacet
  facet normal -0.522505 0.852636 0
    outer loop
      vertex -216.266 -76.9989 2.5
      vertex -216.547 -77.1711 13.6
      vertex -216.266 -76.9989 13.6
    endloop
  endfacet
  facet normal -0.522505 0.852636 0
    outer loop
      vertex -216.547 -77.1711 13.6
      vertex -216.266 -76.9989 2.5
      vertex -216.547 -77.1711 2.5
    endloop
  endfacet
  facet normal -0.648792 -0.760966 0
    outer loop
      vertex -216.266 -73.6011 2.5
      vertex -216.015 -73.8151 13.6
      vertex -216.266 -73.6011 13.6
    endloop
  endfacet
  facet normal -0.648792 -0.760966 -0
    outer loop
      vertex -216.015 -73.8151 13.6
      vertex -216.266 -73.6011 2.5
      vertex -216.015 -73.8151 2.5
    endloop
  endfacet
  facet normal 0.0784806 -0.996916 0
    outer loop
      vertex -217.829 -73.2259 2.5
      vertex -217.5 -73.2 13.6
      vertex -217.829 -73.2259 13.6
    endloop
  endfacet
  facet normal 0.0784806 -0.996916 0
    outer loop
      vertex -217.5 -73.2 13.6
      vertex -217.829 -73.2259 2.5
      vertex -217.5 -73.2 2.5
    endloop
  endfacet
  facet normal -0.383148 -0.923687 0
    outer loop
      vertex -216.851 -73.3028 2.5
      vertex -216.547 -73.4289 13.6
      vertex -216.851 -73.3028 13.6
    endloop
  endfacet
  facet normal -0.383148 -0.923687 -0
    outer loop
      vertex -216.547 -73.4289 13.6
      vertex -216.851 -73.3028 2.5
      vertex -216.547 -73.4289 2.5
    endloop
  endfacet
  facet normal 0.996882 -0.0789009 0
    outer loop
      vertex -219.6 -75.3 13.6
      vertex -219.574 -74.9715 2.5
      vertex -219.574 -74.9715 13.6
    endloop
  endfacet
  facet normal 0.996882 -0.0789009 0
    outer loop
      vertex -219.574 -74.9715 2.5
      vertex -219.6 -75.3 13.6
      vertex -219.6 -75.3 2.5
    endloop
  endfacet
  facet normal 0.852824 -0.522199 0
    outer loop
      vertex -219.371 -74.3466 13.6
      vertex -219.199 -74.0657 2.5
      vertex -219.199 -74.0657 13.6
    endloop
  endfacet
  facet normal 0.852824 -0.522199 0
    outer loop
      vertex -219.199 -74.0657 2.5
      vertex -219.371 -74.3466 13.6
      vertex -219.371 -74.3466 2.5
    endloop
  endfacet
  facet normal 0.648792 -0.760966 0
    outer loop
      vertex -218.985 -73.8151 2.5
      vertex -218.734 -73.6011 13.6
      vertex -218.985 -73.8151 13.6
    endloop
  endfacet
  facet normal 0.648792 -0.760966 0
    outer loop
      vertex -218.734 -73.6011 13.6
      vertex -218.985 -73.8151 2.5
      vertex -218.734 -73.6011 2.5
    endloop
  endfacet
  facet normal 0.23366 -0.972318 0
    outer loop
      vertex -218.149 -73.3028 2.5
      vertex -217.829 -73.2259 13.6
      vertex -218.149 -73.3028 13.6
    endloop
  endfacet
  facet normal 0.23366 -0.972318 0
    outer loop
      vertex -217.829 -73.2259 13.6
      vertex -218.149 -73.3028 2.5
      vertex -217.829 -73.2259 2.5
    endloop
  endfacet
  facet normal 0.760455 -0.649391 0
    outer loop
      vertex -219.199 -74.0657 13.6
      vertex -218.985 -73.8151 2.5
      vertex -218.985 -73.8151 13.6
    endloop
  endfacet
  facet normal 0.760455 -0.649391 0
    outer loop
      vertex -218.985 -73.8151 2.5
      vertex -219.199 -74.0657 13.6
      vertex -219.199 -74.0657 2.5
    endloop
  endfacet
  facet normal -0.996882 -0.0789009 0
    outer loop
      vertex -215.4 -75.3 2.5
      vertex -215.426 -74.9715 13.6
      vertex -215.426 -74.9715 2.5
    endloop
  endfacet
  facet normal -0.996882 -0.0789009 0
    outer loop
      vertex -215.426 -74.9715 13.6
      vertex -215.4 -75.3 2.5
      vertex -215.4 -75.3 13.6
    endloop
  endfacet
  facet normal -0.648792 0.760966 0
    outer loop
      vertex -216.015 -76.7849 2.5
      vertex -216.266 -76.9989 13.6
      vertex -216.015 -76.7849 13.6
    endloop
  endfacet
  facet normal -0.648792 0.760966 0
    outer loop
      vertex -216.266 -76.9989 13.6
      vertex -216.015 -76.7849 2.5
      vertex -216.266 -76.9989 2.5
    endloop
  endfacet
  facet normal -0.972316 0.233671 0
    outer loop
      vertex -215.503 -75.9489 2.5
      vertex -215.426 -75.6285 13.6
      vertex -215.426 -75.6285 2.5
    endloop
  endfacet
  facet normal -0.972316 0.233671 0
    outer loop
      vertex -215.426 -75.6285 13.6
      vertex -215.503 -75.9489 2.5
      vertex -215.503 -75.9489 13.6
    endloop
  endfacet
  facet normal 0.0784806 0.996916 -0
    outer loop
      vertex -217.5 -77.4 2.5
      vertex -217.829 -77.3741 13.6
      vertex -217.5 -77.4 13.6
    endloop
  endfacet
  facet normal 0.0784806 0.996916 0
    outer loop
      vertex -217.829 -77.3741 13.6
      vertex -217.5 -77.4 2.5
      vertex -217.829 -77.3741 2.5
    endloop
  endfacet
  facet normal -0.383148 0.923687 0
    outer loop
      vertex -216.547 -77.1711 2.5
      vertex -216.851 -77.2972 13.6
      vertex -216.547 -77.1711 13.6
    endloop
  endfacet
  facet normal -0.383148 0.923687 0
    outer loop
      vertex -216.851 -77.2972 13.6
      vertex -216.547 -77.1711 2.5
      vertex -216.851 -77.2972 2.5
    endloop
  endfacet
  facet normal -0.0784806 -0.996916 0
    outer loop
      vertex -217.5 -73.2 2.5
      vertex -217.171 -73.2259 13.6
      vertex -217.5 -73.2 13.6
    endloop
  endfacet
  facet normal -0.0784806 -0.996916 -0
    outer loop
      vertex -217.171 -73.2259 13.6
      vertex -217.5 -73.2 2.5
      vertex -217.171 -73.2259 2.5
    endloop
  endfacet
  facet normal -0.522505 -0.852636 0
    outer loop
      vertex -216.547 -73.4289 2.5
      vertex -216.266 -73.6011 13.6
      vertex -216.547 -73.4289 13.6
    endloop
  endfacet
  facet normal -0.522505 -0.852636 -0
    outer loop
      vertex -216.266 -73.6011 13.6
      vertex -216.547 -73.4289 2.5
      vertex -216.266 -73.6011 2.5
    endloop
  endfacet
  facet normal 0.383148 -0.923687 0
    outer loop
      vertex -218.453 -73.4289 2.5
      vertex -218.149 -73.3028 13.6
      vertex -218.453 -73.4289 13.6
    endloop
  endfacet
  facet normal 0.383148 -0.923687 0
    outer loop
      vertex -218.149 -73.3028 13.6
      vertex -218.453 -73.4289 2.5
      vertex -218.149 -73.3028 2.5
    endloop
  endfacet
  facet normal -0.852824 0.522199 0
    outer loop
      vertex -215.801 -76.5343 2.5
      vertex -215.629 -76.2534 13.6
      vertex -215.629 -76.2534 2.5
    endloop
  endfacet
  facet normal -0.852824 0.522199 0
    outer loop
      vertex -215.629 -76.2534 13.6
      vertex -215.801 -76.5343 2.5
      vertex -215.801 -76.5343 13.6
    endloop
  endfacet
  facet normal -0.924017 0.382352 0
    outer loop
      vertex -215.629 -76.2534 2.5
      vertex -215.503 -75.9489 13.6
      vertex -215.503 -75.9489 2.5
    endloop
  endfacet
  facet normal -0.924017 0.382352 0
    outer loop
      vertex -215.503 -75.9489 13.6
      vertex -215.629 -76.2534 2.5
      vertex -215.629 -76.2534 13.6
    endloop
  endfacet
  facet normal 0.996882 0.0789009 0
    outer loop
      vertex -219.574 -75.6285 13.6
      vertex -219.6 -75.3 2.5
      vertex -219.6 -75.3 13.6
    endloop
  endfacet
  facet normal 0.996882 0.0789009 0
    outer loop
      vertex -219.6 -75.3 2.5
      vertex -219.574 -75.6285 13.6
      vertex -219.574 -75.6285 2.5
    endloop
  endfacet
  facet normal -0.23366 0.972318 0
    outer loop
      vertex -216.851 -77.2972 2.5
      vertex -217.171 -77.3741 13.6
      vertex -216.851 -77.2972 13.6
    endloop
  endfacet
  facet normal -0.23366 0.972318 0
    outer loop
      vertex -217.171 -77.3741 13.6
      vertex -216.851 -77.2972 2.5
      vertex -217.171 -77.3741 2.5
    endloop
  endfacet
  facet normal -0.852824 -0.522199 0
    outer loop
      vertex -215.629 -74.3466 2.5
      vertex -215.801 -74.0657 13.6
      vertex -215.801 -74.0657 2.5
    endloop
  endfacet
  facet normal -0.852824 -0.522199 0
    outer loop
      vertex -215.801 -74.0657 13.6
      vertex -215.629 -74.3466 2.5
      vertex -215.629 -74.3466 13.6
    endloop
  endfacet
  facet normal -0.924017 -0.382352 0
    outer loop
      vertex -215.503 -74.6511 2.5
      vertex -215.629 -74.3466 13.6
      vertex -215.629 -74.3466 2.5
    endloop
  endfacet
  facet normal -0.924017 -0.382352 0
    outer loop
      vertex -215.629 -74.3466 13.6
      vertex -215.503 -74.6511 2.5
      vertex -215.503 -74.6511 13.6
    endloop
  endfacet
  facet normal -0.972316 -0.233671 0
    outer loop
      vertex -215.426 -74.9715 2.5
      vertex -215.503 -74.6511 13.6
      vertex -215.503 -74.6511 2.5
    endloop
  endfacet
  facet normal -0.972316 -0.233671 0
    outer loop
      vertex -215.503 -74.6511 13.6
      vertex -215.426 -74.9715 2.5
      vertex -215.426 -74.9715 13.6
    endloop
  endfacet
  facet normal -0.0784806 0.996916 0
    outer loop
      vertex -217.171 -77.3741 2.5
      vertex -217.5 -77.4 13.6
      vertex -217.171 -77.3741 13.6
    endloop
  endfacet
  facet normal -0.0784806 0.996916 0
    outer loop
      vertex -217.5 -77.4 13.6
      vertex -217.171 -77.3741 2.5
      vertex -217.5 -77.4 2.5
    endloop
  endfacet
  facet normal 0.522505 0.852636 -0
    outer loop
      vertex -218.453 -77.1711 2.5
      vertex -218.734 -76.9989 13.6
      vertex -218.453 -77.1711 13.6
    endloop
  endfacet
  facet normal 0.522505 0.852636 0
    outer loop
      vertex -218.734 -76.9989 13.6
      vertex -218.453 -77.1711 2.5
      vertex -218.734 -76.9989 2.5
    endloop
  endfacet
  facet normal 0.924017 0.382352 0
    outer loop
      vertex -219.371 -76.2534 13.6
      vertex -219.497 -75.9489 2.5
      vertex -219.497 -75.9489 13.6
    endloop
  endfacet
  facet normal 0.924017 0.382352 0
    outer loop
      vertex -219.497 -75.9489 2.5
      vertex -219.371 -76.2534 13.6
      vertex -219.371 -76.2534 2.5
    endloop
  endfacet
  facet normal 0.972316 0.233671 0
    outer loop
      vertex -219.497 -75.9489 13.6
      vertex -219.574 -75.6285 2.5
      vertex -219.574 -75.6285 13.6
    endloop
  endfacet
  facet normal 0.972316 0.233671 0
    outer loop
      vertex -219.574 -75.6285 2.5
      vertex -219.497 -75.9489 13.6
      vertex -219.497 -75.9489 2.5
    endloop
  endfacet
  facet normal -0.760455 0.649391 0
    outer loop
      vertex -216.015 -76.7849 2.5
      vertex -215.801 -76.5343 13.6
      vertex -215.801 -76.5343 2.5
    endloop
  endfacet
  facet normal -0.760455 0.649391 0
    outer loop
      vertex -215.801 -76.5343 13.6
      vertex -216.015 -76.7849 2.5
      vertex -216.015 -76.7849 13.6
    endloop
  endfacet
  facet normal 0.23366 0.972318 -0
    outer loop
      vertex -217.829 -77.3741 2.5
      vertex -218.149 -77.2972 13.6
      vertex -217.829 -77.3741 13.6
    endloop
  endfacet
  facet normal 0.23366 0.972318 0
    outer loop
      vertex -218.149 -77.2972 13.6
      vertex -217.829 -77.3741 2.5
      vertex -218.149 -77.2972 2.5
    endloop
  endfacet
  facet normal 0.383148 0.923687 -0
    outer loop
      vertex -218.149 -77.2972 2.5
      vertex -218.453 -77.1711 13.6
      vertex -218.149 -77.2972 13.6
    endloop
  endfacet
  facet normal 0.383148 0.923687 0
    outer loop
      vertex -218.453 -77.1711 13.6
      vertex -218.149 -77.2972 2.5
      vertex -218.453 -77.1711 2.5
    endloop
  endfacet
  facet normal 0.648792 0.760966 -0
    outer loop
      vertex -218.734 -76.9989 2.5
      vertex -218.985 -76.7849 13.6
      vertex -218.734 -76.9989 13.6
    endloop
  endfacet
  facet normal 0.648792 0.760966 0
    outer loop
      vertex -218.985 -76.7849 13.6
      vertex -218.734 -76.9989 2.5
      vertex -218.985 -76.7849 2.5
    endloop
  endfacet
  facet normal 0.760455 0.649391 0
    outer loop
      vertex -218.985 -76.7849 13.6
      vertex -219.199 -76.5343 2.5
      vertex -219.199 -76.5343 13.6
    endloop
  endfacet
  facet normal 0.760455 0.649391 0
    outer loop
      vertex -219.199 -76.5343 2.5
      vertex -218.985 -76.7849 13.6
      vertex -218.985 -76.7849 2.5
    endloop
  endfacet
  facet normal 0.852824 0.522199 0
    outer loop
      vertex -219.199 -76.5343 13.6
      vertex -219.371 -76.2534 2.5
      vertex -219.371 -76.2534 13.6
    endloop
  endfacet
  facet normal 0.852824 0.522199 0
    outer loop
      vertex -219.371 -76.2534 2.5
      vertex -219.199 -76.5343 13.6
      vertex -219.199 -76.5343 2.5
    endloop
  endfacet
  facet normal -0.760493 -0.649347 0
    outer loop
      vertex 218.794 76.2405 2.4
      vertex 218.631 76.4314 2.5
      vertex 218.631 76.4314 2.4
    endloop
  endfacet
  facet normal -0.760493 -0.649347 0
    outer loop
      vertex 218.631 76.4314 2.5
      vertex 218.794 76.2405 2.4
      vertex 218.794 76.2405 2.5
    endloop
  endfacet
  facet normal -0.382692 -0.923876 0
    outer loop
      vertex 217.994 76.8217 2.4
      vertex 218.226 76.7256 2.5
      vertex 217.994 76.8217 2.5
    endloop
  endfacet
  facet normal -0.382692 -0.923876 -0
    outer loop
      vertex 218.226 76.7256 2.5
      vertex 217.994 76.8217 2.4
      vertex 218.226 76.7256 2.4
    endloop
  endfacet
  facet normal 0.233524 -0.972351 0
    outer loop
      vertex 217.006 76.8217 2.4
      vertex 217.25 76.8803 2.5
      vertex 217.006 76.8217 2.5
    endloop
  endfacet
  facet normal 0.233524 -0.972351 0
    outer loop
      vertex 217.25 76.8803 2.5
      vertex 217.006 76.8217 2.4
      vertex 217.25 76.8803 2.4
    endloop
  endfacet
  facet normal 0.924017 -0.382352 0
    outer loop
      vertex 215.978 75.7944 2.5
      vertex 216.074 76.0264 2.4
      vertex 216.074 76.0264 2.5
    endloop
  endfacet
  facet normal 0.924017 -0.382352 0
    outer loop
      vertex 216.074 76.0264 2.4
      vertex 215.978 75.7944 2.5
      vertex 215.978 75.7944 2.4
    endloop
  endfacet
  facet normal -0.972913 0.231171 0
    outer loop
      vertex 219.022 74.8056 2.4
      vertex 219.08 75.0497 2.5
      vertex 219.08 75.0497 2.4
    endloop
  endfacet
  facet normal -0.972913 0.231171 0
    outer loop
      vertex 219.08 75.0497 2.5
      vertex 219.022 74.8056 2.4
      vertex 219.022 74.8056 2.5
    endloop
  endfacet
  facet normal -0.233524 0.972351 0
    outer loop
      vertex 217.994 73.7783 2.4
      vertex 217.75 73.7197 2.5
      vertex 217.994 73.7783 2.5
    endloop
  endfacet
  facet normal -0.233524 0.972351 0
    outer loop
      vertex 217.75 73.7197 2.5
      vertex 217.994 73.7783 2.4
      vertex 217.75 73.7197 2.4
    endloop
  endfacet
  facet normal -0.972913 -0.231171 0
    outer loop
      vertex 219.08 75.5503 2.4
      vertex 219.022 75.7944 2.5
      vertex 219.022 75.7944 2.4
    endloop
  endfacet
  facet normal -0.972913 -0.231171 0
    outer loop
      vertex 219.022 75.7944 2.5
      vertex 219.08 75.5503 2.4
      vertex 219.08 75.5503 2.5
    endloop
  endfacet
  facet normal -0.64915 -0.76066 0
    outer loop
      vertex 218.44 76.5944 2.4
      vertex 218.631 76.4314 2.5
      vertex 218.44 76.5944 2.5
    endloop
  endfacet
  facet normal -0.64915 -0.76066 -0
    outer loop
      vertex 218.631 76.4314 2.5
      vertex 218.44 76.5944 2.4
      vertex 218.631 76.4314 2.4
    endloop
  endfacet
  facet normal -0.0785565 -0.99691 0
    outer loop
      vertex 217.5 76.9 2.4
      vertex 217.75 76.8803 2.5
      vertex 217.5 76.9 2.5
    endloop
  endfacet
  facet normal -0.0785565 -0.99691 -0
    outer loop
      vertex 217.75 76.8803 2.5
      vertex 217.5 76.9 2.4
      vertex 217.75 76.8803 2.4
    endloop
  endfacet
  facet normal -0.522674 -0.852533 0
    outer loop
      vertex 218.226 76.7256 2.4
      vertex 218.44 76.5944 2.5
      vertex 218.226 76.7256 2.5
    endloop
  endfacet
  facet normal -0.522674 -0.852533 -0
    outer loop
      vertex 218.44 76.5944 2.5
      vertex 218.226 76.7256 2.4
      vertex 218.44 76.5944 2.4
    endloop
  endfacet
  facet normal 0.996823 -0.0796502 0
    outer loop
      vertex 215.9 75.3 2.5
      vertex 215.92 75.5503 2.4
      vertex 215.92 75.5503 2.5
    endloop
  endfacet
  facet normal 0.996823 -0.0796502 0
    outer loop
      vertex 215.92 75.5503 2.4
      vertex 215.9 75.3 2.5
      vertex 215.9 75.3 2.4
    endloop
  endfacet
  facet normal 0.760493 -0.649347 0
    outer loop
      vertex 216.206 76.2405 2.5
      vertex 216.369 76.4314 2.4
      vertex 216.369 76.4314 2.5
    endloop
  endfacet
  facet normal 0.760493 -0.649347 0
    outer loop
      vertex 216.369 76.4314 2.4
      vertex 216.206 76.2405 2.5
      vertex 216.206 76.2405 2.4
    endloop
  endfacet
  facet normal 0.0785565 -0.99691 0
    outer loop
      vertex 217.25 76.8803 2.4
      vertex 217.5 76.9 2.5
      vertex 217.25 76.8803 2.5
    endloop
  endfacet
  facet normal 0.0785565 -0.99691 0
    outer loop
      vertex 217.5 76.9 2.5
      vertex 217.25 76.8803 2.4
      vertex 217.5 76.9 2.4
    endloop
  endfacet
  facet normal 0.64915 -0.76066 0
    outer loop
      vertex 216.369 76.4314 2.4
      vertex 216.56 76.5944 2.5
      vertex 216.369 76.4314 2.5
    endloop
  endfacet
  facet normal 0.64915 -0.76066 0
    outer loop
      vertex 216.56 76.5944 2.5
      vertex 216.369 76.4314 2.4
      vertex 216.56 76.5944 2.4
    endloop
  endfacet
  facet normal -0.996823 0.0796502 0
    outer loop
      vertex 219.08 75.0497 2.4
      vertex 219.1 75.3 2.5
      vertex 219.1 75.3 2.4
    endloop
  endfacet
  facet normal -0.996823 0.0796502 0
    outer loop
      vertex 219.1 75.3 2.5
      vertex 219.08 75.0497 2.4
      vertex 219.08 75.0497 2.5
    endloop
  endfacet
  facet normal -0.522674 0.852533 0
    outer loop
      vertex 218.44 74.0056 2.4
      vertex 218.226 73.8744 2.5
      vertex 218.44 74.0056 2.5
    endloop
  endfacet
  facet normal -0.522674 0.852533 0
    outer loop
      vertex 218.226 73.8744 2.5
      vertex 218.44 74.0056 2.4
      vertex 218.226 73.8744 2.4
    endloop
  endfacet
  facet normal -0.233524 -0.972351 0
    outer loop
      vertex 217.75 76.8803 2.4
      vertex 217.994 76.8217 2.5
      vertex 217.75 76.8803 2.5
    endloop
  endfacet
  facet normal -0.233524 -0.972351 -0
    outer loop
      vertex 217.994 76.8217 2.5
      vertex 217.75 76.8803 2.4
      vertex 217.994 76.8217 2.4
    endloop
  endfacet
  facet normal 0.972913 -0.231171 0
    outer loop
      vertex 215.92 75.5503 2.5
      vertex 215.978 75.7944 2.4
      vertex 215.978 75.7944 2.5
    endloop
  endfacet
  facet normal 0.972913 -0.231171 0
    outer loop
      vertex 215.978 75.7944 2.4
      vertex 215.92 75.5503 2.5
      vertex 215.92 75.5503 2.4
    endloop
  endfacet
  facet normal 0.851221 -0.524807 0
    outer loop
      vertex 216.074 76.0264 2.5
      vertex 216.206 76.2405 2.4
      vertex 216.206 76.2405 2.5
    endloop
  endfacet
  facet normal 0.851221 -0.524807 0
    outer loop
      vertex 216.206 76.2405 2.4
      vertex 216.074 76.0264 2.5
      vertex 216.074 76.0264 2.4
    endloop
  endfacet
  facet normal 0.522674 -0.852533 0
    outer loop
      vertex 216.56 76.5944 2.4
      vertex 216.774 76.7256 2.5
      vertex 216.56 76.5944 2.5
    endloop
  endfacet
  facet normal 0.522674 -0.852533 0
    outer loop
      vertex 216.774 76.7256 2.5
      vertex 216.56 76.5944 2.4
      vertex 216.774 76.7256 2.4
    endloop
  endfacet
  facet normal 0.382692 -0.923876 0
    outer loop
      vertex 216.774 76.7256 2.4
      vertex 217.006 76.8217 2.5
      vertex 216.774 76.7256 2.5
    endloop
  endfacet
  facet normal 0.382692 -0.923876 0
    outer loop
      vertex 217.006 76.8217 2.5
      vertex 216.774 76.7256 2.4
      vertex 217.006 76.8217 2.4
    endloop
  endfacet
  facet normal -0.996823 -0.0796502 0
    outer loop
      vertex 219.1 75.3 2.4
      vertex 219.08 75.5503 2.5
      vertex 219.08 75.5503 2.4
    endloop
  endfacet
  facet normal -0.996823 -0.0796502 0
    outer loop
      vertex 219.08 75.5503 2.5
      vertex 219.1 75.3 2.4
      vertex 219.1 75.3 2.5
    endloop
  endfacet
  facet normal -0.851221 0.524807 0
    outer loop
      vertex 218.794 74.3595 2.4
      vertex 218.926 74.5736 2.5
      vertex 218.926 74.5736 2.4
    endloop
  endfacet
  facet normal -0.851221 0.524807 0
    outer loop
      vertex 218.926 74.5736 2.5
      vertex 218.794 74.3595 2.4
      vertex 218.794 74.3595 2.5
    endloop
  endfacet
  facet normal 0.996823 0.0796502 0
    outer loop
      vertex 215.92 75.0497 2.5
      vertex 215.9 75.3 2.4
      vertex 215.9 75.3 2.5
    endloop
  endfacet
  facet normal 0.996823 0.0796502 0
    outer loop
      vertex 215.9 75.3 2.4
      vertex 215.92 75.0497 2.5
      vertex 215.92 75.0497 2.4
    endloop
  endfacet
  facet normal 0.972913 0.231171 0
    outer loop
      vertex 215.978 74.8056 2.5
      vertex 215.92 75.0497 2.4
      vertex 215.92 75.0497 2.5
    endloop
  endfacet
  facet normal 0.972913 0.231171 0
    outer loop
      vertex 215.92 75.0497 2.4
      vertex 215.978 74.8056 2.5
      vertex 215.978 74.8056 2.4
    endloop
  endfacet
  facet normal -0.382692 0.923876 0
    outer loop
      vertex 218.226 73.8744 2.4
      vertex 217.994 73.7783 2.5
      vertex 218.226 73.8744 2.5
    endloop
  endfacet
  facet normal -0.382692 0.923876 0
    outer loop
      vertex 217.994 73.7783 2.5
      vertex 218.226 73.8744 2.4
      vertex 217.994 73.7783 2.4
    endloop
  endfacet
  facet normal -0.64915 0.76066 0
    outer loop
      vertex 218.631 74.1686 2.4
      vertex 218.44 74.0056 2.5
      vertex 218.631 74.1686 2.5
    endloop
  endfacet
  facet normal -0.64915 0.76066 0
    outer loop
      vertex 218.44 74.0056 2.5
      vertex 218.631 74.1686 2.4
      vertex 218.44 74.0056 2.4
    endloop
  endfacet
  facet normal -0.851221 -0.524807 0
    outer loop
      vertex 218.926 76.0264 2.4
      vertex 218.794 76.2405 2.5
      vertex 218.794 76.2405 2.4
    endloop
  endfacet
  facet normal -0.851221 -0.524807 0
    outer loop
      vertex 218.794 76.2405 2.5
      vertex 218.926 76.0264 2.4
      vertex 218.926 76.0264 2.5
    endloop
  endfacet
  facet normal -0.924017 -0.382352 0
    outer loop
      vertex 219.022 75.7944 2.4
      vertex 218.926 76.0264 2.5
      vertex 218.926 76.0264 2.4
    endloop
  endfacet
  facet normal -0.924017 -0.382352 0
    outer loop
      vertex 218.926 76.0264 2.5
      vertex 219.022 75.7944 2.4
      vertex 219.022 75.7944 2.5
    endloop
  endfacet
  facet normal -0.924017 0.382352 0
    outer loop
      vertex 218.926 74.5736 2.4
      vertex 219.022 74.8056 2.5
      vertex 219.022 74.8056 2.4
    endloop
  endfacet
  facet normal -0.924017 0.382352 0
    outer loop
      vertex 219.022 74.8056 2.5
      vertex 218.926 74.5736 2.4
      vertex 218.926 74.5736 2.5
    endloop
  endfacet
  facet normal 0.0785565 0.99691 -0
    outer loop
      vertex 217.5 73.7 2.4
      vertex 217.25 73.7197 2.5
      vertex 217.5 73.7 2.5
    endloop
  endfacet
  facet normal 0.0785565 0.99691 0
    outer loop
      vertex 217.25 73.7197 2.5
      vertex 217.5 73.7 2.4
      vertex 217.25 73.7197 2.4
    endloop
  endfacet
  facet normal 0.760493 0.649347 0
    outer loop
      vertex 216.369 74.1686 2.5
      vertex 216.206 74.3595 2.4
      vertex 216.206 74.3595 2.5
    endloop
  endfacet
  facet normal 0.760493 0.649347 0
    outer loop
      vertex 216.206 74.3595 2.4
      vertex 216.369 74.1686 2.5
      vertex 216.369 74.1686 2.4
    endloop
  endfacet
  facet normal 0.522674 0.852533 -0
    outer loop
      vertex 216.774 73.8744 2.4
      vertex 216.56 74.0056 2.5
      vertex 216.774 73.8744 2.5
    endloop
  endfacet
  facet normal 0.522674 0.852533 0
    outer loop
      vertex 216.56 74.0056 2.5
      vertex 216.774 73.8744 2.4
      vertex 216.56 74.0056 2.4
    endloop
  endfacet
  facet normal 0.382692 0.923876 -0
    outer loop
      vertex 217.006 73.7783 2.4
      vertex 216.774 73.8744 2.5
      vertex 217.006 73.7783 2.5
    endloop
  endfacet
  facet normal 0.382692 0.923876 0
    outer loop
      vertex 216.774 73.8744 2.5
      vertex 217.006 73.7783 2.4
      vertex 216.774 73.8744 2.4
    endloop
  endfacet
  facet normal -0.0785565 0.99691 0
    outer loop
      vertex 217.75 73.7197 2.4
      vertex 217.5 73.7 2.5
      vertex 217.75 73.7197 2.5
    endloop
  endfacet
  facet normal -0.0785565 0.99691 0
    outer loop
      vertex 217.5 73.7 2.5
      vertex 217.75 73.7197 2.4
      vertex 217.5 73.7 2.4
    endloop
  endfacet
  facet normal 0.233524 0.972351 -0
    outer loop
      vertex 217.25 73.7197 2.4
      vertex 217.006 73.7783 2.5
      vertex 217.25 73.7197 2.5
    endloop
  endfacet
  facet normal 0.233524 0.972351 0
    outer loop
      vertex 217.006 73.7783 2.5
      vertex 217.25 73.7197 2.4
      vertex 217.006 73.7783 2.4
    endloop
  endfacet
  facet normal 0.924017 0.382352 0
    outer loop
      vertex 216.074 74.5736 2.5
      vertex 215.978 74.8056 2.4
      vertex 215.978 74.8056 2.5
    endloop
  endfacet
  facet normal 0.924017 0.382352 0
    outer loop
      vertex 215.978 74.8056 2.4
      vertex 216.074 74.5736 2.5
      vertex 216.074 74.5736 2.4
    endloop
  endfacet
  facet normal 0.851221 0.524807 0
    outer loop
      vertex 216.206 74.3595 2.5
      vertex 216.074 74.5736 2.4
      vertex 216.074 74.5736 2.5
    endloop
  endfacet
  facet normal 0.851221 0.524807 0
    outer loop
      vertex 216.074 74.5736 2.4
      vertex 216.206 74.3595 2.5
      vertex 216.206 74.3595 2.4
    endloop
  endfacet
  facet normal -0.760493 0.649347 0
    outer loop
      vertex 218.631 74.1686 2.4
      vertex 218.794 74.3595 2.5
      vertex 218.794 74.3595 2.4
    endloop
  endfacet
  facet normal -0.760493 0.649347 0
    outer loop
      vertex 218.794 74.3595 2.5
      vertex 218.631 74.1686 2.4
      vertex 218.631 74.1686 2.5
    endloop
  endfacet
  facet normal 0.64915 0.76066 -0
    outer loop
      vertex 216.56 74.0056 2.4
      vertex 216.369 74.1686 2.5
      vertex 216.56 74.0056 2.5
    endloop
  endfacet
  facet normal 0.64915 0.76066 0
    outer loop
      vertex 216.369 74.1686 2.5
      vertex 216.56 74.0056 2.4
      vertex 216.369 74.1686 2.4
    endloop
  endfacet
  facet normal -0.831718 -0.0831718 -0.548934
    outer loop
      vertex 219.1 75.3 2.4
      vertex 220.683 75.31 0
      vertex 220.684 75.3 0
    endloop
  endfacet
  facet normal -0.832792 -0.0665435 -0.549573
    outer loop
      vertex 220.683 75.31 0
      vertex 219.1 75.3 2.4
      vertex 219.08 75.5503 2.4
    endloop
  endfacet
  facet normal -0.832807 -0.0648364 -0.549754
    outer loop
      vertex 220.645 75.7981 0
      vertex 220.683 75.31 0
      vertex 219.08 75.5503 2.4
    endloop
  endfacet
  facet normal 0.54266 0.63501 -0.549802
    outer loop
      vertex 216.56 74.0056 2.4
      vertex 215.628 72.7241 0
      vertex 215.256 73.042 0
    endloop
  endfacet
  facet normal -0.436019 -0.712494 -0.549763
    outer loop
      vertex 218.954 78.1317 0
      vertex 219.372 77.8759 0
      vertex 218.44 76.5944 2.4
    endloop
  endfacet
  facet normal 0.831718 0.0831718 -0.548934
    outer loop
      vertex 215.9 75.3 2.4
      vertex 214.317 75.29 0
      vertex 214.316 75.3 0
    endloop
  endfacet
  facet normal 0.832792 0.0665435 -0.549573
    outer loop
      vertex 214.317 75.29 0
      vertex 215.9 75.3 2.4
      vertex 215.92 75.0497 2.4
    endloop
  endfacet
  facet normal 0.436019 -0.712494 -0.549763
    outer loop
      vertex 216.046 78.1317 0
      vertex 216.56 76.5944 2.4
      vertex 215.628 77.8759 0
    endloop
  endfacet
  facet normal -0.195053 0.812292 -0.549669
    outer loop
      vertex 218.474 72.2695 0
      vertex 217.998 72.1552 0
      vertex 217.75 73.7197 2.4
    endloop
  endfacet
  facet normal -0.712059 0.436721 -0.54977
    outer loop
      vertex 220.332 73.8459 0
      vertex 220.076 73.4285 0
      vertex 218.794 74.3595 2.4
    endloop
  endfacet
  facet normal -0.832807 0.0648364 -0.549754
    outer loop
      vertex 220.683 75.29 0
      vertex 220.645 74.8019 0
      vertex 219.08 75.0497 2.4
    endloop
  endfacet
  facet normal -0.831718 0.0831718 -0.548934
    outer loop
      vertex 220.683 75.29 0
      vertex 219.1 75.3 2.4
      vertex 220.684 75.3 0
    endloop
  endfacet
  facet normal -0.832792 0.0665435 -0.549573
    outer loop
      vertex 219.1 75.3 2.4
      vertex 220.683 75.29 0
      vertex 219.08 75.0497 2.4
    endloop
  endfacet
  facet normal -0.802789 -0.245752 -0.543265
    outer loop
      vertex 220.645 75.7981 0
      vertex 219.022 75.7944 2.4
      vertex 220.642 75.8079 0
    endloop
  endfacet
  facet normal -0.812641 -0.19309 -0.549846
    outer loop
      vertex 219.022 75.7944 2.4
      vertex 220.645 75.7981 0
      vertex 219.08 75.5503 2.4
    endloop
  endfacet
  facet normal -0.54266 -0.63501 -0.549802
    outer loop
      vertex 219.372 77.8759 0
      vertex 219.744 77.558 0
      vertex 218.44 76.5944 2.4
    endloop
  endfacet
  facet normal -0.436597 -0.712133 -0.549773
    outer loop
      vertex 218.946 78.137 0
      vertex 218.44 76.5944 2.4
      vertex 218.226 76.7256 2.4
    endloop
  endfacet
  facet normal -0.462586 -0.698243 -0.546324
    outer loop
      vertex 218.44 76.5944 2.4
      vertex 218.946 78.137 0
      vertex 218.954 78.1317 0
    endloop
  endfacet
  facet normal -0.767241 -0.329996 -0.549949
    outer loop
      vertex 220.341 76.7362 0
      vertex 218.926 76.0264 2.4
      vertex 220.337 76.7455 0
    endloop
  endfacet
  facet normal -0.77195 -0.319428 -0.549599
    outer loop
      vertex 218.926 76.0264 2.4
      vertex 220.341 76.7362 0
      vertex 219.022 75.7944 2.4
    endloop
  endfacet
  facet normal 0.832807 0.0648364 -0.549754
    outer loop
      vertex 215.92 75.0497 2.4
      vertex 214.355 74.8019 0
      vertex 214.317 75.29 0
    endloop
  endfacet
  facet normal 0.832807 -0.0648364 -0.549754
    outer loop
      vertex 214.355 75.7981 0
      vertex 215.92 75.5503 2.4
      vertex 214.317 75.31 0
    endloop
  endfacet
  facet normal 0.812497 -0.19459 -0.54953
    outer loop
      vertex 214.472 76.2839 0
      vertex 215.978 75.7944 2.4
      vertex 214.358 75.8079 0
    endloop
  endfacet
  facet normal 0.721006 -0.41919 -0.551752
    outer loop
      vertex 216.206 76.2405 2.4
      vertex 214.663 76.7455 0
      vertex 214.668 76.7541 0
    endloop
  endfacet
  facet normal 0.711191 -0.438474 -0.549499
    outer loop
      vertex 214.663 76.7455 0
      vertex 216.206 76.2405 2.4
      vertex 216.074 76.0264 2.4
    endloop
  endfacet
  facet normal 0.812641 0.19309 -0.549846
    outer loop
      vertex 215.978 74.8056 2.4
      vertex 214.355 74.8019 0
      vertex 215.92 75.0497 2.4
    endloop
  endfacet
  facet normal 0.802789 0.245752 -0.543265
    outer loop
      vertex 214.355 74.8019 0
      vertex 215.978 74.8056 2.4
      vertex 214.358 74.7921 0
    endloop
  endfacet
  facet normal 0.711191 0.438474 -0.549499
    outer loop
      vertex 216.206 74.3595 2.4
      vertex 214.663 73.8545 0
      vertex 216.074 74.5736 2.4
    endloop
  endfacet
  facet normal 0.721006 0.41919 -0.551752
    outer loop
      vertex 214.663 73.8545 0
      vertex 216.206 74.3595 2.4
      vertex 214.668 73.8459 0
    endloop
  endfacet
  facet normal 0.436597 0.712133 -0.549773
    outer loop
      vertex 216.054 72.463 0
      vertex 216.56 74.0056 2.4
      vertex 216.774 73.8744 2.4
    endloop
  endfacet
  facet normal 0.462586 0.698243 -0.546324
    outer loop
      vertex 216.56 74.0056 2.4
      vertex 216.054 72.463 0
      vertex 216.046 72.4683 0
    endloop
  endfacet
  facet normal -0.0655328 0.832813 -0.549662
    outer loop
      vertex 217.75 73.7197 2.4
      vertex 217.998 72.1552 0
      vertex 217.51 72.1168 0
    endloop
  endfacet
  facet normal -0.332542 0.767405 -0.548183
    outer loop
      vertex 218.484 72.2718 0
      vertex 218.226 73.8744 2.4
      vertex 218.493 72.2757 0
    endloop
  endfacet
  facet normal -0.319683 0.771764 -0.549711
    outer loop
      vertex 218.226 73.8744 2.4
      vertex 218.484 72.2718 0
      vertex 217.994 73.7783 2.4
    endloop
  endfacet
  facet normal -0.635171 0.542531 -0.549744
    outer loop
      vertex 220.076 73.4285 0
      vertex 219.758 73.0562 0
      vertex 218.794 74.3595 2.4
    endloop
  endfacet
  facet normal -0.812641 0.19309 -0.549846
    outer loop
      vertex 220.645 74.8019 0
      vertex 219.022 74.8056 2.4
      vertex 219.08 75.0497 2.4
    endloop
  endfacet
  facet normal -0.802789 0.245752 -0.543265
    outer loop
      vertex 219.022 74.8056 2.4
      vertex 220.645 74.8019 0
      vertex 220.642 74.7921 0
    endloop
  endfacet
  facet normal -0.319179 -0.77196 -0.54973
    outer loop
      vertex 218.493 78.3243 0
      vertex 218.946 78.137 0
      vertex 218.226 76.7256 2.4
    endloop
  endfacet
  facet normal -0.065533 -0.832815 -0.549658
    outer loop
      vertex 217.5 78.484 0
      vertex 217.988 78.4456 0
      vertex 217.5 76.9 2.4
    endloop
  endfacet
  facet normal 0.0666161 -0.832701 -0.549701
    outer loop
      vertex 217.012 78.4456 0
      vertex 217.25 76.8803 2.4
      vertex 217.002 78.4448 0
    endloop
  endfacet
  facet normal 0.0656248 -0.832802 -0.549668
    outer loop
      vertex 217.25 76.8803 2.4
      vertex 217.012 78.4456 0
      vertex 217.5 76.9 2.4
    endloop
  endfacet
  facet normal 0.065533 -0.832815 -0.549658
    outer loop
      vertex 217.5 78.484 0
      vertex 217.5 76.9 2.4
      vertex 217.012 78.4456 0
    endloop
  endfacet
  facet normal -0.712059 -0.436721 -0.54977
    outer loop
      vertex 220.076 77.1715 0
      vertex 220.332 76.7541 0
      vertex 218.794 76.2405 2.4
    endloop
  endfacet
  facet normal -0.616213 -0.567564 -0.546034
    outer loop
      vertex 220.076 77.1715 0
      vertex 218.631 76.4314 2.4
      vertex 220.069 77.1791 0
    endloop
  endfacet
  facet normal -0.635262 -0.542419 -0.549749
    outer loop
      vertex 218.631 76.4314 2.4
      vertex 220.076 77.1715 0
      vertex 218.794 76.2405 2.4
    endloop
  endfacet
  facet normal -0.812497 -0.19459 -0.54953
    outer loop
      vertex 220.528 76.2839 0
      vertex 220.642 75.8079 0
      vertex 219.022 75.7944 2.4
    endloop
  endfacet
  facet normal -0.772062 -0.319203 -0.549573
    outer loop
      vertex 220.341 76.7362 0
      vertex 220.528 76.2839 0
      vertex 219.022 75.7944 2.4
    endloop
  endfacet
  facet normal 0.832792 -0.0665435 -0.549573
    outer loop
      vertex 215.9 75.3 2.4
      vertex 214.317 75.31 0
      vertex 215.92 75.5503 2.4
    endloop
  endfacet
  facet normal 0.831718 -0.0831718 -0.548934
    outer loop
      vertex 214.317 75.31 0
      vertex 215.9 75.3 2.4
      vertex 214.316 75.3 0
    endloop
  endfacet
  facet normal 0.712059 -0.436721 -0.54977
    outer loop
      vertex 214.924 77.1715 0
      vertex 216.206 76.2405 2.4
      vertex 214.668 76.7541 0
    endloop
  endfacet
  facet normal 0.54266 -0.63501 -0.549802
    outer loop
      vertex 215.628 77.8759 0
      vertex 216.56 76.5944 2.4
      vertex 215.256 77.558 0
    endloop
  endfacet
  facet normal 0.635171 0.542531 -0.549744
    outer loop
      vertex 216.206 74.3595 2.4
      vertex 215.242 73.0562 0
      vertex 214.924 73.4285 0
    endloop
  endfacet
  facet normal 0.712059 0.436721 -0.54977
    outer loop
      vertex 216.206 74.3595 2.4
      vertex 214.924 73.4285 0
      vertex 214.668 73.8459 0
    endloop
  endfacet
  facet normal 0.635272 0.542427 -0.549728
    outer loop
      vertex 216.369 74.1686 2.4
      vertex 215.242 73.0562 0
      vertex 216.206 74.3595 2.4
    endloop
  endfacet
  facet normal 0.614059 0.565581 -0.550499
    outer loop
      vertex 215.242 73.0562 0
      vertex 216.369 74.1686 2.4
      vertex 215.249 73.0486 0
    endloop
  endfacet
  facet normal 0.542257 0.635406 -0.549742
    outer loop
      vertex 215.256 73.042 0
      vertex 216.369 74.1686 2.4
      vertex 216.56 74.0056 2.4
    endloop
  endfacet
  facet normal 0.572637 0.607342 -0.550657
    outer loop
      vertex 216.369 74.1686 2.4
      vertex 215.256 73.042 0
      vertex 215.249 73.0486 0
    endloop
  endfacet
  facet normal 0.812497 0.19459 -0.54953
    outer loop
      vertex 215.978 74.8056 2.4
      vertex 214.472 74.3161 0
      vertex 214.358 74.7921 0
    endloop
  endfacet
  facet normal 0.772062 0.319203 -0.549573
    outer loop
      vertex 215.978 74.8056 2.4
      vertex 214.659 73.8638 0
      vertex 214.472 74.3161 0
    endloop
  endfacet
  facet normal 0.319179 0.77196 -0.54973
    outer loop
      vertex 216.774 73.8744 2.4
      vertex 216.507 72.2757 0
      vertex 216.054 72.463 0
    endloop
  endfacet
  facet normal 0.0666204 0.832755 -0.549618
    outer loop
      vertex 217.49 72.1168 0
      vertex 217.5 73.7 2.4
      vertex 217.5 72.116 0
    endloop
  endfacet
  facet normal 0.0656256 0.832812 -0.549652
    outer loop
      vertex 217.5 73.7 2.4
      vertex 217.49 72.1168 0
      vertex 217.25 73.7197 2.4
    endloop
  endfacet
  facet normal -0.462586 0.698243 -0.546324
    outer loop
      vertex 218.946 72.463 0
      vertex 218.44 74.0056 2.4
      vertex 218.954 72.4683 0
    endloop
  endfacet
  facet normal -0.436597 0.712133 -0.549773
    outer loop
      vertex 218.44 74.0056 2.4
      vertex 218.946 72.463 0
      vertex 218.226 73.8744 2.4
    endloop
  endfacet
  facet normal -0.319179 0.77196 -0.54973
    outer loop
      vertex 218.946 72.463 0
      vertex 218.493 72.2757 0
      vertex 218.226 73.8744 2.4
    endloop
  endfacet
  facet normal -0.635272 0.542427 -0.549728
    outer loop
      vertex 219.758 73.0562 0
      vertex 218.631 74.1686 2.4
      vertex 218.794 74.3595 2.4
    endloop
  endfacet
  facet normal -0.614059 0.565581 -0.550499
    outer loop
      vertex 218.631 74.1686 2.4
      vertex 219.758 73.0562 0
      vertex 219.751 73.0486 0
    endloop
  endfacet
  facet normal -0.187291 0.814308 -0.549386
    outer loop
      vertex 218.474 72.2695 0
      vertex 217.994 73.7783 2.4
      vertex 218.484 72.2718 0
    endloop
  endfacet
  facet normal -0.195081 0.812283 -0.549672
    outer loop
      vertex 217.994 73.7783 2.4
      vertex 218.474 72.2695 0
      vertex 217.75 73.7197 2.4
    endloop
  endfacet
  facet normal -0.772062 0.319203 -0.549573
    outer loop
      vertex 220.528 74.3161 0
      vertex 220.341 73.8638 0
      vertex 219.022 74.8056 2.4
    endloop
  endfacet
  facet normal -0.812497 0.19459 -0.54953
    outer loop
      vertex 220.642 74.7921 0
      vertex 220.528 74.3161 0
      vertex 219.022 74.8056 2.4
    endloop
  endfacet
  facet normal -0.711191 0.438474 -0.549499
    outer loop
      vertex 220.337 73.8545 0
      vertex 218.794 74.3595 2.4
      vertex 218.926 74.5736 2.4
    endloop
  endfacet
  facet normal -0.721006 0.41919 -0.551752
    outer loop
      vertex 218.794 74.3595 2.4
      vertex 220.337 73.8545 0
      vertex 220.332 73.8459 0
    endloop
  endfacet
  facet normal -0.195049 -0.812276 -0.549695
    outer loop
      vertex 218.008 78.4425 0
      vertex 218.484 78.3282 0
      vertex 217.994 76.8217 2.4
    endloop
  endfacet
  facet normal -0.0656248 -0.832802 -0.549668
    outer loop
      vertex 217.988 78.4456 0
      vertex 217.75 76.8803 2.4
      vertex 217.5 76.9 2.4
    endloop
  endfacet
  facet normal -0.0666161 -0.832701 -0.549701
    outer loop
      vertex 217.75 76.8803 2.4
      vertex 217.988 78.4456 0
      vertex 217.998 78.4448 0
    endloop
  endfacet
  facet normal -0.195082 -0.812286 -0.549667
    outer loop
      vertex 217.998 78.4448 0
      vertex 217.994 76.8217 2.4
      vertex 217.75 76.8803 2.4
    endloop
  endfacet
  facet normal -0.187122 -0.813576 -0.550526
    outer loop
      vertex 217.994 76.8217 2.4
      vertex 217.998 78.4448 0
      vertex 218.008 78.4425 0
    endloop
  endfacet
  facet normal -0.635223 -0.542576 -0.549639
    outer loop
      vertex 219.751 77.5514 0
      vertex 220.069 77.1791 0
      vertex 218.631 76.4314 2.4
    endloop
  endfacet
  facet normal -0.542257 -0.635406 -0.549742
    outer loop
      vertex 219.744 77.558 0
      vertex 218.631 76.4314 2.4
      vertex 218.44 76.5944 2.4
    endloop
  endfacet
  facet normal -0.572637 -0.607342 -0.550657
    outer loop
      vertex 218.631 76.4314 2.4
      vertex 219.744 77.558 0
      vertex 219.751 77.5514 0
    endloop
  endfacet
  facet normal 0.802789 -0.245752 -0.543265
    outer loop
      vertex 215.978 75.7944 2.4
      vertex 214.355 75.7981 0
      vertex 214.358 75.8079 0
    endloop
  endfacet
  facet normal 0.812641 -0.19309 -0.549846
    outer loop
      vertex 214.355 75.7981 0
      vertex 215.978 75.7944 2.4
      vertex 215.92 75.5503 2.4
    endloop
  endfacet
  facet normal 0.772062 -0.319203 -0.549573
    outer loop
      vertex 214.659 76.7362 0
      vertex 215.978 75.7944 2.4
      vertex 214.472 76.2839 0
    endloop
  endfacet
  facet normal 0.767241 -0.329996 -0.549949
    outer loop
      vertex 216.074 76.0264 2.4
      vertex 214.659 76.7362 0
      vertex 214.663 76.7455 0
    endloop
  endfacet
  facet normal 0.77195 -0.319428 -0.549599
    outer loop
      vertex 214.659 76.7362 0
      vertex 216.074 76.0264 2.4
      vertex 215.978 75.7944 2.4
    endloop
  endfacet
  facet normal 0.187122 -0.813576 -0.550526
    outer loop
      vertex 217.002 78.4448 0
      vertex 217.006 76.8217 2.4
      vertex 216.992 78.4425 0
    endloop
  endfacet
  facet normal 0.195082 -0.812286 -0.549667
    outer loop
      vertex 217.006 76.8217 2.4
      vertex 217.002 78.4448 0
      vertex 217.25 76.8803 2.4
    endloop
  endfacet
  facet normal 0.572637 -0.607342 -0.550657
    outer loop
      vertex 215.256 77.558 0
      vertex 216.369 76.4314 2.4
      vertex 215.249 77.5514 0
    endloop
  endfacet
  facet normal 0.542257 -0.635406 -0.549742
    outer loop
      vertex 216.369 76.4314 2.4
      vertex 215.256 77.558 0
      vertex 216.56 76.5944 2.4
    endloop
  endfacet
  facet normal 0.77195 0.319428 -0.549599
    outer loop
      vertex 216.074 74.5736 2.4
      vertex 214.659 73.8638 0
      vertex 215.978 74.8056 2.4
    endloop
  endfacet
  facet normal 0.767241 0.329996 -0.549949
    outer loop
      vertex 214.659 73.8638 0
      vertex 216.074 74.5736 2.4
      vertex 214.663 73.8545 0
    endloop
  endfacet
  facet normal 0.436019 0.712494 -0.549763
    outer loop
      vertex 216.56 74.0056 2.4
      vertex 216.046 72.4683 0
      vertex 215.628 72.7241 0
    endloop
  endfacet
  facet normal 0.195081 0.812283 -0.549672
    outer loop
      vertex 216.526 72.2695 0
      vertex 217.006 73.7783 2.4
      vertex 217.25 73.7197 2.4
    endloop
  endfacet
  facet normal 0.187291 0.814308 -0.549386
    outer loop
      vertex 217.006 73.7783 2.4
      vertex 216.526 72.2695 0
      vertex 216.516 72.2718 0
    endloop
  endfacet
  facet normal 0.0655328 0.832813 -0.549662
    outer loop
      vertex 217.25 73.7197 2.4
      vertex 217.49 72.1168 0
      vertex 217.002 72.1552 0
    endloop
  endfacet
  facet normal 0.195053 0.812292 -0.549669
    outer loop
      vertex 217.25 73.7197 2.4
      vertex 217.002 72.1552 0
      vertex 216.526 72.2695 0
    endloop
  endfacet
  facet normal -0.0656256 0.832812 -0.549652
    outer loop
      vertex 217.51 72.1168 0
      vertex 217.5 73.7 2.4
      vertex 217.75 73.7197 2.4
    endloop
  endfacet
  facet normal -0.0666204 0.832755 -0.549618
    outer loop
      vertex 217.5 73.7 2.4
      vertex 217.51 72.1168 0
      vertex 217.5 72.116 0
    endloop
  endfacet
  facet normal -0.54266 0.63501 -0.549802
    outer loop
      vertex 219.744 73.042 0
      vertex 219.372 72.7241 0
      vertex 218.44 74.0056 2.4
    endloop
  endfacet
  facet normal -0.436019 0.712494 -0.549763
    outer loop
      vertex 219.372 72.7241 0
      vertex 218.954 72.4683 0
      vertex 218.44 74.0056 2.4
    endloop
  endfacet
  facet normal -0.77195 0.319428 -0.549599
    outer loop
      vertex 220.341 73.8638 0
      vertex 218.926 74.5736 2.4
      vertex 219.022 74.8056 2.4
    endloop
  endfacet
  facet normal -0.767241 0.329996 -0.549949
    outer loop
      vertex 218.926 74.5736 2.4
      vertex 220.341 73.8638 0
      vertex 220.337 73.8545 0
    endloop
  endfacet
  facet normal -0.319683 -0.771764 -0.549711
    outer loop
      vertex 218.484 78.3282 0
      vertex 218.226 76.7256 2.4
      vertex 217.994 76.8217 2.4
    endloop
  endfacet
  facet normal -0.332542 -0.767405 -0.548183
    outer loop
      vertex 218.226 76.7256 2.4
      vertex 218.484 78.3282 0
      vertex 218.493 78.3243 0
    endloop
  endfacet
  facet normal -0.721006 -0.41919 -0.551752
    outer loop
      vertex 220.337 76.7455 0
      vertex 218.794 76.2405 2.4
      vertex 220.332 76.7541 0
    endloop
  endfacet
  facet normal -0.711191 -0.438474 -0.549499
    outer loop
      vertex 218.794 76.2405 2.4
      vertex 220.337 76.7455 0
      vertex 218.926 76.0264 2.4
    endloop
  endfacet
  facet normal 0.195049 -0.812276 -0.549695
    outer loop
      vertex 216.992 78.4425 0
      vertex 217.006 76.8217 2.4
      vertex 216.516 78.3282 0
    endloop
  endfacet
  facet normal 0.332542 -0.767405 -0.548183
    outer loop
      vertex 216.516 78.3282 0
      vertex 216.774 76.7256 2.4
      vertex 216.507 78.3243 0
    endloop
  endfacet
  facet normal 0.319683 -0.771764 -0.549711
    outer loop
      vertex 216.774 76.7256 2.4
      vertex 216.516 78.3282 0
      vertex 217.006 76.8217 2.4
    endloop
  endfacet
  facet normal 0.635223 -0.542576 -0.549639
    outer loop
      vertex 215.249 77.5514 0
      vertex 216.369 76.4314 2.4
      vertex 214.931 77.1791 0
    endloop
  endfacet
  facet normal 0.616213 -0.567564 -0.546034
    outer loop
      vertex 216.369 76.4314 2.4
      vertex 214.924 77.1715 0
      vertex 214.931 77.1791 0
    endloop
  endfacet
  facet normal 0.635262 -0.542419 -0.549749
    outer loop
      vertex 214.924 77.1715 0
      vertex 216.369 76.4314 2.4
      vertex 216.206 76.2405 2.4
    endloop
  endfacet
  facet normal 0.319683 0.771764 -0.549711
    outer loop
      vertex 216.516 72.2718 0
      vertex 216.774 73.8744 2.4
      vertex 217.006 73.7783 2.4
    endloop
  endfacet
  facet normal 0.332542 0.767405 -0.548183
    outer loop
      vertex 216.774 73.8744 2.4
      vertex 216.516 72.2718 0
      vertex 216.507 72.2757 0
    endloop
  endfacet
  facet normal -0.572637 0.607342 -0.550657
    outer loop
      vertex 219.744 73.042 0
      vertex 218.631 74.1686 2.4
      vertex 219.751 73.0486 0
    endloop
  endfacet
  facet normal -0.542257 0.635406 -0.549742
    outer loop
      vertex 218.631 74.1686 2.4
      vertex 219.744 73.042 0
      vertex 218.44 74.0056 2.4
    endloop
  endfacet
  facet normal 0.319179 -0.77196 -0.54973
    outer loop
      vertex 216.507 78.3243 0
      vertex 216.774 76.7256 2.4
      vertex 216.054 78.137 0
    endloop
  endfacet
  facet normal 0.462586 -0.698243 -0.546324
    outer loop
      vertex 216.054 78.137 0
      vertex 216.56 76.5944 2.4
      vertex 216.046 78.1317 0
    endloop
  endfacet
  facet normal 0.436597 -0.712133 -0.549773
    outer loop
      vertex 216.56 76.5944 2.4
      vertex 216.054 78.137 0
      vertex 216.774 76.7256 2.4
    endloop
  endfacet
  facet normal -0.760493 -0.649347 0
    outer loop
      vertex 17.7944 76.2405 2.4
      vertex 17.6314 76.4314 2.5
      vertex 17.6314 76.4314 2.4
    endloop
  endfacet
  facet normal -0.760493 -0.649347 0
    outer loop
      vertex 17.6314 76.4314 2.5
      vertex 17.7944 76.2405 2.4
      vertex 17.7944 76.2405 2.5
    endloop
  endfacet
  facet normal -0.382692 -0.923876 0
    outer loop
      vertex 16.9944 76.8217 2.4
      vertex 17.2264 76.7256 2.5
      vertex 16.9944 76.8217 2.5
    endloop
  endfacet
  facet normal -0.382692 -0.923876 -0
    outer loop
      vertex 17.2264 76.7256 2.5
      vertex 16.9944 76.8217 2.4
      vertex 17.2264 76.7256 2.4
    endloop
  endfacet
  facet normal 0.382692 -0.923876 0
    outer loop
      vertex 15.7736 76.7256 2.4
      vertex 16.0056 76.8217 2.5
      vertex 15.7736 76.7256 2.5
    endloop
  endfacet
  facet normal 0.382692 -0.923876 0
    outer loop
      vertex 16.0056 76.8217 2.5
      vertex 15.7736 76.7256 2.4
      vertex 16.0056 76.8217 2.4
    endloop
  endfacet
  facet normal 0.923876 -0.382692 0
    outer loop
      vertex 14.9783 75.7944 2.5
      vertex 15.0744 76.0264 2.4
      vertex 15.0744 76.0264 2.5
    endloop
  endfacet
  facet normal 0.923876 -0.382692 0
    outer loop
      vertex 15.0744 76.0264 2.4
      vertex 14.9783 75.7944 2.5
      vertex 14.9783 75.7944 2.4
    endloop
  endfacet
  facet normal -0.972373 0.233433 0
    outer loop
      vertex 18.0217 74.8056 2.4
      vertex 18.0803 75.0497 2.5
      vertex 18.0803 75.0497 2.4
    endloop
  endfacet
  facet normal -0.972373 0.233433 0
    outer loop
      vertex 18.0803 75.0497 2.5
      vertex 18.0217 74.8056 2.4
      vertex 18.0217 74.8056 2.5
    endloop
  endfacet
  facet normal -0.233433 0.972373 0
    outer loop
      vertex 16.9944 73.7783 2.4
      vertex 16.7503 73.7197 2.5
      vertex 16.9944 73.7783 2.5
    endloop
  endfacet
  facet normal -0.233433 0.972373 0
    outer loop
      vertex 16.7503 73.7197 2.5
      vertex 16.9944 73.7783 2.4
      vertex 16.7503 73.7197 2.4
    endloop
  endfacet
  facet normal -0.972373 -0.233433 0
    outer loop
      vertex 18.0803 75.5503 2.4
      vertex 18.0217 75.7944 2.5
      vertex 18.0217 75.7944 2.4
    endloop
  endfacet
  facet normal -0.972373 -0.233433 0
    outer loop
      vertex 18.0217 75.7944 2.5
      vertex 18.0803 75.5503 2.4
      vertex 18.0803 75.5503 2.5
    endloop
  endfacet
  facet normal -0.649347 -0.760493 0
    outer loop
      vertex 17.4405 76.5944 2.4
      vertex 17.6314 76.4314 2.5
      vertex 17.4405 76.5944 2.5
    endloop
  endfacet
  facet normal -0.649347 -0.760493 -0
    outer loop
      vertex 17.6314 76.4314 2.5
      vertex 17.4405 76.5944 2.4
      vertex 17.6314 76.4314 2.4
    endloop
  endfacet
  facet normal -0.0784629 -0.996917 0
    outer loop
      vertex 16.5 76.9 2.4
      vertex 16.7503 76.8803 2.5
      vertex 16.5 76.9 2.5
    endloop
  endfacet
  facet normal -0.0784629 -0.996917 -0
    outer loop
      vertex 16.7503 76.8803 2.5
      vertex 16.5 76.9 2.4
      vertex 16.7503 76.8803 2.4
    endloop
  endfacet
  facet normal -0.522497 -0.852641 0
    outer loop
      vertex 17.2264 76.7256 2.4
      vertex 17.4405 76.5944 2.5
      vertex 17.2264 76.7256 2.5
    endloop
  endfacet
  facet normal -0.522497 -0.852641 -0
    outer loop
      vertex 17.4405 76.5944 2.5
      vertex 17.2264 76.7256 2.4
      vertex 17.4405 76.5944 2.4
    endloop
  endfacet
  facet normal 0.996917 -0.0784629 0
    outer loop
      vertex 14.9 75.3 2.5
      vertex 14.9197 75.5503 2.4
      vertex 14.9197 75.5503 2.5
    endloop
  endfacet
  facet normal 0.996917 -0.0784629 0
    outer loop
      vertex 14.9197 75.5503 2.4
      vertex 14.9 75.3 2.5
      vertex 14.9 75.3 2.4
    endloop
  endfacet
  facet normal 0.760493 -0.649347 0
    outer loop
      vertex 15.2056 76.2405 2.5
      vertex 15.3686 76.4314 2.4
      vertex 15.3686 76.4314 2.5
    endloop
  endfacet
  facet normal 0.760493 -0.649347 0
    outer loop
      vertex 15.3686 76.4314 2.4
      vertex 15.2056 76.2405 2.5
      vertex 15.2056 76.2405 2.4
    endloop
  endfacet
  facet normal 0.522497 -0.852641 0
    outer loop
      vertex 15.5595 76.5944 2.4
      vertex 15.7736 76.7256 2.5
      vertex 15.5595 76.5944 2.5
    endloop
  endfacet
  facet normal 0.522497 -0.852641 0
    outer loop
      vertex 15.7736 76.7256 2.5
      vertex 15.5595 76.5944 2.4
      vertex 15.7736 76.7256 2.4
    endloop
  endfacet
  facet normal 0.233433 -0.972373 0
    outer loop
      vertex 16.0056 76.8217 2.4
      vertex 16.2497 76.8803 2.5
      vertex 16.0056 76.8217 2.5
    endloop
  endfacet
  facet normal 0.233433 -0.972373 0
    outer loop
      vertex 16.2497 76.8803 2.5
      vertex 16.0056 76.8217 2.4
      vertex 16.2497 76.8803 2.4
    endloop
  endfacet
  facet normal 0.649347 -0.760493 0
    outer loop
      vertex 15.3686 76.4314 2.4
      vertex 15.5595 76.5944 2.5
      vertex 15.3686 76.4314 2.5
    endloop
  endfacet
  facet normal 0.649347 -0.760493 0
    outer loop
      vertex 15.5595 76.5944 2.5
      vertex 15.3686 76.4314 2.4
      vertex 15.5595 76.5944 2.4
    endloop
  endfacet
  facet normal -0.996917 0.0784629 0
    outer loop
      vertex 18.0803 75.0497 2.4
      vertex 18.1 75.3 2.5
      vertex 18.1 75.3 2.4
    endloop
  endfacet
  facet normal -0.996917 0.0784629 0
    outer loop
      vertex 18.1 75.3 2.5
      vertex 18.0803 75.0497 2.4
      vertex 18.0803 75.0497 2.5
    endloop
  endfacet
  facet normal -0.923876 0.382692 0
    outer loop
      vertex 17.9256 74.5736 2.4
      vertex 18.0217 74.8056 2.5
      vertex 18.0217 74.8056 2.4
    endloop
  endfacet
  facet normal -0.923876 0.382692 0
    outer loop
      vertex 18.0217 74.8056 2.5
      vertex 17.9256 74.5736 2.4
      vertex 17.9256 74.5736 2.5
    endloop
  endfacet
  facet normal -0.522497 0.852641 0
    outer loop
      vertex 17.4405 74.0056 2.4
      vertex 17.2264 73.8744 2.5
      vertex 17.4405 74.0056 2.5
    endloop
  endfacet
  facet normal -0.522497 0.852641 0
    outer loop
      vertex 17.2264 73.8744 2.5
      vertex 17.4405 74.0056 2.4
      vertex 17.2264 73.8744 2.4
    endloop
  endfacet
  facet normal -0.233433 -0.972373 0
    outer loop
      vertex 16.7503 76.8803 2.4
      vertex 16.9944 76.8217 2.5
      vertex 16.7503 76.8803 2.5
    endloop
  endfacet
  facet normal -0.233433 -0.972373 -0
    outer loop
      vertex 16.9944 76.8217 2.5
      vertex 16.7503 76.8803 2.4
      vertex 16.9944 76.8217 2.4
    endloop
  endfacet
  facet normal 0.972373 -0.233433 0
    outer loop
      vertex 14.9197 75.5503 2.5
      vertex 14.9783 75.7944 2.4
      vertex 14.9783 75.7944 2.5
    endloop
  endfacet
  facet normal 0.972373 -0.233433 0
    outer loop
      vertex 14.9783 75.7944 2.4
      vertex 14.9197 75.5503 2.5
      vertex 14.9197 75.5503 2.4
    endloop
  endfacet
  facet normal 0.852641 -0.522497 0
    outer loop
      vertex 15.0744 76.0264 2.5
      vertex 15.2056 76.2405 2.4
      vertex 15.2056 76.2405 2.5
    endloop
  endfacet
  facet normal 0.852641 -0.522497 0
    outer loop
      vertex 15.2056 76.2405 2.4
      vertex 15.0744 76.0264 2.5
      vertex 15.0744 76.0264 2.4
    endloop
  endfacet
  facet normal 0.0784629 -0.996917 0
    outer loop
      vertex 16.2497 76.8803 2.4
      vertex 16.5 76.9 2.5
      vertex 16.2497 76.8803 2.5
    endloop
  endfacet
  facet normal 0.0784629 -0.996917 0
    outer loop
      vertex 16.5 76.9 2.5
      vertex 16.2497 76.8803 2.4
      vertex 16.5 76.9 2.4
    endloop
  endfacet
  facet normal -0.996917 -0.0784629 0
    outer loop
      vertex 18.1 75.3 2.4
      vertex 18.0803 75.5503 2.5
      vertex 18.0803 75.5503 2.4
    endloop
  endfacet
  facet normal -0.996917 -0.0784629 0
    outer loop
      vertex 18.0803 75.5503 2.5
      vertex 18.1 75.3 2.4
      vertex 18.1 75.3 2.5
    endloop
  endfacet
  facet normal -0.852641 0.522497 0
    outer loop
      vertex 17.7944 74.3595 2.4
      vertex 17.9256 74.5736 2.5
      vertex 17.9256 74.5736 2.4
    endloop
  endfacet
  facet normal -0.852641 0.522497 0
    outer loop
      vertex 17.9256 74.5736 2.5
      vertex 17.7944 74.3595 2.4
      vertex 17.7944 74.3595 2.5
    endloop
  endfacet
  facet normal 0.996917 0.0784629 0
    outer loop
      vertex 14.9197 75.0497 2.5
      vertex 14.9 75.3 2.4
      vertex 14.9 75.3 2.5
    endloop
  endfacet
  facet normal 0.996917 0.0784629 0
    outer loop
      vertex 14.9 75.3 2.4
      vertex 14.9197 75.0497 2.5
      vertex 14.9197 75.0497 2.4
    endloop
  endfacet
  facet normal 0.972373 0.233433 0
    outer loop
      vertex 14.9783 74.8056 2.5
      vertex 14.9197 75.0497 2.4
      vertex 14.9197 75.0497 2.5
    endloop
  endfacet
  facet normal 0.972373 0.233433 0
    outer loop
      vertex 14.9197 75.0497 2.4
      vertex 14.9783 74.8056 2.5
      vertex 14.9783 74.8056 2.4
    endloop
  endfacet
  facet normal -0.382692 0.923876 0
    outer loop
      vertex 17.2264 73.8744 2.4
      vertex 16.9944 73.7783 2.5
      vertex 17.2264 73.8744 2.5
    endloop
  endfacet
  facet normal -0.382692 0.923876 0
    outer loop
      vertex 16.9944 73.7783 2.5
      vertex 17.2264 73.8744 2.4
      vertex 16.9944 73.7783 2.4
    endloop
  endfacet
  facet normal -0.649347 0.760493 0
    outer loop
      vertex 17.6314 74.1686 2.4
      vertex 17.4405 74.0056 2.5
      vertex 17.6314 74.1686 2.5
    endloop
  endfacet
  facet normal -0.649347 0.760493 0
    outer loop
      vertex 17.4405 74.0056 2.5
      vertex 17.6314 74.1686 2.4
      vertex 17.4405 74.0056 2.4
    endloop
  endfacet
  facet normal -0.852641 -0.522497 0
    outer loop
      vertex 17.9256 76.0264 2.4
      vertex 17.7944 76.2405 2.5
      vertex 17.7944 76.2405 2.4
    endloop
  endfacet
  facet normal -0.852641 -0.522497 0
    outer loop
      vertex 17.7944 76.2405 2.5
      vertex 17.9256 76.0264 2.4
      vertex 17.9256 76.0264 2.5
    endloop
  endfacet
  facet normal -0.923876 -0.382692 0
    outer loop
      vertex 18.0217 75.7944 2.4
      vertex 17.9256 76.0264 2.5
      vertex 17.9256 76.0264 2.4
    endloop
  endfacet
  facet normal -0.923876 -0.382692 0
    outer loop
      vertex 17.9256 76.0264 2.5
      vertex 18.0217 75.7944 2.4
      vertex 18.0217 75.7944 2.5
    endloop
  endfacet
  facet normal 0.0784629 0.996917 -0
    outer loop
      vertex 16.5 73.7 2.4
      vertex 16.2497 73.7197 2.5
      vertex 16.5 73.7 2.5
    endloop
  endfacet
  facet normal 0.0784629 0.996917 0
    outer loop
      vertex 16.2497 73.7197 2.5
      vertex 16.5 73.7 2.4
      vertex 16.2497 73.7197 2.4
    endloop
  endfacet
  facet normal 0.760493 0.649347 0
    outer loop
      vertex 15.3686 74.1686 2.5
      vertex 15.2056 74.3595 2.4
      vertex 15.2056 74.3595 2.5
    endloop
  endfacet
  facet normal 0.760493 0.649347 0
    outer loop
      vertex 15.2056 74.3595 2.4
      vertex 15.3686 74.1686 2.5
      vertex 15.3686 74.1686 2.4
    endloop
  endfacet
  facet normal 0.522497 0.852641 -0
    outer loop
      vertex 15.7736 73.8744 2.4
      vertex 15.5595 74.0056 2.5
      vertex 15.7736 73.8744 2.5
    endloop
  endfacet
  facet normal 0.522497 0.852641 0
    outer loop
      vertex 15.5595 74.0056 2.5
      vertex 15.7736 73.8744 2.4
      vertex 15.5595 74.0056 2.4
    endloop
  endfacet
  facet normal 0.382692 0.923876 -0
    outer loop
      vertex 16.0056 73.7783 2.4
      vertex 15.7736 73.8744 2.5
      vertex 16.0056 73.7783 2.5
    endloop
  endfacet
  facet normal 0.382692 0.923876 0
    outer loop
      vertex 15.7736 73.8744 2.5
      vertex 16.0056 73.7783 2.4
      vertex 15.7736 73.8744 2.4
    endloop
  endfacet
  facet normal -0.0784629 0.996917 0
    outer loop
      vertex 16.7503 73.7197 2.4
      vertex 16.5 73.7 2.5
      vertex 16.7503 73.7197 2.5
    endloop
  endfacet
  facet normal -0.0784629 0.996917 0
    outer loop
      vertex 16.5 73.7 2.5
      vertex 16.7503 73.7197 2.4
      vertex 16.5 73.7 2.4
    endloop
  endfacet
  facet normal 0.233433 0.972373 -0
    outer loop
      vertex 16.2497 73.7197 2.4
      vertex 16.0056 73.7783 2.5
      vertex 16.2497 73.7197 2.5
    endloop
  endfacet
  facet normal 0.233433 0.972373 0
    outer loop
      vertex 16.0056 73.7783 2.5
      vertex 16.2497 73.7197 2.4
      vertex 16.0056 73.7783 2.4
    endloop
  endfacet
  facet normal 0.923876 0.382692 0
    outer loop
      vertex 15.0744 74.5736 2.5
      vertex 14.9783 74.8056 2.4
      vertex 14.9783 74.8056 2.5
    endloop
  endfacet
  facet normal 0.923876 0.382692 0
    outer loop
      vertex 14.9783 74.8056 2.4
      vertex 15.0744 74.5736 2.5
      vertex 15.0744 74.5736 2.4
    endloop
  endfacet
  facet normal 0.852641 0.522497 0
    outer loop
      vertex 15.2056 74.3595 2.5
      vertex 15.0744 74.5736 2.4
      vertex 15.0744 74.5736 2.5
    endloop
  endfacet
  facet normal 0.852641 0.522497 0
    outer loop
      vertex 15.0744 74.5736 2.4
      vertex 15.2056 74.3595 2.5
      vertex 15.2056 74.3595 2.4
    endloop
  endfacet
  facet normal -0.760493 0.649347 0
    outer loop
      vertex 17.6314 74.1686 2.4
      vertex 17.7944 74.3595 2.5
      vertex 17.7944 74.3595 2.4
    endloop
  endfacet
  facet normal -0.760493 0.649347 0
    outer loop
      vertex 17.7944 74.3595 2.5
      vertex 17.6314 74.1686 2.4
      vertex 17.6314 74.1686 2.5
    endloop
  endfacet
  facet normal 0.649347 0.760493 -0
    outer loop
      vertex 15.5595 74.0056 2.4
      vertex 15.3686 74.1686 2.5
      vertex 15.5595 74.0056 2.5
    endloop
  endfacet
  facet normal 0.649347 0.760493 0
    outer loop
      vertex 15.3686 74.1686 2.5
      vertex 15.5595 74.0056 2.4
      vertex 15.3686 74.1686 2.4
    endloop
  endfacet
  facet normal 0.832817 -0.0655473 -0.549654
    outer loop
      vertex 14.9 75.3 2.4
      vertex 13.3168 75.31 0
      vertex 14.9197 75.5503 2.4
    endloop
  endfacet
  facet normal 0.832755 -0.0666204 -0.549618
    outer loop
      vertex 13.3168 75.31 0
      vertex 14.9 75.3 2.4
      vertex 13.316 75.3 0
    endloop
  endfacet
  facet normal -0.832755 -0.0666204 -0.549618
    outer loop
      vertex 18.1 75.3 2.4
      vertex 19.6832 75.31 0
      vertex 19.684 75.3 0
    endloop
  endfacet
  facet normal -0.832817 -0.0655473 -0.549654
    outer loop
      vertex 19.6832 75.31 0
      vertex 18.1 75.3 2.4
      vertex 18.0803 75.5503 2.4
    endloop
  endfacet
  facet normal -0.832817 -0.0655197 -0.549657
    outer loop
      vertex 19.6448 75.7981 0
      vertex 19.6832 75.31 0
      vertex 18.0803 75.5503 2.4
    endloop
  endfacet
  facet normal -0.812294 -0.195053 -0.549666
    outer loop
      vertex 19.5282 76.2839 0
      vertex 19.6425 75.8079 0
      vertex 18.0217 75.7944 2.4
    endloop
  endfacet
  facet normal 0.0655196 -0.832816 -0.549659
    outer loop
      vertex 16.5 78.484 0
      vertex 16.5 76.9 2.4
      vertex 16.0119 78.4456 0
    endloop
  endfacet
  facet normal 0.0655197 0.832817 -0.549657
    outer loop
      vertex 16.2497 73.7197 2.4
      vertex 16.49 72.1168 0
      vertex 16.0019 72.1552 0
    endloop
  endfacet
  facet normal -0.54247 -0.635299 -0.549656
    outer loop
      vertex 18.3715 77.8759 0
      vertex 18.7438 77.558 0
      vertex 17.4405 76.5944 2.4
    endloop
  endfacet
  facet normal 0.832817 0.0655197 -0.549657
    outer loop
      vertex 14.9197 75.0497 2.4
      vertex 13.3552 74.8019 0
      vertex 13.3168 75.29 0
    endloop
  endfacet
  facet normal 0.635319 0.542467 -0.549636
    outer loop
      vertex 15.3686 74.1686 2.4
      vertex 14.2421 73.0562 0
      vertex 15.2056 74.3595 2.4
    endloop
  endfacet
  facet normal 0.634864 0.542976 -0.549659
    outer loop
      vertex 14.2421 73.0562 0
      vertex 15.3686 74.1686 2.4
      vertex 14.2486 73.0486 0
    endloop
  endfacet
  facet normal -0.547661 0.63064 -0.549874
    outer loop
      vertex 18.7438 73.042 0
      vertex 17.6314 74.1686 2.4
      vertex 18.7514 73.0486 0
    endloop
  endfacet
  facet normal -0.542459 0.635309 -0.549655
    outer loop
      vertex 17.6314 74.1686 2.4
      vertex 18.7438 73.042 0
      vertex 17.4405 74.0056 2.4
    endloop
  endfacet
  facet normal -0.771799 0.319698 -0.549655
    outer loop
      vertex 19.3408 73.8638 0
      vertex 17.9256 74.5736 2.4
      vertex 18.0217 74.8056 2.4
    endloop
  endfacet
  facet normal -0.773411 0.316017 -0.549517
    outer loop
      vertex 17.9256 74.5736 2.4
      vertex 19.3408 73.8638 0
      vertex 19.337 73.8545 0
    endloop
  endfacet
  facet normal -0.81231 0.195008 -0.549659
    outer loop
      vertex 19.6448 74.8019 0
      vertex 18.0217 74.8056 2.4
      vertex 18.0803 75.0497 2.4
    endloop
  endfacet
  facet normal -0.812997 0.190805 -0.550117
    outer loop
      vertex 18.0217 74.8056 2.4
      vertex 19.6448 74.8019 0
      vertex 19.6425 74.7921 0
    endloop
  endfacet
  facet normal -0.771766 -0.319763 -0.549662
    outer loop
      vertex 19.3408 76.7362 0
      vertex 19.5282 76.2839 0
      vertex 18.0217 75.7944 2.4
    endloop
  endfacet
  facet normal -0.711309 -0.438365 -0.549433
    outer loop
      vertex 19.337 76.7455 0
      vertex 17.7944 76.2405 2.4
      vertex 19.3317 76.7541 0
    endloop
  endfacet
  facet normal -0.712284 -0.436486 -0.549665
    outer loop
      vertex 17.7944 76.2405 2.4
      vertex 19.337 76.7455 0
      vertex 17.9256 76.0264 2.4
    endloop
  endfacet
  facet normal -0.0655196 -0.832816 -0.549659
    outer loop
      vertex 16.5 78.484 0
      vertex 16.9881 78.4456 0
      vertex 16.5 76.9 2.4
    endloop
  endfacet
  facet normal -0.195053 -0.812294 -0.549666
    outer loop
      vertex 17.0079 78.4425 0
      vertex 17.4839 78.3282 0
      vertex 16.9944 76.8217 2.4
    endloop
  endfacet
  facet normal 0.635223 -0.542576 -0.549639
    outer loop
      vertex 14.2486 77.5514 0
      vertex 15.3686 76.4314 2.4
      vertex 13.9306 77.1791 0
    endloop
  endfacet
  facet normal 0.54247 -0.635299 -0.549656
    outer loop
      vertex 14.6285 77.8759 0
      vertex 15.5595 76.5944 2.4
      vertex 14.2562 77.558 0
    endloop
  endfacet
  facet normal 0.319617 -0.771826 -0.549663
    outer loop
      vertex 15.5068 78.3243 0
      vertex 15.7736 76.7256 2.4
      vertex 15.0545 78.137 0
    endloop
  endfacet
  facet normal 0.190805 -0.812997 -0.550117
    outer loop
      vertex 16.0019 78.4448 0
      vertex 16.0056 76.8217 2.4
      vertex 15.9921 78.4425 0
    endloop
  endfacet
  facet normal 0.195008 -0.81231 -0.549659
    outer loop
      vertex 16.0056 76.8217 2.4
      vertex 16.0019 78.4448 0
      vertex 16.2497 76.8803 2.4
    endloop
  endfacet
  facet normal 0.771766 0.319763 -0.549662
    outer loop
      vertex 14.9783 74.8056 2.4
      vertex 13.6592 73.8638 0
      vertex 13.4718 74.3161 0
    endloop
  endfacet
  facet normal 0.81231 0.195008 -0.549659
    outer loop
      vertex 14.9783 74.8056 2.4
      vertex 13.3552 74.8019 0
      vertex 14.9197 75.0497 2.4
    endloop
  endfacet
  facet normal 0.812997 0.190805 -0.550117
    outer loop
      vertex 13.3552 74.8019 0
      vertex 14.9783 74.8056 2.4
      vertex 13.3575 74.7921 0
    endloop
  endfacet
  facet normal -0.195054 0.8123 -0.549657
    outer loop
      vertex 17.4741 72.2695 0
      vertex 16.9981 72.1552 0
      vertex 16.7503 73.7197 2.4
    endloop
  endfacet
  facet normal -0.190897 0.813389 -0.549506
    outer loop
      vertex 17.4741 72.2695 0
      vertex 16.9944 73.7783 2.4
      vertex 17.4839 72.2718 0
    endloop
  endfacet
  facet normal -0.195009 0.812314 -0.549652
    outer loop
      vertex 16.9944 73.7783 2.4
      vertex 17.4741 72.2695 0
      vertex 16.7503 73.7197 2.4
    endloop
  endfacet
  facet normal -0.0655197 0.832817 -0.549657
    outer loop
      vertex 16.7503 73.7197 2.4
      vertex 16.9981 72.1552 0
      vertex 16.51 72.1168 0
    endloop
  endfacet
  facet normal -0.712275 0.436512 -0.549656
    outer loop
      vertex 19.3317 73.8459 0
      vertex 19.0759 73.4285 0
      vertex 17.7944 74.3595 2.4
    endloop
  endfacet
  facet normal -0.635299 0.54247 -0.549656
    outer loop
      vertex 19.0759 73.4285 0
      vertex 18.758 73.0562 0
      vertex 17.7944 74.3595 2.4
    endloop
  endfacet
  facet normal -0.812997 -0.190805 -0.550117
    outer loop
      vertex 19.6448 75.7981 0
      vertex 18.0217 75.7944 2.4
      vertex 19.6425 75.8079 0
    endloop
  endfacet
  facet normal -0.81231 -0.195008 -0.549659
    outer loop
      vertex 18.0217 75.7944 2.4
      vertex 19.6448 75.7981 0
      vertex 18.0803 75.5503 2.4
    endloop
  endfacet
  facet normal -0.634902 -0.543009 -0.549582
    outer loop
      vertex 19.0759 77.1715 0
      vertex 17.6314 76.4314 2.4
      vertex 19.0694 77.1791 0
    endloop
  endfacet
  facet normal -0.635308 -0.542458 -0.549657
    outer loop
      vertex 17.6314 76.4314 2.4
      vertex 19.0759 77.1715 0
      vertex 17.7944 76.2405 2.4
    endloop
  endfacet
  facet normal -0.319617 -0.771826 -0.549663
    outer loop
      vertex 17.4932 78.3243 0
      vertex 17.9455 78.137 0
      vertex 17.2264 76.7256 2.4
    endloop
  endfacet
  facet normal -0.195008 -0.81231 -0.549659
    outer loop
      vertex 16.9981 78.4448 0
      vertex 16.9944 76.8217 2.4
      vertex 16.7503 76.8803 2.4
    endloop
  endfacet
  facet normal -0.190805 -0.812997 -0.550117
    outer loop
      vertex 16.9944 76.8217 2.4
      vertex 16.9981 78.4448 0
      vertex 17.0079 78.4425 0
    endloop
  endfacet
  facet normal -0.0655469 -0.832812 -0.549662
    outer loop
      vertex 16.9881 78.4456 0
      vertex 16.7503 76.8803 2.4
      vertex 16.5 76.9 2.4
    endloop
  endfacet
  facet normal -0.0666163 -0.832704 -0.549697
    outer loop
      vertex 16.7503 76.8803 2.4
      vertex 16.9881 78.4456 0
      vertex 16.9981 78.4448 0
    endloop
  endfacet
  facet normal 0.832817 -0.0655197 -0.549657
    outer loop
      vertex 13.3552 75.7981 0
      vertex 14.9197 75.5503 2.4
      vertex 13.3168 75.31 0
    endloop
  endfacet
  facet normal 0.436512 -0.712275 -0.549656
    outer loop
      vertex 15.0459 78.1317 0
      vertex 15.5595 76.5944 2.4
      vertex 14.6285 77.8759 0
    endloop
  endfacet
  facet normal 0.547661 -0.63064 -0.549874
    outer loop
      vertex 14.2562 77.558 0
      vertex 15.3686 76.4314 2.4
      vertex 14.2486 77.5514 0
    endloop
  endfacet
  facet normal 0.542459 -0.635309 -0.549655
    outer loop
      vertex 15.3686 76.4314 2.4
      vertex 14.2562 77.558 0
      vertex 15.5595 76.5944 2.4
    endloop
  endfacet
  facet normal 0.712275 -0.436512 -0.549656
    outer loop
      vertex 13.9241 77.1715 0
      vertex 15.2056 76.2405 2.4
      vertex 13.6683 76.7541 0
    endloop
  endfacet
  facet normal 0.634902 -0.543009 -0.549582
    outer loop
      vertex 15.3686 76.4314 2.4
      vertex 13.9241 77.1715 0
      vertex 13.9306 77.1791 0
    endloop
  endfacet
  facet normal 0.635308 -0.542458 -0.549657
    outer loop
      vertex 13.9241 77.1715 0
      vertex 15.3686 76.4314 2.4
      vertex 15.2056 76.2405 2.4
    endloop
  endfacet
  facet normal 0.438365 -0.711309 -0.549433
    outer loop
      vertex 15.0545 78.137 0
      vertex 15.5595 76.5944 2.4
      vertex 15.0459 78.1317 0
    endloop
  endfacet
  facet normal 0.436486 -0.712284 -0.549665
    outer loop
      vertex 15.5595 76.5944 2.4
      vertex 15.0545 78.137 0
      vertex 15.7736 76.7256 2.4
    endloop
  endfacet
  facet normal 0.195053 -0.812294 -0.549666
    outer loop
      vertex 15.9921 78.4425 0
      vertex 16.0056 76.8217 2.4
      vertex 15.5161 78.3282 0
    endloop
  endfacet
  facet normal 0.323168 -0.770632 -0.549263
    outer loop
      vertex 15.5161 78.3282 0
      vertex 15.7736 76.7256 2.4
      vertex 15.5068 78.3243 0
    endloop
  endfacet
  facet normal 0.319695 -0.771792 -0.549665
    outer loop
      vertex 15.7736 76.7256 2.4
      vertex 15.5161 78.3282 0
      vertex 16.0056 76.8217 2.4
    endloop
  endfacet
  facet normal 0.0666163 -0.832704 -0.549697
    outer loop
      vertex 16.0119 78.4456 0
      vertex 16.2497 76.8803 2.4
      vertex 16.0019 78.4448 0
    endloop
  endfacet
  facet normal 0.0655469 -0.832812 -0.549662
    outer loop
      vertex 16.2497 76.8803 2.4
      vertex 16.0119 78.4456 0
      vertex 16.5 76.9 2.4
    endloop
  endfacet
  facet normal 0.0666204 0.832755 -0.549618
    outer loop
      vertex 16.49 72.1168 0
      vertex 16.5 73.7 2.4
      vertex 16.5 72.116 0
    endloop
  endfacet
  facet normal 0.0655473 0.832817 -0.549654
    outer loop
      vertex 16.5 73.7 2.4
      vertex 16.49 72.1168 0
      vertex 16.2497 73.7197 2.4
    endloop
  endfacet
  facet normal 0.542459 0.635309 -0.549655
    outer loop
      vertex 14.2562 73.042 0
      vertex 15.3686 74.1686 2.4
      vertex 15.5595 74.0056 2.4
    endloop
  endfacet
  facet normal 0.547661 0.63064 -0.549874
    outer loop
      vertex 15.3686 74.1686 2.4
      vertex 14.2562 73.042 0
      vertex 14.2486 73.0486 0
    endloop
  endfacet
  facet normal 0.832755 0.0666204 -0.549618
    outer loop
      vertex 14.9 75.3 2.4
      vertex 13.3168 75.29 0
      vertex 13.316 75.3 0
    endloop
  endfacet
  facet normal 0.832817 0.0655473 -0.549654
    outer loop
      vertex 13.3168 75.29 0
      vertex 14.9 75.3 2.4
      vertex 14.9197 75.0497 2.4
    endloop
  endfacet
  facet normal 0.812294 0.195053 -0.549666
    outer loop
      vertex 14.9783 74.8056 2.4
      vertex 13.4718 74.3161 0
      vertex 13.3575 74.7921 0
    endloop
  endfacet
  facet normal 0.712275 0.436512 -0.549656
    outer loop
      vertex 15.2056 74.3595 2.4
      vertex 13.9241 73.4285 0
      vertex 13.6683 73.8459 0
    endloop
  endfacet
  facet normal 0.635217 0.54257 -0.549651
    outer loop
      vertex 15.2056 74.3595 2.4
      vertex 14.2421 73.0562 0
      vertex 13.9241 73.4285 0
    endloop
  endfacet
  facet normal -0.438365 0.711309 -0.549433
    outer loop
      vertex 17.9455 72.463 0
      vertex 17.4405 74.0056 2.4
      vertex 17.9541 72.4683 0
    endloop
  endfacet
  facet normal -0.436486 0.712284 -0.549665
    outer loop
      vertex 17.4405 74.0056 2.4
      vertex 17.9455 72.463 0
      vertex 17.2264 73.8744 2.4
    endloop
  endfacet
  facet normal -0.319617 0.771826 -0.549663
    outer loop
      vertex 17.9455 72.463 0
      vertex 17.4932 72.2757 0
      vertex 17.2264 73.8744 2.4
    endloop
  endfacet
  facet normal -0.0655473 0.832817 -0.549654
    outer loop
      vertex 16.51 72.1168 0
      vertex 16.5 73.7 2.4
      vertex 16.7503 73.7197 2.4
    endloop
  endfacet
  facet normal -0.0666204 0.832755 -0.549618
    outer loop
      vertex 16.5 73.7 2.4
      vertex 16.51 72.1168 0
      vertex 16.5 72.116 0
    endloop
  endfacet
  facet normal -0.712284 0.436486 -0.549665
    outer loop
      vertex 19.337 73.8545 0
      vertex 17.7944 74.3595 2.4
      vertex 17.9256 74.5736 2.4
    endloop
  endfacet
  facet normal -0.711309 0.438365 -0.549433
    outer loop
      vertex 17.7944 74.3595 2.4
      vertex 19.337 73.8545 0
      vertex 19.3317 73.8459 0
    endloop
  endfacet
  facet normal -0.812294 0.195053 -0.549666
    outer loop
      vertex 19.6425 74.7921 0
      vertex 19.5282 74.3161 0
      vertex 18.0217 74.8056 2.4
    endloop
  endfacet
  facet normal -0.771766 0.319763 -0.549662
    outer loop
      vertex 19.5282 74.3161 0
      vertex 19.3408 73.8638 0
      vertex 18.0217 74.8056 2.4
    endloop
  endfacet
  facet normal -0.832817 0.0655197 -0.549657
    outer loop
      vertex 19.6832 75.29 0
      vertex 19.6448 74.8019 0
      vertex 18.0803 75.0497 2.4
    endloop
  endfacet
  facet normal -0.832755 0.0666204 -0.549618
    outer loop
      vertex 19.6832 75.29 0
      vertex 18.1 75.3 2.4
      vertex 19.684 75.3 0
    endloop
  endfacet
  facet normal -0.832817 0.0655473 -0.549654
    outer loop
      vertex 18.1 75.3 2.4
      vertex 19.6832 75.29 0
      vertex 18.0803 75.0497 2.4
    endloop
  endfacet
  facet normal -0.773411 -0.316017 -0.549517
    outer loop
      vertex 19.3408 76.7362 0
      vertex 17.9256 76.0264 2.4
      vertex 19.337 76.7455 0
    endloop
  endfacet
  facet normal -0.771799 -0.319698 -0.549655
    outer loop
      vertex 17.9256 76.0264 2.4
      vertex 19.3408 76.7362 0
      vertex 18.0217 75.7944 2.4
    endloop
  endfacet
  facet normal -0.712275 -0.436512 -0.549656
    outer loop
      vertex 19.0759 77.1715 0
      vertex 19.3317 76.7541 0
      vertex 17.7944 76.2405 2.4
    endloop
  endfacet
  facet normal -0.542459 -0.635309 -0.549655
    outer loop
      vertex 18.7438 77.558 0
      vertex 17.6314 76.4314 2.4
      vertex 17.4405 76.5944 2.4
    endloop
  endfacet
  facet normal -0.547661 -0.63064 -0.549874
    outer loop
      vertex 17.6314 76.4314 2.4
      vertex 18.7438 77.558 0
      vertex 18.7514 77.5514 0
    endloop
  endfacet
  facet normal -0.635223 -0.542576 -0.549639
    outer loop
      vertex 18.7514 77.5514 0
      vertex 19.0694 77.1791 0
      vertex 17.6314 76.4314 2.4
    endloop
  endfacet
  facet normal -0.319695 -0.771792 -0.549665
    outer loop
      vertex 17.4839 78.3282 0
      vertex 17.2264 76.7256 2.4
      vertex 16.9944 76.8217 2.4
    endloop
  endfacet
  facet normal -0.323168 -0.770632 -0.549263
    outer loop
      vertex 17.2264 76.7256 2.4
      vertex 17.4839 78.3282 0
      vertex 17.4932 78.3243 0
    endloop
  endfacet
  facet normal -0.436512 -0.712275 -0.549656
    outer loop
      vertex 17.9541 78.1317 0
      vertex 18.3715 77.8759 0
      vertex 17.4405 76.5944 2.4
    endloop
  endfacet
  facet normal 0.771766 -0.319763 -0.549662
    outer loop
      vertex 13.6592 76.7362 0
      vertex 14.9783 75.7944 2.4
      vertex 13.4718 76.2839 0
    endloop
  endfacet
  facet normal 0.812997 -0.190805 -0.550117
    outer loop
      vertex 14.9783 75.7944 2.4
      vertex 13.3552 75.7981 0
      vertex 13.3575 75.8079 0
    endloop
  endfacet
  facet normal 0.81231 -0.195008 -0.549659
    outer loop
      vertex 13.3552 75.7981 0
      vertex 14.9783 75.7944 2.4
      vertex 14.9197 75.5503 2.4
    endloop
  endfacet
  facet normal 0.319695 0.771792 -0.549665
    outer loop
      vertex 15.5161 72.2718 0
      vertex 15.7736 73.8744 2.4
      vertex 16.0056 73.7783 2.4
    endloop
  endfacet
  facet normal 0.323168 0.770632 -0.549263
    outer loop
      vertex 15.7736 73.8744 2.4
      vertex 15.5161 72.2718 0
      vertex 15.5068 72.2757 0
    endloop
  endfacet
  facet normal 0.195054 0.8123 -0.549657
    outer loop
      vertex 16.2497 73.7197 2.4
      vertex 16.0019 72.1552 0
      vertex 15.5259 72.2695 0
    endloop
  endfacet
  facet normal 0.319617 0.771826 -0.549663
    outer loop
      vertex 15.7736 73.8744 2.4
      vertex 15.5068 72.2757 0
      vertex 15.0545 72.463 0
    endloop
  endfacet
  facet normal 0.771799 0.319698 -0.549655
    outer loop
      vertex 15.0744 74.5736 2.4
      vertex 13.6592 73.8638 0
      vertex 14.9783 74.8056 2.4
    endloop
  endfacet
  facet normal 0.773411 0.316017 -0.549517
    outer loop
      vertex 13.6592 73.8638 0
      vertex 15.0744 74.5736 2.4
      vertex 13.663 73.8545 0
    endloop
  endfacet
  facet normal 0.712284 0.436486 -0.549665
    outer loop
      vertex 15.2056 74.3595 2.4
      vertex 13.663 73.8545 0
      vertex 15.0744 74.5736 2.4
    endloop
  endfacet
  facet normal 0.711309 0.438365 -0.549433
    outer loop
      vertex 13.663 73.8545 0
      vertex 15.2056 74.3595 2.4
      vertex 13.6683 73.8459 0
    endloop
  endfacet
  facet normal -0.635309 0.542459 -0.549655
    outer loop
      vertex 18.758 73.0562 0
      vertex 17.6314 74.1686 2.4
      vertex 17.7944 74.3595 2.4
    endloop
  endfacet
  facet normal -0.63064 0.547661 -0.549874
    outer loop
      vertex 17.6314 74.1686 2.4
      vertex 18.758 73.0562 0
      vertex 18.7514 73.0486 0
    endloop
  endfacet
  facet normal -0.436512 0.712275 -0.549656
    outer loop
      vertex 18.3715 72.7241 0
      vertex 17.9541 72.4683 0
      vertex 17.4405 74.0056 2.4
    endloop
  endfacet
  facet normal -0.323168 0.770632 -0.549263
    outer loop
      vertex 17.4839 72.2718 0
      vertex 17.2264 73.8744 2.4
      vertex 17.4932 72.2757 0
    endloop
  endfacet
  facet normal -0.319695 0.771792 -0.549665
    outer loop
      vertex 17.2264 73.8744 2.4
      vertex 17.4839 72.2718 0
      vertex 16.9944 73.7783 2.4
    endloop
  endfacet
  facet normal -0.436486 -0.712284 -0.549665
    outer loop
      vertex 17.9455 78.137 0
      vertex 17.4405 76.5944 2.4
      vertex 17.2264 76.7256 2.4
    endloop
  endfacet
  facet normal -0.438365 -0.711309 -0.549433
    outer loop
      vertex 17.4405 76.5944 2.4
      vertex 17.9455 78.137 0
      vertex 17.9541 78.1317 0
    endloop
  endfacet
  facet normal 0.711309 -0.438365 -0.549433
    outer loop
      vertex 15.2056 76.2405 2.4
      vertex 13.663 76.7455 0
      vertex 13.6683 76.7541 0
    endloop
  endfacet
  facet normal 0.712284 -0.436486 -0.549665
    outer loop
      vertex 13.663 76.7455 0
      vertex 15.2056 76.2405 2.4
      vertex 15.0744 76.0264 2.4
    endloop
  endfacet
  facet normal 0.773411 -0.316017 -0.549517
    outer loop
      vertex 15.0744 76.0264 2.4
      vertex 13.6592 76.7362 0
      vertex 13.663 76.7455 0
    endloop
  endfacet
  facet normal 0.771799 -0.319698 -0.549655
    outer loop
      vertex 13.6592 76.7362 0
      vertex 15.0744 76.0264 2.4
      vertex 14.9783 75.7944 2.4
    endloop
  endfacet
  facet normal 0.812294 -0.195053 -0.549666
    outer loop
      vertex 13.4718 76.2839 0
      vertex 14.9783 75.7944 2.4
      vertex 13.3575 75.8079 0
    endloop
  endfacet
  facet normal 0.195009 0.812314 -0.549652
    outer loop
      vertex 15.5259 72.2695 0
      vertex 16.0056 73.7783 2.4
      vertex 16.2497 73.7197 2.4
    endloop
  endfacet
  facet normal 0.190897 0.813389 -0.549506
    outer loop
      vertex 16.0056 73.7783 2.4
      vertex 15.5259 72.2695 0
      vertex 15.5161 72.2718 0
    endloop
  endfacet
  facet normal 0.54247 0.635299 -0.549656
    outer loop
      vertex 15.5595 74.0056 2.4
      vertex 14.6285 72.7241 0
      vertex 14.2562 73.042 0
    endloop
  endfacet
  facet normal -0.54247 0.635299 -0.549656
    outer loop
      vertex 18.7438 73.042 0
      vertex 18.3715 72.7241 0
      vertex 17.4405 74.0056 2.4
    endloop
  endfacet
  facet normal 0.436512 0.712275 -0.549656
    outer loop
      vertex 15.5595 74.0056 2.4
      vertex 15.0459 72.4683 0
      vertex 14.6285 72.7241 0
    endloop
  endfacet
  facet normal 0.436486 0.712284 -0.549665
    outer loop
      vertex 15.0545 72.463 0
      vertex 15.5595 74.0056 2.4
      vertex 15.7736 73.8744 2.4
    endloop
  endfacet
  facet normal 0.438365 0.711309 -0.549433
    outer loop
      vertex 15.5595 74.0056 2.4
      vertex 15.0545 72.463 0
      vertex 15.0459 72.4683 0
    endloop
  endfacet
  facet normal -0.996823 -0.0796502 0
    outer loop
      vertex 219.1 -75.3 2.4
      vertex 219.08 -75.0497 2.5
      vertex 219.08 -75.0497 2.4
    endloop
  endfacet
  facet normal -0.996823 -0.0796502 0
    outer loop
      vertex 219.08 -75.0497 2.5
      vertex 219.1 -75.3 2.4
      vertex 219.1 -75.3 2.5
    endloop
  endfacet
  facet normal 0.0785565 -0.99691 0
    outer loop
      vertex 217.25 -73.7197 2.4
      vertex 217.5 -73.7 2.5
      vertex 217.25 -73.7197 2.5
    endloop
  endfacet
  facet normal 0.0785565 -0.99691 0
    outer loop
      vertex 217.5 -73.7 2.5
      vertex 217.25 -73.7197 2.4
      vertex 217.5 -73.7 2.4
    endloop
  endfacet
  facet normal -0.0785565 0.99691 0
    outer loop
      vertex 217.75 -76.8803 2.4
      vertex 217.5 -76.9 2.5
      vertex 217.75 -76.8803 2.5
    endloop
  endfacet
  facet normal -0.0785565 0.99691 0
    outer loop
      vertex 217.5 -76.9 2.5
      vertex 217.75 -76.8803 2.4
      vertex 217.5 -76.9 2.4
    endloop
  endfacet
  facet normal -0.851221 0.524807 0
    outer loop
      vertex 218.794 -76.2405 2.4
      vertex 218.926 -76.0264 2.5
      vertex 218.926 -76.0264 2.4
    endloop
  endfacet
  facet normal -0.851221 0.524807 0
    outer loop
      vertex 218.926 -76.0264 2.5
      vertex 218.794 -76.2405 2.4
      vertex 218.794 -76.2405 2.5
    endloop
  endfacet
  facet normal -0.64915 -0.76066 0
    outer loop
      vertex 218.44 -74.0056 2.4
      vertex 218.631 -74.1686 2.5
      vertex 218.44 -74.0056 2.5
    endloop
  endfacet
  facet normal -0.64915 -0.76066 -0
    outer loop
      vertex 218.631 -74.1686 2.5
      vertex 218.44 -74.0056 2.4
      vertex 218.631 -74.1686 2.4
    endloop
  endfacet
  facet normal 0.760493 -0.649347 0
    outer loop
      vertex 216.206 -74.3595 2.5
      vertex 216.369 -74.1686 2.4
      vertex 216.369 -74.1686 2.5
    endloop
  endfacet
  facet normal 0.760493 -0.649347 0
    outer loop
      vertex 216.369 -74.1686 2.4
      vertex 216.206 -74.3595 2.5
      vertex 216.206 -74.3595 2.4
    endloop
  endfacet
  facet normal 0.382692 -0.923876 0
    outer loop
      vertex 216.774 -73.8744 2.4
      vertex 217.006 -73.7783 2.5
      vertex 216.774 -73.8744 2.5
    endloop
  endfacet
  facet normal 0.382692 -0.923876 0
    outer loop
      vertex 217.006 -73.7783 2.5
      vertex 216.774 -73.8744 2.4
      vertex 217.006 -73.7783 2.4
    endloop
  endfacet
  facet normal -0.851221 -0.524807 0
    outer loop
      vertex 218.926 -74.5736 2.4
      vertex 218.794 -74.3595 2.5
      vertex 218.794 -74.3595 2.4
    endloop
  endfacet
  facet normal -0.851221 -0.524807 0
    outer loop
      vertex 218.794 -74.3595 2.5
      vertex 218.926 -74.5736 2.4
      vertex 218.926 -74.5736 2.5
    endloop
  endfacet
  facet normal -0.972913 -0.231171 0
    outer loop
      vertex 219.08 -75.0497 2.4
      vertex 219.022 -74.8056 2.5
      vertex 219.022 -74.8056 2.4
    endloop
  endfacet
  facet normal -0.972913 -0.231171 0
    outer loop
      vertex 219.022 -74.8056 2.5
      vertex 219.08 -75.0497 2.4
      vertex 219.08 -75.0497 2.5
    endloop
  endfacet
  facet normal -0.760493 -0.649347 0
    outer loop
      vertex 218.794 -74.3595 2.4
      vertex 218.631 -74.1686 2.5
      vertex 218.631 -74.1686 2.4
    endloop
  endfacet
  facet normal -0.760493 -0.649347 0
    outer loop
      vertex 218.631 -74.1686 2.5
      vertex 218.794 -74.3595 2.4
      vertex 218.794 -74.3595 2.5
    endloop
  endfacet
  facet normal -0.382692 -0.923876 0
    outer loop
      vertex 217.994 -73.7783 2.4
      vertex 218.226 -73.8744 2.5
      vertex 217.994 -73.7783 2.5
    endloop
  endfacet
  facet normal -0.382692 -0.923876 -0
    outer loop
      vertex 218.226 -73.8744 2.5
      vertex 217.994 -73.7783 2.4
      vertex 218.226 -73.8744 2.4
    endloop
  endfacet
  facet normal -0.233524 -0.972351 0
    outer loop
      vertex 217.75 -73.7197 2.4
      vertex 217.994 -73.7783 2.5
      vertex 217.75 -73.7197 2.5
    endloop
  endfacet
  facet normal -0.233524 -0.972351 -0
    outer loop
      vertex 217.994 -73.7783 2.5
      vertex 217.75 -73.7197 2.4
      vertex 217.994 -73.7783 2.4
    endloop
  endfacet
  facet normal -0.522674 -0.852533 0
    outer loop
      vertex 218.226 -73.8744 2.4
      vertex 218.44 -74.0056 2.5
      vertex 218.226 -73.8744 2.5
    endloop
  endfacet
  facet normal -0.522674 -0.852533 -0
    outer loop
      vertex 218.44 -74.0056 2.5
      vertex 218.226 -73.8744 2.4
      vertex 218.44 -74.0056 2.4
    endloop
  endfacet
  facet normal 0.924017 -0.382352 0
    outer loop
      vertex 215.978 -74.8056 2.5
      vertex 216.074 -74.5736 2.4
      vertex 216.074 -74.5736 2.5
    endloop
  endfacet
  facet normal 0.924017 -0.382352 0
    outer loop
      vertex 216.074 -74.5736 2.4
      vertex 215.978 -74.8056 2.5
      vertex 215.978 -74.8056 2.4
    endloop
  endfacet
  facet normal 0.851221 -0.524807 0
    outer loop
      vertex 216.074 -74.5736 2.5
      vertex 216.206 -74.3595 2.4
      vertex 216.206 -74.3595 2.5
    endloop
  endfacet
  facet normal 0.851221 -0.524807 0
    outer loop
      vertex 216.206 -74.3595 2.4
      vertex 216.074 -74.5736 2.5
      vertex 216.074 -74.5736 2.4
    endloop
  endfacet
  facet normal 0.972913 -0.231171 0
    outer loop
      vertex 215.92 -75.0497 2.5
      vertex 215.978 -74.8056 2.4
      vertex 215.978 -74.8056 2.5
    endloop
  endfacet
  facet normal 0.972913 -0.231171 0
    outer loop
      vertex 215.978 -74.8056 2.4
      vertex 215.92 -75.0497 2.5
      vertex 215.92 -75.0497 2.4
    endloop
  endfacet
  facet normal 0.522674 -0.852533 0
    outer loop
      vertex 216.56 -74.0056 2.4
      vertex 216.774 -73.8744 2.5
      vertex 216.56 -74.0056 2.5
    endloop
  endfacet
  facet normal 0.522674 -0.852533 0
    outer loop
      vertex 216.774 -73.8744 2.5
      vertex 216.56 -74.0056 2.4
      vertex 216.774 -73.8744 2.4
    endloop
  endfacet
  facet normal 0.233524 -0.972351 0
    outer loop
      vertex 217.006 -73.7783 2.4
      vertex 217.25 -73.7197 2.5
      vertex 217.006 -73.7783 2.5
    endloop
  endfacet
  facet normal 0.233524 -0.972351 0
    outer loop
      vertex 217.25 -73.7197 2.5
      vertex 217.006 -73.7783 2.4
      vertex 217.25 -73.7197 2.4
    endloop
  endfacet
  facet normal -0.924017 -0.382352 0
    outer loop
      vertex 219.022 -74.8056 2.4
      vertex 218.926 -74.5736 2.5
      vertex 218.926 -74.5736 2.4
    endloop
  endfacet
  facet normal -0.924017 -0.382352 0
    outer loop
      vertex 218.926 -74.5736 2.5
      vertex 219.022 -74.8056 2.4
      vertex 219.022 -74.8056 2.5
    endloop
  endfacet
  facet normal -0.0785565 -0.99691 0
    outer loop
      vertex 217.5 -73.7 2.4
      vertex 217.75 -73.7197 2.5
      vertex 217.5 -73.7 2.5
    endloop
  endfacet
  facet normal -0.0785565 -0.99691 -0
    outer loop
      vertex 217.75 -73.7197 2.5
      vertex 217.5 -73.7 2.4
      vertex 217.75 -73.7197 2.4
    endloop
  endfacet
  facet normal 0.996823 -0.0796502 0
    outer loop
      vertex 215.9 -75.3 2.5
      vertex 215.92 -75.0497 2.4
      vertex 215.92 -75.0497 2.5
    endloop
  endfacet
  facet normal 0.996823 -0.0796502 0
    outer loop
      vertex 215.92 -75.0497 2.4
      vertex 215.9 -75.3 2.5
      vertex 215.9 -75.3 2.4
    endloop
  endfacet
  facet normal -0.996823 0.0796502 0
    outer loop
      vertex 219.08 -75.5503 2.4
      vertex 219.1 -75.3 2.5
      vertex 219.1 -75.3 2.4
    endloop
  endfacet
  facet normal -0.996823 0.0796502 0
    outer loop
      vertex 219.1 -75.3 2.5
      vertex 219.08 -75.5503 2.4
      vertex 219.08 -75.5503 2.5
    endloop
  endfacet
  facet normal 0.760493 0.649347 0
    outer loop
      vertex 216.369 -76.4314 2.5
      vertex 216.206 -76.2405 2.4
      vertex 216.206 -76.2405 2.5
    endloop
  endfacet
  facet normal 0.760493 0.649347 0
    outer loop
      vertex 216.206 -76.2405 2.4
      vertex 216.369 -76.4314 2.5
      vertex 216.369 -76.4314 2.4
    endloop
  endfacet
  facet normal 0.972913 0.231171 0
    outer loop
      vertex 215.978 -75.7944 2.5
      vertex 215.92 -75.5503 2.4
      vertex 215.92 -75.5503 2.5
    endloop
  endfacet
  facet normal 0.972913 0.231171 0
    outer loop
      vertex 215.92 -75.5503 2.4
      vertex 215.978 -75.7944 2.5
      vertex 215.978 -75.7944 2.4
    endloop
  endfacet
  facet normal -0.64915 0.76066 0
    outer loop
      vertex 218.631 -76.4314 2.4
      vertex 218.44 -76.5944 2.5
      vertex 218.631 -76.4314 2.5
    endloop
  endfacet
  facet normal -0.64915 0.76066 0
    outer loop
      vertex 218.44 -76.5944 2.5
      vertex 218.631 -76.4314 2.4
      vertex 218.44 -76.5944 2.4
    endloop
  endfacet
  facet normal -0.522674 0.852533 0
    outer loop
      vertex 218.44 -76.5944 2.4
      vertex 218.226 -76.7256 2.5
      vertex 218.44 -76.5944 2.5
    endloop
  endfacet
  facet normal -0.522674 0.852533 0
    outer loop
      vertex 218.226 -76.7256 2.5
      vertex 218.44 -76.5944 2.4
      vertex 218.226 -76.7256 2.4
    endloop
  endfacet
  facet normal -0.924017 0.382352 0
    outer loop
      vertex 218.926 -76.0264 2.4
      vertex 219.022 -75.7944 2.5
      vertex 219.022 -75.7944 2.4
    endloop
  endfacet
  facet normal -0.924017 0.382352 0
    outer loop
      vertex 219.022 -75.7944 2.5
      vertex 218.926 -76.0264 2.4
      vertex 218.926 -76.0264 2.5
    endloop
  endfacet
  facet normal 0.996823 0.0796502 0
    outer loop
      vertex 215.92 -75.5503 2.5
      vertex 215.9 -75.3 2.4
      vertex 215.9 -75.3 2.5
    endloop
  endfacet
  facet normal 0.996823 0.0796502 0
    outer loop
      vertex 215.9 -75.3 2.4
      vertex 215.92 -75.5503 2.5
      vertex 215.92 -75.5503 2.4
    endloop
  endfacet
  facet normal 0.64915 -0.76066 0
    outer loop
      vertex 216.369 -74.1686 2.4
      vertex 216.56 -74.0056 2.5
      vertex 216.369 -74.1686 2.5
    endloop
  endfacet
  facet normal 0.64915 -0.76066 0
    outer loop
      vertex 216.56 -74.0056 2.5
      vertex 216.369 -74.1686 2.4
      vertex 216.56 -74.0056 2.4
    endloop
  endfacet
  facet normal -0.972913 0.231171 0
    outer loop
      vertex 219.022 -75.7944 2.4
      vertex 219.08 -75.5503 2.5
      vertex 219.08 -75.5503 2.4
    endloop
  endfacet
  facet normal -0.972913 0.231171 0
    outer loop
      vertex 219.08 -75.5503 2.5
      vertex 219.022 -75.7944 2.4
      vertex 219.022 -75.7944 2.5
    endloop
  endfacet
  facet normal 0.233524 0.972351 -0
    outer loop
      vertex 217.25 -76.8803 2.4
      vertex 217.006 -76.8217 2.5
      vertex 217.25 -76.8803 2.5
    endloop
  endfacet
  facet normal 0.233524 0.972351 0
    outer loop
      vertex 217.006 -76.8217 2.5
      vertex 217.25 -76.8803 2.4
      vertex 217.006 -76.8217 2.4
    endloop
  endfacet
  facet normal 0.64915 0.76066 -0
    outer loop
      vertex 216.56 -76.5944 2.4
      vertex 216.369 -76.4314 2.5
      vertex 216.56 -76.5944 2.5
    endloop
  endfacet
  facet normal 0.64915 0.76066 0
    outer loop
      vertex 216.369 -76.4314 2.5
      vertex 216.56 -76.5944 2.4
      vertex 216.369 -76.4314 2.4
    endloop
  endfacet
  facet normal 0.924017 0.382352 0
    outer loop
      vertex 216.074 -76.0264 2.5
      vertex 215.978 -75.7944 2.4
      vertex 215.978 -75.7944 2.5
    endloop
  endfacet
  facet normal 0.924017 0.382352 0
    outer loop
      vertex 215.978 -75.7944 2.4
      vertex 216.074 -76.0264 2.5
      vertex 216.074 -76.0264 2.4
    endloop
  endfacet
  facet normal 0.851221 0.524807 0
    outer loop
      vertex 216.206 -76.2405 2.5
      vertex 216.074 -76.0264 2.4
      vertex 216.074 -76.0264 2.5
    endloop
  endfacet
  facet normal 0.851221 0.524807 0
    outer loop
      vertex 216.074 -76.0264 2.4
      vertex 216.206 -76.2405 2.5
      vertex 216.206 -76.2405 2.4
    endloop
  endfacet
  facet normal -0.760493 0.649347 0
    outer loop
      vertex 218.631 -76.4314 2.4
      vertex 218.794 -76.2405 2.5
      vertex 218.794 -76.2405 2.4
    endloop
  endfacet
  facet normal -0.760493 0.649347 0
    outer loop
      vertex 218.794 -76.2405 2.5
      vertex 218.631 -76.4314 2.4
      vertex 218.631 -76.4314 2.5
    endloop
  endfacet
  facet normal -0.382692 0.923876 0
    outer loop
      vertex 218.226 -76.7256 2.4
      vertex 217.994 -76.8217 2.5
      vertex 218.226 -76.7256 2.5
    endloop
  endfacet
  facet normal -0.382692 0.923876 0
    outer loop
      vertex 217.994 -76.8217 2.5
      vertex 218.226 -76.7256 2.4
      vertex 217.994 -76.8217 2.4
    endloop
  endfacet
  facet normal -0.233524 0.972351 0
    outer loop
      vertex 217.994 -76.8217 2.4
      vertex 217.75 -76.8803 2.5
      vertex 217.994 -76.8217 2.5
    endloop
  endfacet
  facet normal -0.233524 0.972351 0
    outer loop
      vertex 217.75 -76.8803 2.5
      vertex 217.994 -76.8217 2.4
      vertex 217.75 -76.8803 2.4
    endloop
  endfacet
  facet normal 0.522674 0.852533 -0
    outer loop
      vertex 216.774 -76.7256 2.4
      vertex 216.56 -76.5944 2.5
      vertex 216.774 -76.7256 2.5
    endloop
  endfacet
  facet normal 0.522674 0.852533 0
    outer loop
      vertex 216.56 -76.5944 2.5
      vertex 216.774 -76.7256 2.4
      vertex 216.56 -76.5944 2.4
    endloop
  endfacet
  facet normal 0.0785565 0.99691 -0
    outer loop
      vertex 217.5 -76.9 2.4
      vertex 217.25 -76.8803 2.5
      vertex 217.5 -76.9 2.5
    endloop
  endfacet
  facet normal 0.0785565 0.99691 0
    outer loop
      vertex 217.25 -76.8803 2.5
      vertex 217.5 -76.9 2.4
      vertex 217.25 -76.8803 2.4
    endloop
  endfacet
  facet normal 0.382692 0.923876 -0
    outer loop
      vertex 217.006 -76.8217 2.4
      vertex 216.774 -76.7256 2.5
      vertex 217.006 -76.8217 2.5
    endloop
  endfacet
  facet normal 0.382692 0.923876 0
    outer loop
      vertex 216.774 -76.7256 2.5
      vertex 217.006 -76.8217 2.4
      vertex 216.774 -76.7256 2.4
    endloop
  endfacet
  facet normal -0.831718 -0.0831718 -0.548934
    outer loop
      vertex 219.1 -75.3 2.4
      vertex 220.683 -75.29 0
      vertex 220.684 -75.3 0
    endloop
  endfacet
  facet normal -0.832792 -0.0665435 -0.549573
    outer loop
      vertex 220.683 -75.29 0
      vertex 219.1 -75.3 2.4
      vertex 219.08 -75.0497 2.4
    endloop
  endfacet
  facet normal -0.832807 -0.0648364 -0.549754
    outer loop
      vertex 220.645 -74.8019 0
      vertex 220.683 -75.29 0
      vertex 219.08 -75.0497 2.4
    endloop
  endfacet
  facet normal 0.832807 0.0648364 -0.549754
    outer loop
      vertex 215.92 -75.5503 2.4
      vertex 214.355 -75.7981 0
      vertex 214.317 -75.31 0
    endloop
  endfacet
  facet normal -0.812497 -0.19459 -0.54953
    outer loop
      vertex 220.528 -74.3161 0
      vertex 220.642 -74.7921 0
      vertex 219.022 -74.8056 2.4
    endloop
  endfacet
  facet normal 0.0655328 -0.832813 -0.549662
    outer loop
      vertex 217.49 -72.1168 0
      vertex 217.25 -73.7197 2.4
      vertex 217.002 -72.1552 0
    endloop
  endfacet
  facet normal -0.0666161 0.832701 -0.549701
    outer loop
      vertex 217.988 -78.4456 0
      vertex 217.75 -76.8803 2.4
      vertex 217.998 -78.4448 0
    endloop
  endfacet
  facet normal -0.0656248 0.832802 -0.549668
    outer loop
      vertex 217.75 -76.8803 2.4
      vertex 217.988 -78.4456 0
      vertex 217.5 -76.9 2.4
    endloop
  endfacet
  facet normal -0.54266 -0.63501 -0.549802
    outer loop
      vertex 219.372 -72.7241 0
      vertex 219.744 -73.042 0
      vertex 218.44 -74.0056 2.4
    endloop
  endfacet
  facet normal 0.812497 0.19459 -0.54953
    outer loop
      vertex 215.978 -75.7944 2.4
      vertex 214.472 -76.2839 0
      vertex 214.358 -75.8079 0
    endloop
  endfacet
  facet normal 0.54266 0.63501 -0.549802
    outer loop
      vertex 216.56 -76.5944 2.4
      vertex 215.628 -77.8759 0
      vertex 215.256 -77.558 0
    endloop
  endfacet
  facet normal -0.635223 0.542576 -0.549639
    outer loop
      vertex 220.069 -77.1791 0
      vertex 219.751 -77.5514 0
      vertex 218.631 -76.4314 2.4
    endloop
  endfacet
  facet normal -0.77195 0.319428 -0.549599
    outer loop
      vertex 220.341 -76.7362 0
      vertex 218.926 -76.0264 2.4
      vertex 219.022 -75.7944 2.4
    endloop
  endfacet
  facet normal -0.767241 0.329996 -0.549949
    outer loop
      vertex 218.926 -76.0264 2.4
      vertex 220.341 -76.7362 0
      vertex 220.337 -76.7455 0
    endloop
  endfacet
  facet normal -0.812641 0.19309 -0.549846
    outer loop
      vertex 220.645 -75.7981 0
      vertex 219.022 -75.7944 2.4
      vertex 219.08 -75.5503 2.4
    endloop
  endfacet
  facet normal -0.802789 0.245752 -0.543265
    outer loop
      vertex 219.022 -75.7944 2.4
      vertex 220.645 -75.7981 0
      vertex 220.642 -75.8079 0
    endloop
  endfacet
  facet normal -0.712059 -0.436721 -0.54977
    outer loop
      vertex 220.076 -73.4285 0
      vertex 220.332 -73.8459 0
      vertex 218.794 -74.3595 2.4
    endloop
  endfacet
  facet normal 0.635171 -0.542531 -0.549744
    outer loop
      vertex 215.242 -73.0562 0
      vertex 216.206 -74.3595 2.4
      vertex 214.924 -73.4285 0
    endloop
  endfacet
  facet normal 0.319179 -0.77196 -0.54973
    outer loop
      vertex 216.507 -72.2757 0
      vertex 216.774 -73.8744 2.4
      vertex 216.054 -72.463 0
    endloop
  endfacet
  facet normal -0.635171 -0.542531 -0.549744
    outer loop
      vertex 219.758 -73.0562 0
      vertex 220.076 -73.4285 0
      vertex 218.794 -74.3595 2.4
    endloop
  endfacet
  facet normal -0.436597 -0.712133 -0.549773
    outer loop
      vertex 218.946 -72.463 0
      vertex 218.44 -74.0056 2.4
      vertex 218.226 -73.8744 2.4
    endloop
  endfacet
  facet normal -0.462586 -0.698243 -0.546324
    outer loop
      vertex 218.44 -74.0056 2.4
      vertex 218.946 -72.463 0
      vertex 218.954 -72.4683 0
    endloop
  endfacet
  facet normal -0.319179 -0.77196 -0.54973
    outer loop
      vertex 218.493 -72.2757 0
      vertex 218.946 -72.463 0
      vertex 218.226 -73.8744 2.4
    endloop
  endfacet
  facet normal -0.436019 -0.712494 -0.549763
    outer loop
      vertex 218.954 -72.4683 0
      vertex 219.372 -72.7241 0
      vertex 218.44 -74.0056 2.4
    endloop
  endfacet
  facet normal 0.772062 0.319203 -0.549573
    outer loop
      vertex 215.978 -75.7944 2.4
      vertex 214.659 -76.7362 0
      vertex 214.472 -76.2839 0
    endloop
  endfacet
  facet normal 0.77195 0.319428 -0.549599
    outer loop
      vertex 216.074 -76.0264 2.4
      vertex 214.659 -76.7362 0
      vertex 215.978 -75.7944 2.4
    endloop
  endfacet
  facet normal 0.767241 0.329996 -0.549949
    outer loop
      vertex 214.659 -76.7362 0
      vertex 216.074 -76.0264 2.4
      vertex 214.663 -76.7455 0
    endloop
  endfacet
  facet normal 0.542257 0.635406 -0.549742
    outer loop
      vertex 215.256 -77.558 0
      vertex 216.369 -76.4314 2.4
      vertex 216.56 -76.5944 2.4
    endloop
  endfacet
  facet normal 0.572637 0.607342 -0.550657
    outer loop
      vertex 216.369 -76.4314 2.4
      vertex 215.256 -77.558 0
      vertex 215.249 -77.5514 0
    endloop
  endfacet
  facet normal -0.195049 0.812276 -0.549695
    outer loop
      vertex 218.484 -78.3282 0
      vertex 218.008 -78.4425 0
      vertex 217.994 -76.8217 2.4
    endloop
  endfacet
  facet normal -0.319179 0.77196 -0.54973
    outer loop
      vertex 218.946 -78.137 0
      vertex 218.493 -78.3243 0
      vertex 218.226 -76.7256 2.4
    endloop
  endfacet
  facet normal -0.332542 0.767405 -0.548183
    outer loop
      vertex 218.484 -78.3282 0
      vertex 218.226 -76.7256 2.4
      vertex 218.493 -78.3243 0
    endloop
  endfacet
  facet normal -0.319683 0.771764 -0.549711
    outer loop
      vertex 218.226 -76.7256 2.4
      vertex 218.484 -78.3282 0
      vertex 217.994 -76.8217 2.4
    endloop
  endfacet
  facet normal -0.54266 0.63501 -0.549802
    outer loop
      vertex 219.744 -77.558 0
      vertex 219.372 -77.8759 0
      vertex 218.44 -76.5944 2.4
    endloop
  endfacet
  facet normal -0.712059 0.436721 -0.54977
    outer loop
      vertex 220.332 -76.7541 0
      vertex 220.076 -77.1715 0
      vertex 218.794 -76.2405 2.4
    endloop
  endfacet
  facet normal -0.635262 0.542419 -0.549749
    outer loop
      vertex 220.076 -77.1715 0
      vertex 218.631 -76.4314 2.4
      vertex 218.794 -76.2405 2.4
    endloop
  endfacet
  facet normal -0.616213 0.567564 -0.546034
    outer loop
      vertex 218.631 -76.4314 2.4
      vertex 220.076 -77.1715 0
      vertex 220.069 -77.1791 0
    endloop
  endfacet
  facet normal -0.772062 -0.319203 -0.549573
    outer loop
      vertex 220.341 -73.8638 0
      vertex 220.528 -74.3161 0
      vertex 219.022 -74.8056 2.4
    endloop
  endfacet
  facet normal -0.767241 -0.329996 -0.549949
    outer loop
      vertex 220.341 -73.8638 0
      vertex 218.926 -74.5736 2.4
      vertex 220.337 -73.8545 0
    endloop
  endfacet
  facet normal -0.77195 -0.319428 -0.549599
    outer loop
      vertex 218.926 -74.5736 2.4
      vertex 220.341 -73.8638 0
      vertex 219.022 -74.8056 2.4
    endloop
  endfacet
  facet normal 0.712059 -0.436721 -0.54977
    outer loop
      vertex 214.924 -73.4285 0
      vertex 216.206 -74.3595 2.4
      vertex 214.668 -73.8459 0
    endloop
  endfacet
  facet normal 0.54266 -0.63501 -0.549802
    outer loop
      vertex 215.628 -72.7241 0
      vertex 216.56 -74.0056 2.4
      vertex 215.256 -73.042 0
    endloop
  endfacet
  facet normal 0.187291 -0.814308 -0.549386
    outer loop
      vertex 216.526 -72.2695 0
      vertex 217.006 -73.7783 2.4
      vertex 216.516 -72.2718 0
    endloop
  endfacet
  facet normal 0.195081 -0.812283 -0.549672
    outer loop
      vertex 217.006 -73.7783 2.4
      vertex 216.526 -72.2695 0
      vertex 217.25 -73.7197 2.4
    endloop
  endfacet
  facet normal 0.195053 -0.812292 -0.549669
    outer loop
      vertex 217.002 -72.1552 0
      vertex 217.25 -73.7197 2.4
      vertex 216.526 -72.2695 0
    endloop
  endfacet
  facet normal -0.802789 -0.245752 -0.543265
    outer loop
      vertex 220.645 -74.8019 0
      vertex 219.022 -74.8056 2.4
      vertex 220.642 -74.7921 0
    endloop
  endfacet
  facet normal -0.812641 -0.19309 -0.549846
    outer loop
      vertex 219.022 -74.8056 2.4
      vertex 220.645 -74.8019 0
      vertex 219.08 -75.0497 2.4
    endloop
  endfacet
  facet normal -0.614059 -0.565581 -0.550499
    outer loop
      vertex 219.758 -73.0562 0
      vertex 218.631 -74.1686 2.4
      vertex 219.751 -73.0486 0
    endloop
  endfacet
  facet normal -0.635272 -0.542427 -0.549728
    outer loop
      vertex 218.631 -74.1686 2.4
      vertex 219.758 -73.0562 0
      vertex 218.794 -74.3595 2.4
    endloop
  endfacet
  facet normal -0.542257 -0.635406 -0.549742
    outer loop
      vertex 219.744 -73.042 0
      vertex 218.631 -74.1686 2.4
      vertex 218.44 -74.0056 2.4
    endloop
  endfacet
  facet normal -0.572637 -0.607342 -0.550657
    outer loop
      vertex 218.631 -74.1686 2.4
      vertex 219.744 -73.042 0
      vertex 219.751 -73.0486 0
    endloop
  endfacet
  facet normal -0.0655328 -0.832813 -0.549662
    outer loop
      vertex 217.998 -72.1552 0
      vertex 217.75 -73.7197 2.4
      vertex 217.51 -72.1168 0
    endloop
  endfacet
  facet normal -0.0666204 -0.832755 -0.549618
    outer loop
      vertex 217.51 -72.1168 0
      vertex 217.5 -73.7 2.4
      vertex 217.5 -72.116 0
    endloop
  endfacet
  facet normal -0.0656256 -0.832812 -0.549652
    outer loop
      vertex 217.5 -73.7 2.4
      vertex 217.51 -72.1168 0
      vertex 217.75 -73.7197 2.4
    endloop
  endfacet
  facet normal 0.0656256 -0.832812 -0.549652
    outer loop
      vertex 217.49 -72.1168 0
      vertex 217.5 -73.7 2.4
      vertex 217.25 -73.7197 2.4
    endloop
  endfacet
  facet normal 0.0666204 -0.832755 -0.549618
    outer loop
      vertex 217.5 -73.7 2.4
      vertex 217.49 -72.1168 0
      vertex 217.5 -72.116 0
    endloop
  endfacet
  facet normal -0.319683 -0.771764 -0.549711
    outer loop
      vertex 218.484 -72.2718 0
      vertex 218.226 -73.8744 2.4
      vertex 217.994 -73.7783 2.4
    endloop
  endfacet
  facet normal -0.332542 -0.767405 -0.548183
    outer loop
      vertex 218.226 -73.8744 2.4
      vertex 218.484 -72.2718 0
      vertex 218.493 -72.2757 0
    endloop
  endfacet
  facet normal 0.0656248 0.832802 -0.549668
    outer loop
      vertex 217.012 -78.4456 0
      vertex 217.25 -76.8803 2.4
      vertex 217.5 -76.9 2.4
    endloop
  endfacet
  facet normal 0.0666161 0.832701 -0.549701
    outer loop
      vertex 217.25 -76.8803 2.4
      vertex 217.012 -78.4456 0
      vertex 217.002 -78.4448 0
    endloop
  endfacet
  facet normal 0.319683 0.771764 -0.549711
    outer loop
      vertex 216.516 -78.3282 0
      vertex 216.774 -76.7256 2.4
      vertex 217.006 -76.8217 2.4
    endloop
  endfacet
  facet normal 0.332542 0.767405 -0.548183
    outer loop
      vertex 216.774 -76.7256 2.4
      vertex 216.516 -78.3282 0
      vertex 216.507 -78.3243 0
    endloop
  endfacet
  facet normal 0.812641 0.19309 -0.549846
    outer loop
      vertex 215.978 -75.7944 2.4
      vertex 214.355 -75.7981 0
      vertex 215.92 -75.5503 2.4
    endloop
  endfacet
  facet normal 0.802789 0.245752 -0.543265
    outer loop
      vertex 214.355 -75.7981 0
      vertex 215.978 -75.7944 2.4
      vertex 214.358 -75.8079 0
    endloop
  endfacet
  facet normal 0.635223 0.542576 -0.549639
    outer loop
      vertex 216.369 -76.4314 2.4
      vertex 215.249 -77.5514 0
      vertex 214.931 -77.1791 0
    endloop
  endfacet
  facet normal -0.572637 0.607342 -0.550657
    outer loop
      vertex 219.744 -77.558 0
      vertex 218.631 -76.4314 2.4
      vertex 219.751 -77.5514 0
    endloop
  endfacet
  facet normal -0.542257 0.635406 -0.549742
    outer loop
      vertex 218.631 -76.4314 2.4
      vertex 219.744 -77.558 0
      vertex 218.44 -76.5944 2.4
    endloop
  endfacet
  facet normal -0.187122 0.813576 -0.550526
    outer loop
      vertex 217.998 -78.4448 0
      vertex 217.994 -76.8217 2.4
      vertex 218.008 -78.4425 0
    endloop
  endfacet
  facet normal -0.195082 0.812286 -0.549667
    outer loop
      vertex 217.994 -76.8217 2.4
      vertex 217.998 -78.4448 0
      vertex 217.75 -76.8803 2.4
    endloop
  endfacet
  facet normal -0.436019 0.712494 -0.549763
    outer loop
      vertex 219.372 -77.8759 0
      vertex 218.954 -78.1317 0
      vertex 218.44 -76.5944 2.4
    endloop
  endfacet
  facet normal -0.711191 0.438474 -0.549499
    outer loop
      vertex 220.337 -76.7455 0
      vertex 218.794 -76.2405 2.4
      vertex 218.926 -76.0264 2.4
    endloop
  endfacet
  facet normal -0.721006 0.41919 -0.551752
    outer loop
      vertex 218.794 -76.2405 2.4
      vertex 220.337 -76.7455 0
      vertex 220.332 -76.7541 0
    endloop
  endfacet
  facet normal -0.812497 0.19459 -0.54953
    outer loop
      vertex 220.642 -75.8079 0
      vertex 220.528 -76.2839 0
      vertex 219.022 -75.7944 2.4
    endloop
  endfacet
  facet normal -0.772062 0.319203 -0.549573
    outer loop
      vertex 220.528 -76.2839 0
      vertex 220.341 -76.7362 0
      vertex 219.022 -75.7944 2.4
    endloop
  endfacet
  facet normal -0.832807 0.0648364 -0.549754
    outer loop
      vertex 220.683 -75.31 0
      vertex 220.645 -75.7981 0
      vertex 219.08 -75.5503 2.4
    endloop
  endfacet
  facet normal -0.831718 0.0831718 -0.548934
    outer loop
      vertex 220.683 -75.31 0
      vertex 219.1 -75.3 2.4
      vertex 220.684 -75.3 0
    endloop
  endfacet
  facet normal -0.832792 0.0665435 -0.549573
    outer loop
      vertex 219.1 -75.3 2.4
      vertex 220.683 -75.31 0
      vertex 219.08 -75.5503 2.4
    endloop
  endfacet
  facet normal 0.802789 -0.245752 -0.543265
    outer loop
      vertex 215.978 -74.8056 2.4
      vertex 214.355 -74.8019 0
      vertex 214.358 -74.7921 0
    endloop
  endfacet
  facet normal 0.812641 -0.19309 -0.549846
    outer loop
      vertex 214.355 -74.8019 0
      vertex 215.978 -74.8056 2.4
      vertex 215.92 -75.0497 2.4
    endloop
  endfacet
  facet normal 0.831718 0.0831718 -0.548934
    outer loop
      vertex 215.9 -75.3 2.4
      vertex 214.317 -75.31 0
      vertex 214.316 -75.3 0
    endloop
  endfacet
  facet normal 0.832792 0.0665435 -0.549573
    outer loop
      vertex 214.317 -75.31 0
      vertex 215.9 -75.3 2.4
      vertex 215.92 -75.5503 2.4
    endloop
  endfacet
  facet normal 0.772062 -0.319203 -0.549573
    outer loop
      vertex 214.659 -73.8638 0
      vertex 215.978 -74.8056 2.4
      vertex 214.472 -74.3161 0
    endloop
  endfacet
  facet normal 0.614059 -0.565581 -0.550499
    outer loop
      vertex 216.369 -74.1686 2.4
      vertex 215.242 -73.0562 0
      vertex 215.249 -73.0486 0
    endloop
  endfacet
  facet normal 0.635272 -0.542427 -0.549728
    outer loop
      vertex 215.242 -73.0562 0
      vertex 216.369 -74.1686 2.4
      vertex 216.206 -74.3595 2.4
    endloop
  endfacet
  facet normal 0.572637 -0.607342 -0.550657
    outer loop
      vertex 215.256 -73.042 0
      vertex 216.369 -74.1686 2.4
      vertex 215.249 -73.0486 0
    endloop
  endfacet
  facet normal 0.542257 -0.635406 -0.549742
    outer loop
      vertex 216.369 -74.1686 2.4
      vertex 215.256 -73.042 0
      vertex 216.56 -74.0056 2.4
    endloop
  endfacet
  facet normal 0.332542 -0.767405 -0.548183
    outer loop
      vertex 216.516 -72.2718 0
      vertex 216.774 -73.8744 2.4
      vertex 216.507 -72.2757 0
    endloop
  endfacet
  facet normal 0.319683 -0.771764 -0.549711
    outer loop
      vertex 216.774 -73.8744 2.4
      vertex 216.516 -72.2718 0
      vertex 217.006 -73.7783 2.4
    endloop
  endfacet
  facet normal -0.721006 -0.41919 -0.551752
    outer loop
      vertex 220.337 -73.8545 0
      vertex 218.794 -74.3595 2.4
      vertex 220.332 -73.8459 0
    endloop
  endfacet
  facet normal -0.711191 -0.438474 -0.549499
    outer loop
      vertex 218.794 -74.3595 2.4
      vertex 220.337 -73.8545 0
      vertex 218.926 -74.5736 2.4
    endloop
  endfacet
  facet normal -0.195081 -0.812283 -0.549672
    outer loop
      vertex 218.474 -72.2695 0
      vertex 217.994 -73.7783 2.4
      vertex 217.75 -73.7197 2.4
    endloop
  endfacet
  facet normal -0.187291 -0.814308 -0.549386
    outer loop
      vertex 217.994 -73.7783 2.4
      vertex 218.474 -72.2695 0
      vertex 218.484 -72.2718 0
    endloop
  endfacet
  facet normal -0.195053 -0.812292 -0.549669
    outer loop
      vertex 217.998 -72.1552 0
      vertex 218.474 -72.2695 0
      vertex 217.75 -73.7197 2.4
    endloop
  endfacet
  facet normal 0.065533 0.832815 -0.549658
    outer loop
      vertex 217.5 -76.9 2.4
      vertex 217.5 -78.484 0
      vertex 217.012 -78.4456 0
    endloop
  endfacet
  facet normal -0.065533 0.832815 -0.549658
    outer loop
      vertex 217.5 -76.9 2.4
      vertex 217.988 -78.4456 0
      vertex 217.5 -78.484 0
    endloop
  endfacet
  facet normal 0.195049 0.812276 -0.549695
    outer loop
      vertex 217.006 -76.8217 2.4
      vertex 216.992 -78.4425 0
      vertex 216.516 -78.3282 0
    endloop
  endfacet
  facet normal 0.195082 0.812286 -0.549667
    outer loop
      vertex 217.002 -78.4448 0
      vertex 217.006 -76.8217 2.4
      vertex 217.25 -76.8803 2.4
    endloop
  endfacet
  facet normal 0.187122 0.813576 -0.550526
    outer loop
      vertex 217.006 -76.8217 2.4
      vertex 217.002 -78.4448 0
      vertex 216.992 -78.4425 0
    endloop
  endfacet
  facet normal 0.436019 0.712494 -0.549763
    outer loop
      vertex 216.56 -76.5944 2.4
      vertex 216.046 -78.1317 0
      vertex 215.628 -77.8759 0
    endloop
  endfacet
  facet normal 0.711191 0.438474 -0.549499
    outer loop
      vertex 216.206 -76.2405 2.4
      vertex 214.663 -76.7455 0
      vertex 216.074 -76.0264 2.4
    endloop
  endfacet
  facet normal 0.721006 0.41919 -0.551752
    outer loop
      vertex 214.663 -76.7455 0
      vertex 216.206 -76.2405 2.4
      vertex 214.668 -76.7541 0
    endloop
  endfacet
  facet normal 0.635262 0.542419 -0.549749
    outer loop
      vertex 216.369 -76.4314 2.4
      vertex 214.924 -77.1715 0
      vertex 216.206 -76.2405 2.4
    endloop
  endfacet
  facet normal 0.616213 0.567564 -0.546034
    outer loop
      vertex 214.924 -77.1715 0
      vertex 216.369 -76.4314 2.4
      vertex 214.931 -77.1791 0
    endloop
  endfacet
  facet normal 0.712059 0.436721 -0.54977
    outer loop
      vertex 216.206 -76.2405 2.4
      vertex 214.924 -77.1715 0
      vertex 214.668 -76.7541 0
    endloop
  endfacet
  facet normal -0.462586 0.698243 -0.546324
    outer loop
      vertex 218.946 -78.137 0
      vertex 218.44 -76.5944 2.4
      vertex 218.954 -78.1317 0
    endloop
  endfacet
  facet normal -0.436597 0.712133 -0.549773
    outer loop
      vertex 218.44 -76.5944 2.4
      vertex 218.946 -78.137 0
      vertex 218.226 -76.7256 2.4
    endloop
  endfacet
  facet normal 0.721006 -0.41919 -0.551752
    outer loop
      vertex 216.206 -74.3595 2.4
      vertex 214.663 -73.8545 0
      vertex 214.668 -73.8459 0
    endloop
  endfacet
  facet normal 0.711191 -0.438474 -0.549499
    outer loop
      vertex 214.663 -73.8545 0
      vertex 216.206 -74.3595 2.4
      vertex 216.074 -74.5736 2.4
    endloop
  endfacet
  facet normal 0.767241 -0.329996 -0.549949
    outer loop
      vertex 216.074 -74.5736 2.4
      vertex 214.659 -73.8638 0
      vertex 214.663 -73.8545 0
    endloop
  endfacet
  facet normal 0.77195 -0.319428 -0.549599
    outer loop
      vertex 214.659 -73.8638 0
      vertex 216.074 -74.5736 2.4
      vertex 215.978 -74.8056 2.4
    endloop
  endfacet
  facet normal 0.812497 -0.19459 -0.54953
    outer loop
      vertex 214.472 -74.3161 0
      vertex 215.978 -74.8056 2.4
      vertex 214.358 -74.7921 0
    endloop
  endfacet
  facet normal 0.832807 -0.0648364 -0.549754
    outer loop
      vertex 214.355 -74.8019 0
      vertex 215.92 -75.0497 2.4
      vertex 214.317 -75.29 0
    endloop
  endfacet
  facet normal 0.832792 -0.0665435 -0.549573
    outer loop
      vertex 215.9 -75.3 2.4
      vertex 214.317 -75.29 0
      vertex 215.92 -75.0497 2.4
    endloop
  endfacet
  facet normal 0.831718 -0.0831718 -0.548934
    outer loop
      vertex 214.317 -75.29 0
      vertex 215.9 -75.3 2.4
      vertex 214.316 -75.3 0
    endloop
  endfacet
  facet normal 0.462586 -0.698243 -0.546324
    outer loop
      vertex 216.054 -72.463 0
      vertex 216.56 -74.0056 2.4
      vertex 216.046 -72.4683 0
    endloop
  endfacet
  facet normal 0.436597 -0.712133 -0.549773
    outer loop
      vertex 216.56 -74.0056 2.4
      vertex 216.054 -72.463 0
      vertex 216.774 -73.8744 2.4
    endloop
  endfacet
  facet normal 0.436019 -0.712494 -0.549763
    outer loop
      vertex 216.046 -72.4683 0
      vertex 216.56 -74.0056 2.4
      vertex 215.628 -72.7241 0
    endloop
  endfacet
  facet normal 0.436597 0.712133 -0.549773
    outer loop
      vertex 216.054 -78.137 0
      vertex 216.56 -76.5944 2.4
      vertex 216.774 -76.7256 2.4
    endloop
  endfacet
  facet normal 0.462586 0.698243 -0.546324
    outer loop
      vertex 216.56 -76.5944 2.4
      vertex 216.054 -78.137 0
      vertex 216.046 -78.1317 0
    endloop
  endfacet
  facet normal 0.319179 0.77196 -0.54973
    outer loop
      vertex 216.774 -76.7256 2.4
      vertex 216.507 -78.3243 0
      vertex 216.054 -78.137 0
    endloop
  endfacet
  facet normal -0.996917 -0.0784629 0
    outer loop
      vertex 18.1 -75.3 2.4
      vertex 18.0803 -75.0497 2.5
      vertex 18.0803 -75.0497 2.4
    endloop
  endfacet
  facet normal -0.996917 -0.0784629 0
    outer loop
      vertex 18.0803 -75.0497 2.5
      vertex 18.1 -75.3 2.4
      vertex 18.1 -75.3 2.5
    endloop
  endfacet
  facet normal 0.996917 0.0784629 0
    outer loop
      vertex 14.9197 -75.5503 2.5
      vertex 14.9 -75.3 2.4
      vertex 14.9 -75.3 2.5
    endloop
  endfacet
  facet normal 0.996917 0.0784629 0
    outer loop
      vertex 14.9 -75.3 2.4
      vertex 14.9197 -75.5503 2.5
      vertex 14.9197 -75.5503 2.4
    endloop
  endfacet
  facet normal 0.0784629 -0.996917 0
    outer loop
      vertex 16.2497 -73.7197 2.4
      vertex 16.5 -73.7 2.5
      vertex 16.2497 -73.7197 2.5
    endloop
  endfacet
  facet normal 0.0784629 -0.996917 0
    outer loop
      vertex 16.5 -73.7 2.5
      vertex 16.2497 -73.7197 2.4
      vertex 16.5 -73.7 2.4
    endloop
  endfacet
  facet normal -0.0784629 0.996917 0
    outer loop
      vertex 16.7503 -76.8803 2.4
      vertex 16.5 -76.9 2.5
      vertex 16.7503 -76.8803 2.5
    endloop
  endfacet
  facet normal -0.0784629 0.996917 0
    outer loop
      vertex 16.5 -76.9 2.5
      vertex 16.7503 -76.8803 2.4
      vertex 16.5 -76.9 2.4
    endloop
  endfacet
  facet normal -0.852641 0.522497 0
    outer loop
      vertex 17.7944 -76.2405 2.4
      vertex 17.9256 -76.0264 2.5
      vertex 17.9256 -76.0264 2.4
    endloop
  endfacet
  facet normal -0.852641 0.522497 0
    outer loop
      vertex 17.9256 -76.0264 2.5
      vertex 17.7944 -76.2405 2.4
      vertex 17.7944 -76.2405 2.5
    endloop
  endfacet
  facet normal -0.649347 -0.760493 0
    outer loop
      vertex 17.4405 -74.0056 2.4
      vertex 17.6314 -74.1686 2.5
      vertex 17.4405 -74.0056 2.5
    endloop
  endfacet
  facet normal -0.649347 -0.760493 -0
    outer loop
      vertex 17.6314 -74.1686 2.5
      vertex 17.4405 -74.0056 2.4
      vertex 17.6314 -74.1686 2.4
    endloop
  endfacet
  facet normal 0.760493 -0.649347 0
    outer loop
      vertex 15.2056 -74.3595 2.5
      vertex 15.3686 -74.1686 2.4
      vertex 15.3686 -74.1686 2.5
    endloop
  endfacet
  facet normal 0.760493 -0.649347 0
    outer loop
      vertex 15.3686 -74.1686 2.4
      vertex 15.2056 -74.3595 2.5
      vertex 15.2056 -74.3595 2.4
    endloop
  endfacet
  facet normal 0.382692 -0.923876 0
    outer loop
      vertex 15.7736 -73.8744 2.4
      vertex 16.0056 -73.7783 2.5
      vertex 15.7736 -73.8744 2.5
    endloop
  endfacet
  facet normal 0.382692 -0.923876 0
    outer loop
      vertex 16.0056 -73.7783 2.5
      vertex 15.7736 -73.8744 2.4
      vertex 16.0056 -73.7783 2.4
    endloop
  endfacet
  facet normal -0.852641 -0.522497 0
    outer loop
      vertex 17.9256 -74.5736 2.4
      vertex 17.7944 -74.3595 2.5
      vertex 17.7944 -74.3595 2.4
    endloop
  endfacet
  facet normal -0.852641 -0.522497 0
    outer loop
      vertex 17.7944 -74.3595 2.5
      vertex 17.9256 -74.5736 2.4
      vertex 17.9256 -74.5736 2.5
    endloop
  endfacet
  facet normal -0.972373 -0.233433 0
    outer loop
      vertex 18.0803 -75.0497 2.4
      vertex 18.0217 -74.8056 2.5
      vertex 18.0217 -74.8056 2.4
    endloop
  endfacet
  facet normal -0.972373 -0.233433 0
    outer loop
      vertex 18.0217 -74.8056 2.5
      vertex 18.0803 -75.0497 2.4
      vertex 18.0803 -75.0497 2.5
    endloop
  endfacet
  facet normal -0.760493 -0.649347 0
    outer loop
      vertex 17.7944 -74.3595 2.4
      vertex 17.6314 -74.1686 2.5
      vertex 17.6314 -74.1686 2.4
    endloop
  endfacet
  facet normal -0.760493 -0.649347 0
    outer loop
      vertex 17.6314 -74.1686 2.5
      vertex 17.7944 -74.3595 2.4
      vertex 17.7944 -74.3595 2.5
    endloop
  endfacet
  facet normal -0.382692 -0.923876 0
    outer loop
      vertex 16.9944 -73.7783 2.4
      vertex 17.2264 -73.8744 2.5
      vertex 16.9944 -73.7783 2.5
    endloop
  endfacet
  facet normal -0.382692 -0.923876 -0
    outer loop
      vertex 17.2264 -73.8744 2.5
      vertex 16.9944 -73.7783 2.4
      vertex 17.2264 -73.8744 2.4
    endloop
  endfacet
  facet normal -0.233433 -0.972373 0
    outer loop
      vertex 16.7503 -73.7197 2.4
      vertex 16.9944 -73.7783 2.5
      vertex 16.7503 -73.7197 2.5
    endloop
  endfacet
  facet normal -0.233433 -0.972373 -0
    outer loop
      vertex 16.9944 -73.7783 2.5
      vertex 16.7503 -73.7197 2.4
      vertex 16.9944 -73.7783 2.4
    endloop
  endfacet
  facet normal -0.522497 -0.852641 0
    outer loop
      vertex 17.2264 -73.8744 2.4
      vertex 17.4405 -74.0056 2.5
      vertex 17.2264 -73.8744 2.5
    endloop
  endfacet
  facet normal -0.522497 -0.852641 -0
    outer loop
      vertex 17.4405 -74.0056 2.5
      vertex 17.2264 -73.8744 2.4
      vertex 17.4405 -74.0056 2.4
    endloop
  endfacet
  facet normal 0.923876 -0.382692 0
    outer loop
      vertex 14.9783 -74.8056 2.5
      vertex 15.0744 -74.5736 2.4
      vertex 15.0744 -74.5736 2.5
    endloop
  endfacet
  facet normal 0.923876 -0.382692 0
    outer loop
      vertex 15.0744 -74.5736 2.4
      vertex 14.9783 -74.8056 2.5
      vertex 14.9783 -74.8056 2.4
    endloop
  endfacet
  facet normal 0.852641 -0.522497 0
    outer loop
      vertex 15.0744 -74.5736 2.5
      vertex 15.2056 -74.3595 2.4
      vertex 15.2056 -74.3595 2.5
    endloop
  endfacet
  facet normal 0.852641 -0.522497 0
    outer loop
      vertex 15.2056 -74.3595 2.4
      vertex 15.0744 -74.5736 2.5
      vertex 15.0744 -74.5736 2.4
    endloop
  endfacet
  facet normal 0.972373 -0.233433 0
    outer loop
      vertex 14.9197 -75.0497 2.5
      vertex 14.9783 -74.8056 2.4
      vertex 14.9783 -74.8056 2.5
    endloop
  endfacet
  facet normal 0.972373 -0.233433 0
    outer loop
      vertex 14.9783 -74.8056 2.4
      vertex 14.9197 -75.0497 2.5
      vertex 14.9197 -75.0497 2.4
    endloop
  endfacet
  facet normal 0.522497 -0.852641 0
    outer loop
      vertex 15.5595 -74.0056 2.4
      vertex 15.7736 -73.8744 2.5
      vertex 15.5595 -74.0056 2.5
    endloop
  endfacet
  facet normal 0.522497 -0.852641 0
    outer loop
      vertex 15.7736 -73.8744 2.5
      vertex 15.5595 -74.0056 2.4
      vertex 15.7736 -73.8744 2.4
    endloop
  endfacet
  facet normal 0.233433 -0.972373 0
    outer loop
      vertex 16.0056 -73.7783 2.4
      vertex 16.2497 -73.7197 2.5
      vertex 16.0056 -73.7783 2.5
    endloop
  endfacet
  facet normal 0.233433 -0.972373 0
    outer loop
      vertex 16.2497 -73.7197 2.5
      vertex 16.0056 -73.7783 2.4
      vertex 16.2497 -73.7197 2.4
    endloop
  endfacet
  facet normal -0.522497 0.852641 0
    outer loop
      vertex 17.4405 -76.5944 2.4
      vertex 17.2264 -76.7256 2.5
      vertex 17.4405 -76.5944 2.5
    endloop
  endfacet
  facet normal -0.522497 0.852641 0
    outer loop
      vertex 17.2264 -76.7256 2.5
      vertex 17.4405 -76.5944 2.4
      vertex 17.2264 -76.7256 2.4
    endloop
  endfacet
  facet normal -0.972373 0.233433 0
    outer loop
      vertex 18.0217 -75.7944 2.4
      vertex 18.0803 -75.5503 2.5
      vertex 18.0803 -75.5503 2.4
    endloop
  endfacet
  facet normal -0.972373 0.233433 0
    outer loop
      vertex 18.0803 -75.5503 2.5
      vertex 18.0217 -75.7944 2.4
      vertex 18.0217 -75.7944 2.5
    endloop
  endfacet
  facet normal -0.923876 -0.382692 0
    outer loop
      vertex 18.0217 -74.8056 2.4
      vertex 17.9256 -74.5736 2.5
      vertex 17.9256 -74.5736 2.4
    endloop
  endfacet
  facet normal -0.923876 -0.382692 0
    outer loop
      vertex 17.9256 -74.5736 2.5
      vertex 18.0217 -74.8056 2.4
      vertex 18.0217 -74.8056 2.5
    endloop
  endfacet
  facet normal -0.0784629 -0.996917 0
    outer loop
      vertex 16.5 -73.7 2.4
      vertex 16.7503 -73.7197 2.5
      vertex 16.5 -73.7 2.5
    endloop
  endfacet
  facet normal -0.0784629 -0.996917 -0
    outer loop
      vertex 16.7503 -73.7197 2.5
      vertex 16.5 -73.7 2.4
      vertex 16.7503 -73.7197 2.4
    endloop
  endfacet
  facet normal 0.996917 -0.0784629 0
    outer loop
      vertex 14.9 -75.3 2.5
      vertex 14.9197 -75.0497 2.4
      vertex 14.9197 -75.0497 2.5
    endloop
  endfacet
  facet normal 0.996917 -0.0784629 0
    outer loop
      vertex 14.9197 -75.0497 2.4
      vertex 14.9 -75.3 2.5
      vertex 14.9 -75.3 2.4
    endloop
  endfacet
  facet normal 0.649347 -0.760493 0
    outer loop
      vertex 15.3686 -74.1686 2.4
      vertex 15.5595 -74.0056 2.5
      vertex 15.3686 -74.1686 2.5
    endloop
  endfacet
  facet normal 0.649347 -0.760493 0
    outer loop
      vertex 15.5595 -74.0056 2.5
      vertex 15.3686 -74.1686 2.4
      vertex 15.5595 -74.0056 2.4
    endloop
  endfacet
  facet normal -0.996917 0.0784629 0
    outer loop
      vertex 18.0803 -75.5503 2.4
      vertex 18.1 -75.3 2.5
      vertex 18.1 -75.3 2.4
    endloop
  endfacet
  facet normal -0.996917 0.0784629 0
    outer loop
      vertex 18.1 -75.3 2.5
      vertex 18.0803 -75.5503 2.4
      vertex 18.0803 -75.5503 2.5
    endloop
  endfacet
  facet normal 0.760493 0.649347 0
    outer loop
      vertex 15.3686 -76.4314 2.5
      vertex 15.2056 -76.2405 2.4
      vertex 15.2056 -76.2405 2.5
    endloop
  endfacet
  facet normal 0.760493 0.649347 0
    outer loop
      vertex 15.2056 -76.2405 2.4
      vertex 15.3686 -76.4314 2.5
      vertex 15.3686 -76.4314 2.4
    endloop
  endfacet
  facet normal 0.649347 0.760493 -0
    outer loop
      vertex 15.5595 -76.5944 2.4
      vertex 15.3686 -76.4314 2.5
      vertex 15.5595 -76.5944 2.5
    endloop
  endfacet
  facet normal 0.649347 0.760493 0
    outer loop
      vertex 15.3686 -76.4314 2.5
      vertex 15.5595 -76.5944 2.4
      vertex 15.3686 -76.4314 2.4
    endloop
  endfacet
  facet normal -0.649347 0.760493 0
    outer loop
      vertex 17.6314 -76.4314 2.4
      vertex 17.4405 -76.5944 2.5
      vertex 17.6314 -76.4314 2.5
    endloop
  endfacet
  facet normal -0.649347 0.760493 0
    outer loop
      vertex 17.4405 -76.5944 2.5
      vertex 17.6314 -76.4314 2.4
      vertex 17.4405 -76.5944 2.4
    endloop
  endfacet
  facet normal -0.923876 0.382692 0
    outer loop
      vertex 17.9256 -76.0264 2.4
      vertex 18.0217 -75.7944 2.5
      vertex 18.0217 -75.7944 2.4
    endloop
  endfacet
  facet normal -0.923876 0.382692 0
    outer loop
      vertex 18.0217 -75.7944 2.5
      vertex 17.9256 -76.0264 2.4
      vertex 17.9256 -76.0264 2.5
    endloop
  endfacet
  facet normal 0.923876 0.382692 0
    outer loop
      vertex 15.0744 -76.0264 2.5
      vertex 14.9783 -75.7944 2.4
      vertex 14.9783 -75.7944 2.5
    endloop
  endfacet
  facet normal 0.923876 0.382692 0
    outer loop
      vertex 14.9783 -75.7944 2.4
      vertex 15.0744 -76.0264 2.5
      vertex 15.0744 -76.0264 2.4
    endloop
  endfacet
  facet normal 0.972373 0.233433 0
    outer loop
      vertex 14.9783 -75.7944 2.5
      vertex 14.9197 -75.5503 2.4
      vertex 14.9197 -75.5503 2.5
    endloop
  endfacet
  facet normal 0.972373 0.233433 0
    outer loop
      vertex 14.9197 -75.5503 2.4
      vertex 14.9783 -75.7944 2.5
      vertex 14.9783 -75.7944 2.4
    endloop
  endfacet
  facet normal 0.852641 0.522497 0
    outer loop
      vertex 15.2056 -76.2405 2.5
      vertex 15.0744 -76.0264 2.4
      vertex 15.0744 -76.0264 2.5
    endloop
  endfacet
  facet normal 0.852641 0.522497 0
    outer loop
      vertex 15.0744 -76.0264 2.4
      vertex 15.2056 -76.2405 2.5
      vertex 15.2056 -76.2405 2.4
    endloop
  endfacet
  facet normal -0.760493 0.649347 0
    outer loop
      vertex 17.6314 -76.4314 2.4
      vertex 17.7944 -76.2405 2.5
      vertex 17.7944 -76.2405 2.4
    endloop
  endfacet
  facet normal -0.760493 0.649347 0
    outer loop
      vertex 17.7944 -76.2405 2.5
      vertex 17.6314 -76.4314 2.4
      vertex 17.6314 -76.4314 2.5
    endloop
  endfacet
  facet normal -0.382692 0.923876 0
    outer loop
      vertex 17.2264 -76.7256 2.4
      vertex 16.9944 -76.8217 2.5
      vertex 17.2264 -76.7256 2.5
    endloop
  endfacet
  facet normal -0.382692 0.923876 0
    outer loop
      vertex 16.9944 -76.8217 2.5
      vertex 17.2264 -76.7256 2.4
      vertex 16.9944 -76.8217 2.4
    endloop
  endfacet
  facet normal -0.233433 0.972373 0
    outer loop
      vertex 16.9944 -76.8217 2.4
      vertex 16.7503 -76.8803 2.5
      vertex 16.9944 -76.8217 2.5
    endloop
  endfacet
  facet normal -0.233433 0.972373 0
    outer loop
      vertex 16.7503 -76.8803 2.5
      vertex 16.9944 -76.8217 2.4
      vertex 16.7503 -76.8803 2.4
    endloop
  endfacet
  facet normal 0.233433 0.972373 -0
    outer loop
      vertex 16.2497 -76.8803 2.4
      vertex 16.0056 -76.8217 2.5
      vertex 16.2497 -76.8803 2.5
    endloop
  endfacet
  facet normal 0.233433 0.972373 0
    outer loop
      vertex 16.0056 -76.8217 2.5
      vertex 16.2497 -76.8803 2.4
      vertex 16.0056 -76.8217 2.4
    endloop
  endfacet
  facet normal 0.0784629 0.996917 -0
    outer loop
      vertex 16.5 -76.9 2.4
      vertex 16.2497 -76.8803 2.5
      vertex 16.5 -76.9 2.5
    endloop
  endfacet
  facet normal 0.0784629 0.996917 0
    outer loop
      vertex 16.2497 -76.8803 2.5
      vertex 16.5 -76.9 2.4
      vertex 16.2497 -76.8803 2.4
    endloop
  endfacet
  facet normal 0.382692 0.923876 -0
    outer loop
      vertex 16.0056 -76.8217 2.4
      vertex 15.7736 -76.7256 2.5
      vertex 16.0056 -76.8217 2.5
    endloop
  endfacet
  facet normal 0.382692 0.923876 0
    outer loop
      vertex 15.7736 -76.7256 2.5
      vertex 16.0056 -76.8217 2.4
      vertex 15.7736 -76.7256 2.4
    endloop
  endfacet
  facet normal 0.522497 0.852641 -0
    outer loop
      vertex 15.7736 -76.7256 2.4
      vertex 15.5595 -76.5944 2.5
      vertex 15.7736 -76.7256 2.5
    endloop
  endfacet
  facet normal 0.522497 0.852641 0
    outer loop
      vertex 15.5595 -76.5944 2.5
      vertex 15.7736 -76.7256 2.4
      vertex 15.5595 -76.5944 2.4
    endloop
  endfacet
  facet normal -0.832755 -0.0666204 -0.549618
    outer loop
      vertex 18.1 -75.3 2.4
      vertex 19.6832 -75.29 0
      vertex 19.684 -75.3 0
    endloop
  endfacet
  facet normal -0.832817 -0.0655473 -0.549654
    outer loop
      vertex 19.6832 -75.29 0
      vertex 18.1 -75.3 2.4
      vertex 18.0803 -75.0497 2.4
    endloop
  endfacet
  facet normal -0.832817 -0.0655197 -0.549657
    outer loop
      vertex 19.6448 -74.8019 0
      vertex 19.6832 -75.29 0
      vertex 18.0803 -75.0497 2.4
    endloop
  endfacet
  facet normal -0.812294 -0.195053 -0.549666
    outer loop
      vertex 19.5282 -74.3161 0
      vertex 19.6425 -74.7921 0
      vertex 18.0217 -74.8056 2.4
    endloop
  endfacet
  facet normal -0.635299 -0.54247 -0.549656
    outer loop
      vertex 18.758 -73.0562 0
      vertex 19.0759 -73.4285 0
      vertex 17.7944 -74.3595 2.4
    endloop
  endfacet
  facet normal 0.832817 -0.0655197 -0.549657
    outer loop
      vertex 13.3552 -74.8019 0
      vertex 14.9197 -75.0497 2.4
      vertex 13.3168 -75.29 0
    endloop
  endfacet
  facet normal -0.635223 0.542576 -0.549639
    outer loop
      vertex 19.0694 -77.1791 0
      vertex 18.7514 -77.5514 0
      vertex 17.6314 -76.4314 2.4
    endloop
  endfacet
  facet normal 0.438365 -0.711309 -0.549433
    outer loop
      vertex 15.0545 -72.463 0
      vertex 15.5595 -74.0056 2.4
      vertex 15.0459 -72.4683 0
    endloop
  endfacet
  facet normal 0.436486 -0.712284 -0.549665
    outer loop
      vertex 15.5595 -74.0056 2.4
      vertex 15.0545 -72.463 0
      vertex 15.7736 -73.8744 2.4
    endloop
  endfacet
  facet normal 0.319617 -0.771826 -0.549663
    outer loop
      vertex 15.5068 -72.2757 0
      vertex 15.7736 -73.8744 2.4
      vertex 15.0545 -72.463 0
    endloop
  endfacet
  facet normal 0.54247 0.635299 -0.549656
    outer loop
      vertex 15.5595 -76.5944 2.4
      vertex 14.6285 -77.8759 0
      vertex 14.2562 -77.558 0
    endloop
  endfacet
  facet normal 0.712284 0.436486 -0.549665
    outer loop
      vertex 15.2056 -76.2405 2.4
      vertex 13.663 -76.7455 0
      vertex 15.0744 -76.0264 2.4
    endloop
  endfacet
  facet normal 0.711309 0.438365 -0.549433
    outer loop
      vertex 13.663 -76.7455 0
      vertex 15.2056 -76.2405 2.4
      vertex 13.6683 -76.7541 0
    endloop
  endfacet
  facet normal 0.542459 0.635309 -0.549655
    outer loop
      vertex 14.2562 -77.558 0
      vertex 15.3686 -76.4314 2.4
      vertex 15.5595 -76.5944 2.4
    endloop
  endfacet
  facet normal 0.547661 0.63064 -0.549874
    outer loop
      vertex 15.3686 -76.4314 2.4
      vertex 14.2562 -77.558 0
      vertex 14.2486 -77.5514 0
    endloop
  endfacet
  facet normal -0.771799 0.319698 -0.549655
    outer loop
      vertex 19.3408 -76.7362 0
      vertex 17.9256 -76.0264 2.4
      vertex 18.0217 -75.7944 2.4
    endloop
  endfacet
  facet normal -0.773411 0.316017 -0.549517
    outer loop
      vertex 17.9256 -76.0264 2.4
      vertex 19.3408 -76.7362 0
      vertex 19.337 -76.7455 0
    endloop
  endfacet
  facet normal -0.81231 0.195008 -0.549659
    outer loop
      vertex 19.6448 -75.7981 0
      vertex 18.0217 -75.7944 2.4
      vertex 18.0803 -75.5503 2.4
    endloop
  endfacet
  facet normal -0.812997 0.190805 -0.550117
    outer loop
      vertex 18.0217 -75.7944 2.4
      vertex 19.6448 -75.7981 0
      vertex 19.6425 -75.8079 0
    endloop
  endfacet
  facet normal -0.771766 -0.319763 -0.549662
    outer loop
      vertex 19.3408 -73.8638 0
      vertex 19.5282 -74.3161 0
      vertex 18.0217 -74.8056 2.4
    endloop
  endfacet
  facet normal -0.711309 -0.438365 -0.549433
    outer loop
      vertex 19.337 -73.8545 0
      vertex 17.7944 -74.3595 2.4
      vertex 19.3317 -73.8459 0
    endloop
  endfacet
  facet normal -0.712284 -0.436486 -0.549665
    outer loop
      vertex 17.7944 -74.3595 2.4
      vertex 19.337 -73.8545 0
      vertex 17.9256 -74.5736 2.4
    endloop
  endfacet
  facet normal -0.319617 -0.771826 -0.549663
    outer loop
      vertex 17.4932 -72.2757 0
      vertex 17.9455 -72.463 0
      vertex 17.2264 -73.8744 2.4
    endloop
  endfacet
  facet normal -0.0666204 -0.832755 -0.549618
    outer loop
      vertex 16.51 -72.1168 0
      vertex 16.5 -73.7 2.4
      vertex 16.5 -72.116 0
    endloop
  endfacet
  facet normal -0.0655473 -0.832817 -0.549654
    outer loop
      vertex 16.5 -73.7 2.4
      vertex 16.51 -72.1168 0
      vertex 16.7503 -73.7197 2.4
    endloop
  endfacet
  facet normal 0.319617 0.771826 -0.549663
    outer loop
      vertex 15.7736 -76.7256 2.4
      vertex 15.5068 -78.3243 0
      vertex 15.0545 -78.137 0
    endloop
  endfacet
  facet normal 0.635223 0.542576 -0.549639
    outer loop
      vertex 15.3686 -76.4314 2.4
      vertex 14.2486 -77.5514 0
      vertex 13.9306 -77.1791 0
    endloop
  endfacet
  facet normal 0.832817 0.0655197 -0.549657
    outer loop
      vertex 14.9197 -75.5503 2.4
      vertex 13.3552 -75.7981 0
      vertex 13.3168 -75.31 0
    endloop
  endfacet
  facet normal 0.195053 0.812294 -0.549666
    outer loop
      vertex 16.0056 -76.8217 2.4
      vertex 15.9921 -78.4425 0
      vertex 15.5161 -78.3282 0
    endloop
  endfacet
  facet normal 0.195008 0.81231 -0.549659
    outer loop
      vertex 16.0019 -78.4448 0
      vertex 16.0056 -76.8217 2.4
      vertex 16.2497 -76.8803 2.4
    endloop
  endfacet
  facet normal 0.190805 0.812997 -0.550117
    outer loop
      vertex 16.0056 -76.8217 2.4
      vertex 16.0019 -78.4448 0
      vertex 15.9921 -78.4425 0
    endloop
  endfacet
  facet normal -0.319617 0.771826 -0.549663
    outer loop
      vertex 17.9455 -78.137 0
      vertex 17.4932 -78.3243 0
      vertex 17.2264 -76.7256 2.4
    endloop
  endfacet
  facet normal -0.0655196 0.832816 -0.549659
    outer loop
      vertex 16.5 -76.9 2.4
      vertex 16.9881 -78.4456 0
      vertex 16.5 -78.484 0
    endloop
  endfacet
  facet normal -0.54247 0.635299 -0.549656
    outer loop
      vertex 18.7438 -77.558 0
      vertex 18.3715 -77.8759 0
      vertex 17.4405 -76.5944 2.4
    endloop
  endfacet
  facet normal -0.712275 0.436512 -0.549656
    outer loop
      vertex 19.3317 -76.7541 0
      vertex 19.0759 -77.1715 0
      vertex 17.7944 -76.2405 2.4
    endloop
  endfacet
  facet normal -0.635308 0.542458 -0.549657
    outer loop
      vertex 19.0759 -77.1715 0
      vertex 17.6314 -76.4314 2.4
      vertex 17.7944 -76.2405 2.4
    endloop
  endfacet
  facet normal -0.634902 0.543009 -0.549582
    outer loop
      vertex 17.6314 -76.4314 2.4
      vertex 19.0759 -77.1715 0
      vertex 19.0694 -77.1791 0
    endloop
  endfacet
  facet normal -0.812997 -0.190805 -0.550117
    outer loop
      vertex 19.6448 -74.8019 0
      vertex 18.0217 -74.8056 2.4
      vertex 19.6425 -74.7921 0
    endloop
  endfacet
  facet normal -0.81231 -0.195008 -0.549659
    outer loop
      vertex 18.0217 -74.8056 2.4
      vertex 19.6448 -74.8019 0
      vertex 18.0803 -75.0497 2.4
    endloop
  endfacet
  facet normal -0.712275 -0.436512 -0.549656
    outer loop
      vertex 19.0759 -73.4285 0
      vertex 19.3317 -73.8459 0
      vertex 17.7944 -74.3595 2.4
    endloop
  endfacet
  facet normal -0.542459 -0.635309 -0.549655
    outer loop
      vertex 18.7438 -73.042 0
      vertex 17.6314 -74.1686 2.4
      vertex 17.4405 -74.0056 2.4
    endloop
  endfacet
  facet normal -0.547661 -0.63064 -0.549874
    outer loop
      vertex 17.6314 -74.1686 2.4
      vertex 18.7438 -73.042 0
      vertex 18.7514 -73.0486 0
    endloop
  endfacet
  facet normal -0.319695 -0.771792 -0.549665
    outer loop
      vertex 17.4839 -72.2718 0
      vertex 17.2264 -73.8744 2.4
      vertex 16.9944 -73.7783 2.4
    endloop
  endfacet
  facet normal -0.323168 -0.770632 -0.549263
    outer loop
      vertex 17.2264 -73.8744 2.4
      vertex 17.4839 -72.2718 0
      vertex 17.4932 -72.2757 0
    endloop
  endfacet
  facet normal -0.0655197 -0.832817 -0.549657
    outer loop
      vertex 16.9981 -72.1552 0
      vertex 16.7503 -73.7197 2.4
      vertex 16.51 -72.1168 0
    endloop
  endfacet
  facet normal 0.711309 -0.438365 -0.549433
    outer loop
      vertex 15.2056 -74.3595 2.4
      vertex 13.663 -73.8545 0
      vertex 13.6683 -73.8459 0
    endloop
  endfacet
  facet normal 0.712284 -0.436486 -0.549665
    outer loop
      vertex 13.663 -73.8545 0
      vertex 15.2056 -74.3595 2.4
      vertex 15.0744 -74.5736 2.4
    endloop
  endfacet
  facet normal 0.54247 -0.635299 -0.549656
    outer loop
      vertex 14.6285 -72.7241 0
      vertex 15.5595 -74.0056 2.4
      vertex 14.2562 -73.042 0
    endloop
  endfacet
  facet normal 0.0655473 -0.832817 -0.549654
    outer loop
      vertex 16.49 -72.1168 0
      vertex 16.5 -73.7 2.4
      vertex 16.2497 -73.7197 2.4
    endloop
  endfacet
  facet normal 0.0666204 -0.832755 -0.549618
    outer loop
      vertex 16.5 -73.7 2.4
      vertex 16.49 -72.1168 0
      vertex 16.5 -72.116 0
    endloop
  endfacet
  facet normal 0.712275 0.436512 -0.549656
    outer loop
      vertex 15.2056 -76.2405 2.4
      vertex 13.9241 -77.1715 0
      vertex 13.6683 -76.7541 0
    endloop
  endfacet
  facet normal 0.635308 0.542458 -0.549657
    outer loop
      vertex 15.3686 -76.4314 2.4
      vertex 13.9241 -77.1715 0
      vertex 15.2056 -76.2405 2.4
    endloop
  endfacet
  facet normal 0.634902 0.543009 -0.549582
    outer loop
      vertex 13.9241 -77.1715 0
      vertex 15.3686 -76.4314 2.4
      vertex 13.9306 -77.1791 0
    endloop
  endfacet
  facet normal 0.771766 0.319763 -0.549662
    outer loop
      vertex 14.9783 -75.7944 2.4
      vertex 13.6592 -76.7362 0
      vertex 13.4718 -76.2839 0
    endloop
  endfacet
  facet normal 0.81231 0.195008 -0.549659
    outer loop
      vertex 14.9783 -75.7944 2.4
      vertex 13.3552 -75.7981 0
      vertex 14.9197 -75.5503 2.4
    endloop
  endfacet
  facet normal 0.812997 0.190805 -0.550117
    outer loop
      vertex 13.3552 -75.7981 0
      vertex 14.9783 -75.7944 2.4
      vertex 13.3575 -75.8079 0
    endloop
  endfacet
  facet normal 0.832755 0.0666204 -0.549618
    outer loop
      vertex 14.9 -75.3 2.4
      vertex 13.3168 -75.31 0
      vertex 13.316 -75.3 0
    endloop
  endfacet
  facet normal 0.832817 0.0655473 -0.549654
    outer loop
      vertex 13.3168 -75.31 0
      vertex 14.9 -75.3 2.4
      vertex 14.9197 -75.5503 2.4
    endloop
  endfacet
  facet normal 0.436486 0.712284 -0.549665
    outer loop
      vertex 15.0545 -78.137 0
      vertex 15.5595 -76.5944 2.4
      vertex 15.7736 -76.7256 2.4
    endloop
  endfacet
  facet normal 0.438365 0.711309 -0.549433
    outer loop
      vertex 15.5595 -76.5944 2.4
      vertex 15.0545 -78.137 0
      vertex 15.0459 -78.1317 0
    endloop
  endfacet
  facet normal 0.436512 0.712275 -0.549656
    outer loop
      vertex 15.5595 -76.5944 2.4
      vertex 15.0459 -78.1317 0
      vertex 14.6285 -77.8759 0
    endloop
  endfacet
  facet normal 0.319695 0.771792 -0.549665
    outer loop
      vertex 15.5161 -78.3282 0
      vertex 15.7736 -76.7256 2.4
      vertex 16.0056 -76.8217 2.4
    endloop
  endfacet
  facet normal 0.323168 0.770632 -0.549263
    outer loop
      vertex 15.7736 -76.7256 2.4
      vertex 15.5161 -78.3282 0
      vertex 15.5068 -78.3243 0
    endloop
  endfacet
  facet normal -0.436512 0.712275 -0.549656
    outer loop
      vertex 18.3715 -77.8759 0
      vertex 17.9541 -78.1317 0
      vertex 17.4405 -76.5944 2.4
    endloop
  endfacet
  facet normal -0.438365 0.711309 -0.549433
    outer loop
      vertex 17.9455 -78.137 0
      vertex 17.4405 -76.5944 2.4
      vertex 17.9541 -78.1317 0
    endloop
  endfacet
  facet normal -0.436486 0.712284 -0.549665
    outer loop
      vertex 17.4405 -76.5944 2.4
      vertex 17.9455 -78.137 0
      vertex 17.2264 -76.7256 2.4
    endloop
  endfacet
  facet normal -0.190805 0.812997 -0.550117
    outer loop
      vertex 16.9981 -78.4448 0
      vertex 16.9944 -76.8217 2.4
      vertex 17.0079 -78.4425 0
    endloop
  endfacet
  facet normal -0.195008 0.81231 -0.549659
    outer loop
      vertex 16.9944 -76.8217 2.4
      vertex 16.9981 -78.4448 0
      vertex 16.7503 -76.8803 2.4
    endloop
  endfacet
  facet normal -0.0666163 0.832704 -0.549697
    outer loop
      vertex 16.9881 -78.4456 0
      vertex 16.7503 -76.8803 2.4
      vertex 16.9981 -78.4448 0
    endloop
  endfacet
  facet normal -0.0655469 0.832812 -0.549662
    outer loop
      vertex 16.7503 -76.8803 2.4
      vertex 16.9881 -78.4456 0
      vertex 16.5 -76.9 2.4
    endloop
  endfacet
  facet normal -0.195053 0.812294 -0.549666
    outer loop
      vertex 17.4839 -78.3282 0
      vertex 17.0079 -78.4425 0
      vertex 16.9944 -76.8217 2.4
    endloop
  endfacet
  facet normal -0.323168 0.770632 -0.549263
    outer loop
      vertex 17.4839 -78.3282 0
      vertex 17.2264 -76.7256 2.4
      vertex 17.4932 -78.3243 0
    endloop
  endfacet
  facet normal -0.319695 0.771792 -0.549665
    outer loop
      vertex 17.2264 -76.7256 2.4
      vertex 17.4839 -78.3282 0
      vertex 16.9944 -76.8217 2.4
    endloop
  endfacet
  facet normal 0.0655469 0.832812 -0.549662
    outer loop
      vertex 16.0119 -78.4456 0
      vertex 16.2497 -76.8803 2.4
      vertex 16.5 -76.9 2.4
    endloop
  endfacet
  facet normal 0.0666163 0.832704 -0.549697
    outer loop
      vertex 16.2497 -76.8803 2.4
      vertex 16.0119 -78.4456 0
      vertex 16.0019 -78.4448 0
    endloop
  endfacet
  facet normal 0.0655196 0.832816 -0.549659
    outer loop
      vertex 16.5 -76.9 2.4
      vertex 16.5 -78.484 0
      vertex 16.0119 -78.4456 0
    endloop
  endfacet
  facet normal -0.547661 0.63064 -0.549874
    outer loop
      vertex 18.7438 -77.558 0
      vertex 17.6314 -76.4314 2.4
      vertex 18.7514 -77.5514 0
    endloop
  endfacet
  facet normal -0.542459 0.635309 -0.549655
    outer loop
      vertex 17.6314 -76.4314 2.4
      vertex 18.7438 -77.558 0
      vertex 17.4405 -76.5944 2.4
    endloop
  endfacet
  facet normal -0.712284 0.436486 -0.549665
    outer loop
      vertex 19.337 -76.7455 0
      vertex 17.7944 -76.2405 2.4
      vertex 17.9256 -76.0264 2.4
    endloop
  endfacet
  facet normal -0.711309 0.438365 -0.549433
    outer loop
      vertex 17.7944 -76.2405 2.4
      vertex 19.337 -76.7455 0
      vertex 19.3317 -76.7541 0
    endloop
  endfacet
  facet normal -0.812294 0.195053 -0.549666
    outer loop
      vertex 19.6425 -75.8079 0
      vertex 19.5282 -76.2839 0
      vertex 18.0217 -75.7944 2.4
    endloop
  endfacet
  facet normal -0.771766 0.319763 -0.549662
    outer loop
      vertex 19.5282 -76.2839 0
      vertex 19.3408 -76.7362 0
      vertex 18.0217 -75.7944 2.4
    endloop
  endfacet
  facet normal -0.832817 0.0655197 -0.549657
    outer loop
      vertex 19.6832 -75.31 0
      vertex 19.6448 -75.7981 0
      vertex 18.0803 -75.5503 2.4
    endloop
  endfacet
  facet normal -0.832755 0.0666204 -0.549618
    outer loop
      vertex 19.6832 -75.31 0
      vertex 18.1 -75.3 2.4
      vertex 19.684 -75.3 0
    endloop
  endfacet
  facet normal -0.832817 0.0655473 -0.549654
    outer loop
      vertex 18.1 -75.3 2.4
      vertex 19.6832 -75.31 0
      vertex 18.0803 -75.5503 2.4
    endloop
  endfacet
  facet normal -0.773411 -0.316017 -0.549517
    outer loop
      vertex 19.3408 -73.8638 0
      vertex 17.9256 -74.5736 2.4
      vertex 19.337 -73.8545 0
    endloop
  endfacet
  facet normal -0.771799 -0.319698 -0.549655
    outer loop
      vertex 17.9256 -74.5736 2.4
      vertex 19.3408 -73.8638 0
      vertex 18.0217 -74.8056 2.4
    endloop
  endfacet
  facet normal -0.436486 -0.712284 -0.549665
    outer loop
      vertex 17.9455 -72.463 0
      vertex 17.4405 -74.0056 2.4
      vertex 17.2264 -73.8744 2.4
    endloop
  endfacet
  facet normal -0.438365 -0.711309 -0.549433
    outer loop
      vertex 17.4405 -74.0056 2.4
      vertex 17.9455 -72.463 0
      vertex 17.9541 -72.4683 0
    endloop
  endfacet
  facet normal -0.63064 -0.547661 -0.549874
    outer loop
      vertex 18.758 -73.0562 0
      vertex 17.6314 -74.1686 2.4
      vertex 18.7514 -73.0486 0
    endloop
  endfacet
  facet normal -0.635309 -0.542459 -0.549655
    outer loop
      vertex 17.6314 -74.1686 2.4
      vertex 18.758 -73.0562 0
      vertex 17.7944 -74.3595 2.4
    endloop
  endfacet
  facet normal -0.195009 -0.812314 -0.549652
    outer loop
      vertex 17.4741 -72.2695 0
      vertex 16.9944 -73.7783 2.4
      vertex 16.7503 -73.7197 2.4
    endloop
  endfacet
  facet normal -0.190897 -0.813389 -0.549506
    outer loop
      vertex 16.9944 -73.7783 2.4
      vertex 17.4741 -72.2695 0
      vertex 17.4839 -72.2718 0
    endloop
  endfacet
  facet normal -0.195054 -0.8123 -0.549657
    outer loop
      vertex 16.9981 -72.1552 0
      vertex 17.4741 -72.2695 0
      vertex 16.7503 -73.7197 2.4
    endloop
  endfacet
  facet normal 0.771766 -0.319763 -0.549662
    outer loop
      vertex 13.6592 -73.8638 0
      vertex 14.9783 -74.8056 2.4
      vertex 13.4718 -74.3161 0
    endloop
  endfacet
  facet normal 0.634864 -0.542976 -0.549659
    outer loop
      vertex 15.3686 -74.1686 2.4
      vertex 14.2421 -73.0562 0
      vertex 14.2486 -73.0486 0
    endloop
  endfacet
  facet normal 0.635319 -0.542467 -0.549636
    outer loop
      vertex 14.2421 -73.0562 0
      vertex 15.3686 -74.1686 2.4
      vertex 15.2056 -74.3595 2.4
    endloop
  endfacet
  facet normal 0.712275 -0.436512 -0.549656
    outer loop
      vertex 13.9241 -73.4285 0
      vertex 15.2056 -74.3595 2.4
      vertex 13.6683 -73.8459 0
    endloop
  endfacet
  facet normal 0.635217 -0.54257 -0.549651
    outer loop
      vertex 14.2421 -73.0562 0
      vertex 15.2056 -74.3595 2.4
      vertex 13.9241 -73.4285 0
    endloop
  endfacet
  facet normal 0.773411 -0.316017 -0.549517
    outer loop
      vertex 15.0744 -74.5736 2.4
      vertex 13.6592 -73.8638 0
      vertex 13.663 -73.8545 0
    endloop
  endfacet
  facet normal 0.771799 -0.319698 -0.549655
    outer loop
      vertex 13.6592 -73.8638 0
      vertex 15.0744 -74.5736 2.4
      vertex 14.9783 -74.8056 2.4
    endloop
  endfacet
  facet normal 0.195054 -0.8123 -0.549657
    outer loop
      vertex 16.0019 -72.1552 0
      vertex 16.2497 -73.7197 2.4
      vertex 15.5259 -72.2695 0
    endloop
  endfacet
  facet normal 0.0655197 -0.832817 -0.549657
    outer loop
      vertex 16.49 -72.1168 0
      vertex 16.2497 -73.7197 2.4
      vertex 16.0019 -72.1552 0
    endloop
  endfacet
  facet normal 0.190897 -0.813389 -0.549506
    outer loop
      vertex 15.5259 -72.2695 0
      vertex 16.0056 -73.7783 2.4
      vertex 15.5161 -72.2718 0
    endloop
  endfacet
  facet normal 0.195009 -0.812314 -0.549652
    outer loop
      vertex 16.0056 -73.7783 2.4
      vertex 15.5259 -72.2695 0
      vertex 16.2497 -73.7197 2.4
    endloop
  endfacet
  facet normal 0.323168 -0.770632 -0.549263
    outer loop
      vertex 15.5161 -72.2718 0
      vertex 15.7736 -73.8744 2.4
      vertex 15.5068 -72.2757 0
    endloop
  endfacet
  facet normal 0.319695 -0.771792 -0.549665
    outer loop
      vertex 15.7736 -73.8744 2.4
      vertex 15.5161 -72.2718 0
      vertex 16.0056 -73.7783 2.4
    endloop
  endfacet
  facet normal 0.771799 0.319698 -0.549655
    outer loop
      vertex 15.0744 -76.0264 2.4
      vertex 13.6592 -76.7362 0
      vertex 14.9783 -75.7944 2.4
    endloop
  endfacet
  facet normal 0.773411 0.316017 -0.549517
    outer loop
      vertex 13.6592 -76.7362 0
      vertex 15.0744 -76.0264 2.4
      vertex 13.663 -76.7455 0
    endloop
  endfacet
  facet normal 0.812294 0.195053 -0.549666
    outer loop
      vertex 14.9783 -75.7944 2.4
      vertex 13.4718 -76.2839 0
      vertex 13.3575 -75.8079 0
    endloop
  endfacet
  facet normal 0.832817 -0.0655473 -0.549654
    outer loop
      vertex 14.9 -75.3 2.4
      vertex 13.3168 -75.29 0
      vertex 14.9197 -75.0497 2.4
    endloop
  endfacet
  facet normal 0.832755 -0.0666204 -0.549618
    outer loop
      vertex 13.3168 -75.29 0
      vertex 14.9 -75.3 2.4
      vertex 13.316 -75.3 0
    endloop
  endfacet
  facet normal -0.436512 -0.712275 -0.549656
    outer loop
      vertex 17.9541 -72.4683 0
      vertex 18.3715 -72.7241 0
      vertex 17.4405 -74.0056 2.4
    endloop
  endfacet
  facet normal -0.54247 -0.635299 -0.549656
    outer loop
      vertex 18.3715 -72.7241 0
      vertex 18.7438 -73.042 0
      vertex 17.4405 -74.0056 2.4
    endloop
  endfacet
  facet normal 0.436512 -0.712275 -0.549656
    outer loop
      vertex 15.0459 -72.4683 0
      vertex 15.5595 -74.0056 2.4
      vertex 14.6285 -72.7241 0
    endloop
  endfacet
  facet normal 0.547661 -0.63064 -0.549874
    outer loop
      vertex 14.2562 -73.042 0
      vertex 15.3686 -74.1686 2.4
      vertex 14.2486 -73.0486 0
    endloop
  endfacet
  facet normal 0.542459 -0.635309 -0.549655
    outer loop
      vertex 15.3686 -74.1686 2.4
      vertex 14.2562 -73.042 0
      vertex 15.5595 -74.0056 2.4
    endloop
  endfacet
  facet normal 0.812294 -0.195053 -0.549666
    outer loop
      vertex 13.4718 -74.3161 0
      vertex 14.9783 -74.8056 2.4
      vertex 13.3575 -74.7921 0
    endloop
  endfacet
  facet normal 0.812997 -0.190805 -0.550117
    outer loop
      vertex 14.9783 -74.8056 2.4
      vertex 13.3552 -74.8019 0
      vertex 13.3575 -74.7921 0
    endloop
  endfacet
  facet normal 0.81231 -0.195008 -0.549659
    outer loop
      vertex 13.3552 -74.8019 0
      vertex 14.9783 -74.8056 2.4
      vertex 14.9197 -75.0497 2.4
    endloop
  endfacet
  facet normal -1 0 0
    outer loop
      vertex 10 -77.8 0
      vertex 10 77.8 26
      vertex 10 77.8 0
    endloop
  endfacet
  facet normal -1 -0 0
    outer loop
      vertex 10 77.8 26
      vertex 10 -77.8 0
      vertex 10 -77.8 26
    endloop
  endfacet
  facet normal 0 0 1
    outer loop
      vertex 221.5 77.8 26
      vertex 224 77.8 26
      vertex 223.951 78.4257 26
    endloop
  endfacet
  facet normal 0 0 1
    outer loop
      vertex 224 77.8 26
      vertex 221.5 77.8 26
      vertex 224 -77.8 26
    endloop
  endfacet
  facet normal 0 0 1
    outer loop
      vertex 221.482 78.0347 26
      vertex 223.951 78.4257 26
      vertex 223.804 79.0361 26
    endloop
  endfacet
  facet normal 0 0 1
    outer loop
      vertex 221.5 -77.8 26
      vertex 224 -77.8 26
      vertex 221.5 77.8 26
    endloop
  endfacet
  facet normal 0 0 1
    outer loop
      vertex 221.427 78.2635 26
      vertex 223.804 79.0361 26
      vertex 223.564 79.616 26
    endloop
  endfacet
  facet normal 0 0 1
    outer loop
      vertex 224 -77.8 26
      vertex 221.5 -77.8 26
      vertex 223.951 -78.4257 26
    endloop
  endfacet
  facet normal 0 0 1
    outer loop
      vertex 221.337 78.481 26
      vertex 223.564 79.616 26
      vertex 223.236 80.1511 26
    endloop
  endfacet
  facet normal -0 0 1
    outer loop
      vertex 221.482 -78.0347 26
      vertex 223.951 -78.4257 26
      vertex 221.5 -77.8 26
    endloop
  endfacet
  facet normal 0 0 1
    outer loop
      vertex 221.214 78.6817 26
      vertex 223.236 80.1511 26
      vertex 222.828 80.6284 26
    endloop
  endfacet
  facet normal 0 0 1
    outer loop
      vertex 223.951 -78.4257 26
      vertex 221.482 -78.0347 26
      vertex 223.804 -79.0361 26
    endloop
  endfacet
  facet normal 0 0 1
    outer loop
      vertex 221.061 78.8607 26
      vertex 222.828 80.6284 26
      vertex 222.351 81.0361 26
    endloop
  endfacet
  facet normal -0 0 1
    outer loop
      vertex 221.427 -78.2635 26
      vertex 223.804 -79.0361 26
      vertex 221.482 -78.0347 26
    endloop
  endfacet
  facet normal 0 0 1
    outer loop
      vertex 220.882 79.0135 26
      vertex 222.351 81.0361 26
      vertex 221.816 81.364 26
    endloop
  endfacet
  facet normal 0 0 1
    outer loop
      vertex 223.804 -79.0361 26
      vertex 221.427 -78.2635 26
      vertex 223.564 -79.616 26
    endloop
  endfacet
  facet normal -0 0 1
    outer loop
      vertex 221.337 -78.481 26
      vertex 223.564 -79.616 26
      vertex 221.427 -78.2635 26
    endloop
  endfacet
  facet normal 0 0 1
    outer loop
      vertex 223.951 78.4257 26
      vertex 221.482 78.0347 26
      vertex 221.5 77.8 26
    endloop
  endfacet
  facet normal 0 0 1
    outer loop
      vertex 223.804 79.0361 26
      vertex 221.427 78.2635 26
      vertex 221.482 78.0347 26
    endloop
  endfacet
  facet normal 0 0 1
    outer loop
      vertex 223.564 79.616 26
      vertex 221.337 78.481 26
      vertex 221.427 78.2635 26
    endloop
  endfacet
  facet normal 0 0 1
    outer loop
      vertex 220.681 79.1365 26
      vertex 221.816 81.364 26
      vertex 221.236 81.6042 26
    endloop
  endfacet
  facet normal 0 0 1
    outer loop
      vertex 223.236 80.1511 26
      vertex 221.214 78.6817 26
      vertex 221.337 78.481 26
    endloop
  endfacet
  facet normal 0 0 1
    outer loop
      vertex 222.828 80.6284 26
      vertex 221.061 78.8607 26
      vertex 221.214 78.6817 26
    endloop
  endfacet
  facet normal 0 0 1
    outer loop
      vertex 222.351 81.0361 26
      vertex 220.882 79.0135 26
      vertex 221.061 78.8607 26
    endloop
  endfacet
  facet normal 0 0 1
    outer loop
      vertex 221.816 81.364 26
      vertex 220.681 79.1365 26
      vertex 220.882 79.0135 26
    endloop
  endfacet
  facet normal 0 0 1
    outer loop
      vertex 220.464 79.2266 26
      vertex 221.236 81.6042 26
      vertex 220.626 81.7508 26
    endloop
  endfacet
  facet normal 0 0 1
    outer loop
      vertex 221.236 81.6042 26
      vertex 220.464 79.2266 26
      vertex 220.681 79.1365 26
    endloop
  endfacet
  facet normal 0 0 1
    outer loop
      vertex 220.626 81.7508 26
      vertex 220.235 79.2815 26
      vertex 220.464 79.2266 26
    endloop
  endfacet
  facet normal 0 0 1
    outer loop
      vertex 220 81.8 26
      vertex 220.235 79.2815 26
      vertex 220.626 81.7508 26
    endloop
  endfacet
  facet normal 0 0 1
    outer loop
      vertex 220 81.8 26
      vertex 220 79.3 26
      vertex 220.235 79.2815 26
    endloop
  endfacet
  facet normal -0 0 1
    outer loop
      vertex 14 81.8 26
      vertex 220 79.3 26
      vertex 220 81.8 26
    endloop
  endfacet
  facet normal 0 0 1
    outer loop
      vertex 14 81.8 26
      vertex 14 79.3 26
      vertex 220 79.3 26
    endloop
  endfacet
  facet normal 0 0 1
    outer loop
      vertex 14 81.8 26
      vertex 13.7653 79.2815 26
      vertex 14 79.3 26
    endloop
  endfacet
  facet normal -0 0 1
    outer loop
      vertex 13.3743 81.7508 26
      vertex 13.7653 79.2815 26
      vertex 14 81.8 26
    endloop
  endfacet
  facet normal 0 0 1
    outer loop
      vertex 13.7653 79.2815 26
      vertex 13.3743 81.7508 26
      vertex 13.5365 79.2266 26
    endloop
  endfacet
  facet normal -0 0 1
    outer loop
      vertex 12.7639 81.6042 26
      vertex 13.5365 79.2266 26
      vertex 13.3743 81.7508 26
    endloop
  endfacet
  facet normal 0 0 1
    outer loop
      vertex 13.5365 79.2266 26
      vertex 12.7639 81.6042 26
      vertex 13.319 79.1365 26
    endloop
  endfacet
  facet normal -0 0 1
    outer loop
      vertex 12.184 81.364 26
      vertex 13.319 79.1365 26
      vertex 12.7639 81.6042 26
    endloop
  endfacet
  facet normal 0 0 1
    outer loop
      vertex 13.319 79.1365 26
      vertex 12.184 81.364 26
      vertex 13.1183 79.0135 26
    endloop
  endfacet
  facet normal -0 0 1
    outer loop
      vertex 11.6489 81.0361 26
      vertex 13.1183 79.0135 26
      vertex 12.184 81.364 26
    endloop
  endfacet
  facet normal 0 0 1
    outer loop
      vertex 13.1183 79.0135 26
      vertex 11.6489 81.0361 26
      vertex 12.9393 78.8607 26
    endloop
  endfacet
  facet normal -0 0 1
    outer loop
      vertex 11.1716 80.6284 26
      vertex 12.9393 78.8607 26
      vertex 11.6489 81.0361 26
    endloop
  endfacet
  facet normal 0 0 1
    outer loop
      vertex 12.9393 78.8607 26
      vertex 11.1716 80.6284 26
      vertex 12.7865 78.6817 26
    endloop
  endfacet
  facet normal -0 0 1
    outer loop
      vertex 10.7639 80.1511 26
      vertex 12.7865 78.6817 26
      vertex 11.1716 80.6284 26
    endloop
  endfacet
  facet normal -0 0 1
    outer loop
      vertex 10.436 79.616 26
      vertex 12.6635 78.481 26
      vertex 10.7639 80.1511 26
    endloop
  endfacet
  facet normal 0 0 1
    outer loop
      vertex 12.7865 78.6817 26
      vertex 10.7639 80.1511 26
      vertex 12.6635 78.481 26
    endloop
  endfacet
  facet normal 0 0 1
    outer loop
      vertex 223.564 -79.616 26
      vertex 221.337 -78.481 26
      vertex 223.236 -80.1511 26
    endloop
  endfacet
  facet normal -0 0 1
    outer loop
      vertex 221.214 -78.6817 26
      vertex 223.236 -80.1511 26
      vertex 221.337 -78.481 26
    endloop
  endfacet
  facet normal 0 0 1
    outer loop
      vertex 223.236 -80.1511 26
      vertex 221.214 -78.6817 26
      vertex 222.828 -80.6284 26
    endloop
  endfacet
  facet normal -0 0 1
    outer loop
      vertex 221.061 -78.8607 26
      vertex 222.828 -80.6284 26
      vertex 221.214 -78.6817 26
    endloop
  endfacet
  facet normal 0 0 1
    outer loop
      vertex 222.828 -80.6284 26
      vertex 221.061 -78.8607 26
      vertex 222.351 -81.0361 26
    endloop
  endfacet
  facet normal -0 0 1
    outer loop
      vertex 220.882 -79.0135 26
      vertex 222.351 -81.0361 26
      vertex 221.061 -78.8607 26
    endloop
  endfacet
  facet normal 0 0 1
    outer loop
      vertex 222.351 -81.0361 26
      vertex 220.882 -79.0135 26
      vertex 221.816 -81.364 26
    endloop
  endfacet
  facet normal -0 0 1
    outer loop
      vertex 220.681 -79.1365 26
      vertex 221.816 -81.364 26
      vertex 220.882 -79.0135 26
    endloop
  endfacet
  facet normal 0 0 1
    outer loop
      vertex 221.816 -81.364 26
      vertex 220.681 -79.1365 26
      vertex 221.236 -81.6042 26
    endloop
  endfacet
  facet normal -0 0 1
    outer loop
      vertex 220.464 -79.2266 26
      vertex 221.236 -81.6042 26
      vertex 220.681 -79.1365 26
    endloop
  endfacet
  facet normal 0 0 1
    outer loop
      vertex 221.236 -81.6042 26
      vertex 220.464 -79.2266 26
      vertex 220.626 -81.7508 26
    endloop
  endfacet
  facet normal -0 0 1
    outer loop
      vertex 220.235 -79.2815 26
      vertex 220.626 -81.7508 26
      vertex 220.464 -79.2266 26
    endloop
  endfacet
  facet normal -0 0 1
    outer loop
      vertex 220 -79.3 26
      vertex 220.626 -81.7508 26
      vertex 220.235 -79.2815 26
    endloop
  endfacet
  facet normal 0 0 1
    outer loop
      vertex 220 -79.3 26
      vertex 220 -81.8 26
      vertex 220.626 -81.7508 26
    endloop
  endfacet
  facet normal -0 0 1
    outer loop
      vertex 14 -79.3 26
      vertex 220 -81.8 26
      vertex 220 -79.3 26
    endloop
  endfacet
  facet normal 0 0 1
    outer loop
      vertex 14 -79.3 26
      vertex 14 -81.8 26
      vertex 220 -81.8 26
    endloop
  endfacet
  facet normal 0 0 1
    outer loop
      vertex 13.7653 -79.2815 26
      vertex 14 -81.8 26
      vertex 14 -79.3 26
    endloop
  endfacet
  facet normal 0 0 1
    outer loop
      vertex 13.3743 -81.7508 26
      vertex 13.7653 -79.2815 26
      vertex 13.5365 -79.2266 26
    endloop
  endfacet
  facet normal 0 0 1
    outer loop
      vertex 13.7653 -79.2815 26
      vertex 13.3743 -81.7508 26
      vertex 14 -81.8 26
    endloop
  endfacet
  facet normal 0 0 1
    outer loop
      vertex 12.7639 -81.6042 26
      vertex 13.5365 -79.2266 26
      vertex 13.319 -79.1365 26
    endloop
  endfacet
  facet normal 0 0 1
    outer loop
      vertex 12.184 -81.364 26
      vertex 13.319 -79.1365 26
      vertex 13.1183 -79.0135 26
    endloop
  endfacet
  facet normal 0 0 1
    outer loop
      vertex 11.6489 -81.0361 26
      vertex 13.1183 -79.0135 26
      vertex 12.9393 -78.8607 26
    endloop
  endfacet
  facet normal 0 0 1
    outer loop
      vertex 11.1716 -80.6284 26
      vertex 12.9393 -78.8607 26
      vertex 12.7865 -78.6817 26
    endloop
  endfacet
  facet normal 0 0 1
    outer loop
      vertex 13.5365 -79.2266 26
      vertex 12.7639 -81.6042 26
      vertex 13.3743 -81.7508 26
    endloop
  endfacet
  facet normal 0 0 1
    outer loop
      vertex 10.7639 -80.1511 26
      vertex 12.7865 -78.6817 26
      vertex 12.6635 -78.481 26
    endloop
  endfacet
  facet normal 0 0 1
    outer loop
      vertex 10.436 -79.616 26
      vertex 12.6635 -78.481 26
      vertex 12.5734 -78.2635 26
    endloop
  endfacet
  facet normal 0 0 1
    outer loop
      vertex 10.1958 -79.0361 26
      vertex 12.5734 -78.2635 26
      vertex 12.5185 -78.0347 26
    endloop
  endfacet
  facet normal 0 0 1
    outer loop
      vertex 10.0492 -78.4257 26
      vertex 12.5185 -78.0347 26
      vertex 12.5 -77.8 26
    endloop
  endfacet
  facet normal 0 0 1
    outer loop
      vertex 13.319 -79.1365 26
      vertex 12.184 -81.364 26
      vertex 12.7639 -81.6042 26
    endloop
  endfacet
  facet normal 0 0 1
    outer loop
      vertex 12.5 77.8 26
      vertex 10 77.8 26
      vertex 12.5 -77.8 26
    endloop
  endfacet
  facet normal 0 0 1
    outer loop
      vertex 12.6635 78.481 26
      vertex 10.436 79.616 26
      vertex 12.5734 78.2635 26
    endloop
  endfacet
  facet normal 0 0 1
    outer loop
      vertex 10 -77.8 26
      vertex 12.5 -77.8 26
      vertex 10 77.8 26
    endloop
  endfacet
  facet normal -0 0 1
    outer loop
      vertex 10.1958 79.0361 26
      vertex 12.5734 78.2635 26
      vertex 10.436 79.616 26
    endloop
  endfacet
  facet normal 0 -0 1
    outer loop
      vertex 10.0492 -78.4257 26
      vertex 12.5 -77.8 26
      vertex 10 -77.8 26
    endloop
  endfacet
  facet normal 0 0 1
    outer loop
      vertex 12.5734 78.2635 26
      vertex 10.1958 79.0361 26
      vertex 12.5185 78.0347 26
    endloop
  endfacet
  facet normal 0 0 1
    outer loop
      vertex 13.1183 -79.0135 26
      vertex 11.6489 -81.0361 26
      vertex 12.184 -81.364 26
    endloop
  endfacet
  facet normal -0 0 1
    outer loop
      vertex 10.0492 78.4257 26
      vertex 12.5185 78.0347 26
      vertex 10.1958 79.0361 26
    endloop
  endfacet
  facet normal 0 0 1
    outer loop
      vertex 12.9393 -78.8607 26
      vertex 11.1716 -80.6284 26
      vertex 11.6489 -81.0361 26
    endloop
  endfacet
  facet normal 0 0 1
    outer loop
      vertex 12.5185 78.0347 26
      vertex 10.0492 78.4257 26
      vertex 12.5 77.8 26
    endloop
  endfacet
  facet normal 0 0 1
    outer loop
      vertex 12.7865 -78.6817 26
      vertex 10.7639 -80.1511 26
      vertex 11.1716 -80.6284 26
    endloop
  endfacet
  facet normal 0 0 1
    outer loop
      vertex 12.5 77.8 26
      vertex 10.0492 78.4257 26
      vertex 10 77.8 26
    endloop
  endfacet
  facet normal 0 0 1
    outer loop
      vertex 12.6635 -78.481 26
      vertex 10.436 -79.616 26
      vertex 10.7639 -80.1511 26
    endloop
  endfacet
  facet normal 0 0 1
    outer loop
      vertex 12.5734 -78.2635 26
      vertex 10.1958 -79.0361 26
      vertex 10.436 -79.616 26
    endloop
  endfacet
  facet normal 0 0 1
    outer loop
      vertex 12.5185 -78.0347 26
      vertex 10.0492 -78.4257 26
      vertex 10.1958 -79.0361 26
    endloop
  endfacet
  facet normal 0 -1 0
    outer loop
      vertex 14 -81.8 0
      vertex 220 -81.8 26
      vertex 14 -81.8 26
    endloop
  endfacet
  facet normal 0 -1 -0
    outer loop
      vertex 220 -81.8 26
      vertex 14 -81.8 0
      vertex 220 -81.8 0
    endloop
  endfacet
  facet normal -0.923881 0.38268 0
    outer loop
      vertex 10.1958 79.0361 0
      vertex 10.436 79.616 26
      vertex 10.436 79.616 0
    endloop
  endfacet
  facet normal -0.923881 0.38268 0
    outer loop
      vertex 10.436 79.616 26
      vertex 10.1958 79.0361 0
      vertex 10.1958 79.0361 26
    endloop
  endfacet
  facet normal -0.38268 0.923881 0
    outer loop
      vertex 12.7639 81.6042 0
      vertex 12.184 81.364 26
      vertex 12.7639 81.6042 26
    endloop
  endfacet
  facet normal -0.38268 0.923881 0
    outer loop
      vertex 12.184 81.364 26
      vertex 12.7639 81.6042 0
      vertex 12.184 81.364 0
    endloop
  endfacet
  facet normal 0 1 -0
    outer loop
      vertex 220 81.8 0
      vertex 14 81.8 26
      vertex 220 81.8 26
    endloop
  endfacet
  facet normal 0 1 0
    outer loop
      vertex 14 81.8 26
      vertex 220 81.8 0
      vertex 14 81.8 0
    endloop
  endfacet
  facet normal -0.07839 -0.996923 0
    outer loop
      vertex 13.3743 -81.7508 0
      vertex 14 -81.8 26
      vertex 13.3743 -81.7508 26
    endloop
  endfacet
  facet normal -0.07839 -0.996923 -0
    outer loop
      vertex 14 -81.8 26
      vertex 13.3743 -81.7508 0
      vertex 14 -81.8 0
    endloop
  endfacet
  facet normal -0.649492 -0.760369 0
    outer loop
      vertex 11.1716 -80.6284 0
      vertex 11.6489 -81.0361 26
      vertex 11.1716 -80.6284 26
    endloop
  endfacet
  facet normal -0.649492 -0.760369 -0
    outer loop
      vertex 11.6489 -81.0361 26
      vertex 11.1716 -80.6284 0
      vertex 11.6489 -81.0361 0
    endloop
  endfacet
  facet normal -0.996923 -0.07839 0
    outer loop
      vertex 10.0492 -78.4257 0
      vertex 10 -77.8 26
      vertex 10 -77.8 0
    endloop
  endfacet
  facet normal -0.996923 -0.07839 0
    outer loop
      vertex 10 -77.8 26
      vertex 10.0492 -78.4257 0
      vertex 10.0492 -78.4257 26
    endloop
  endfacet
  facet normal 0 0 -1
    outer loop
      vertex 19.3408 -73.8638 0
      vertex 214.663 -73.8545 0
      vertex 19.5282 -74.3161 0
    endloop
  endfacet
  facet normal 0 0 -1
    outer loop
      vertex 214.924 73.4285 0
      vertex 19.6832 75.29 0
      vertex 19.684 75.3 0
    endloop
  endfacet
  facet normal 0 0 -1
    outer loop
      vertex 19.337 -73.8545 0
      vertex 214.663 -73.8545 0
      vertex 19.3408 -73.8638 0
    endloop
  endfacet
  facet normal 0 0 -1
    outer loop
      vertex 214.924 73.4285 0
      vertex 19.6448 74.8019 0
      vertex 19.6832 75.29 0
    endloop
  endfacet
  facet normal 0 0 -1
    outer loop
      vertex 214.663 -73.8545 0
      vertex 19.337 -73.8545 0
      vertex 214.668 -73.8459 0
    endloop
  endfacet
  facet normal 0 0 -1
    outer loop
      vertex 214.924 73.4285 0
      vertex 19.6425 74.7921 0
      vertex 19.6448 74.8019 0
    endloop
  endfacet
  facet normal -0 0 -1
    outer loop
      vertex 214.668 -73.8459 0
      vertex 19.337 -73.8545 0
      vertex 214.924 -73.4285 0
    endloop
  endfacet
  facet normal 0 0 -1
    outer loop
      vertex 214.924 73.4285 0
      vertex 19.5282 74.3161 0
      vertex 19.6425 74.7921 0
    endloop
  endfacet
  facet normal 0 0 -1
    outer loop
      vertex 19.3317 -73.8459 0
      vertex 214.924 -73.4285 0
      vertex 19.337 -73.8545 0
    endloop
  endfacet
  facet normal 0 0 -1
    outer loop
      vertex 214.924 73.4285 0
      vertex 19.3408 73.8638 0
      vertex 19.5282 74.3161 0
    endloop
  endfacet
  facet normal 0 0 -1
    outer loop
      vertex 19.0759 -73.4285 0
      vertex 214.924 -73.4285 0
      vertex 19.3317 -73.8459 0
    endloop
  endfacet
  facet normal 0 0 -1
    outer loop
      vertex 214.924 73.4285 0
      vertex 19.337 73.8545 0
      vertex 19.3408 73.8638 0
    endloop
  endfacet
  facet normal 0 0 -1
    outer loop
      vertex 214.924 -73.4285 0
      vertex 19.0759 -73.4285 0
      vertex 214.924 73.4285 0
    endloop
  endfacet
  facet normal 0 0 -1
    outer loop
      vertex 214.924 73.4285 0
      vertex 19.3317 73.8459 0
      vertex 19.337 73.8545 0
    endloop
  endfacet
  facet normal 0 0 -1
    outer loop
      vertex 19.0759 73.4285 0
      vertex 214.924 73.4285 0
      vertex 19.0759 -73.4285 0
    endloop
  endfacet
  facet normal 0 0 -1
    outer loop
      vertex 214.924 73.4285 0
      vertex 19.0759 73.4285 0
      vertex 19.3317 73.8459 0
    endloop
  endfacet
  facet normal 0 0 -1
    outer loop
      vertex 18.758 -73.0562 0
      vertex 19.0759 73.4285 0
      vertex 19.0759 -73.4285 0
    endloop
  endfacet
  facet normal 0 0 -1
    outer loop
      vertex 18.758 -73.0562 0
      vertex 18.758 73.0562 0
      vertex 19.0759 73.4285 0
    endloop
  endfacet
  facet normal 0 0 -1
    outer loop
      vertex 18.7514 -73.0486 0
      vertex 18.758 73.0562 0
      vertex 18.758 -73.0562 0
    endloop
  endfacet
  facet normal 0 0 -1
    outer loop
      vertex 18.7514 -73.0486 0
      vertex 18.7514 73.0486 0
      vertex 18.758 73.0562 0
    endloop
  endfacet
  facet normal 0 0 -1
    outer loop
      vertex 18.7438 -73.042 0
      vertex 18.7514 73.0486 0
      vertex 18.7514 -73.0486 0
    endloop
  endfacet
  facet normal 0 0 -1
    outer loop
      vertex 18.7438 -73.042 0
      vertex 18.7438 73.042 0
      vertex 18.7514 73.0486 0
    endloop
  endfacet
  facet normal 0 0 -1
    outer loop
      vertex 18.3715 -72.7241 0
      vertex 18.7438 73.042 0
      vertex 18.7438 -73.042 0
    endloop
  endfacet
  facet normal 0 0 -1
    outer loop
      vertex 18.3715 -72.7241 0
      vertex 18.3715 72.7241 0
      vertex 18.7438 73.042 0
    endloop
  endfacet
  facet normal 0 0 -1
    outer loop
      vertex 17.9541 -72.4683 0
      vertex 18.3715 72.7241 0
      vertex 18.3715 -72.7241 0
    endloop
  endfacet
  facet normal 0 0 -1
    outer loop
      vertex 17.9541 -72.4683 0
      vertex 17.9541 72.4683 0
      vertex 18.3715 72.7241 0
    endloop
  endfacet
  facet normal 0 0 -1
    outer loop
      vertex 17.9455 -72.463 0
      vertex 17.9541 72.4683 0
      vertex 17.9541 -72.4683 0
    endloop
  endfacet
  facet normal 0 0 -1
    outer loop
      vertex 17.9455 -72.463 0
      vertex 17.9455 72.463 0
      vertex 17.9541 72.4683 0
    endloop
  endfacet
  facet normal 0 0 -1
    outer loop
      vertex 17.4932 -72.2757 0
      vertex 17.9455 72.463 0
      vertex 17.9455 -72.463 0
    endloop
  endfacet
  facet normal 0 0 -1
    outer loop
      vertex 17.4932 -72.2757 0
      vertex 17.4932 72.2757 0
      vertex 17.9455 72.463 0
    endloop
  endfacet
  facet normal 0 0 -1
    outer loop
      vertex 17.4839 -72.2718 0
      vertex 17.4932 72.2757 0
      vertex 17.4932 -72.2757 0
    endloop
  endfacet
  facet normal 0 0 -1
    outer loop
      vertex 17.4839 -72.2718 0
      vertex 17.4839 72.2718 0
      vertex 17.4932 72.2757 0
    endloop
  endfacet
  facet normal 0 0 -1
    outer loop
      vertex 17.4741 -72.2695 0
      vertex 17.4839 72.2718 0
      vertex 17.4839 -72.2718 0
    endloop
  endfacet
  facet normal 0 0 -1
    outer loop
      vertex 17.4741 -72.2695 0
      vertex 17.4741 72.2695 0
      vertex 17.4839 72.2718 0
    endloop
  endfacet
  facet normal 0 0 -1
    outer loop
      vertex 16.9981 -72.1552 0
      vertex 17.4741 72.2695 0
      vertex 17.4741 -72.2695 0
    endloop
  endfacet
  facet normal 0 0 -1
    outer loop
      vertex 16.9981 -72.1552 0
      vertex 16.9981 72.1552 0
      vertex 17.4741 72.2695 0
    endloop
  endfacet
  facet normal 0 0 -1
    outer loop
      vertex 16.51 -72.1168 0
      vertex 16.9981 72.1552 0
      vertex 16.9981 -72.1552 0
    endloop
  endfacet
  facet normal 0 0 -1
    outer loop
      vertex 16.51 -72.1168 0
      vertex 16.51 72.1168 0
      vertex 16.9981 72.1552 0
    endloop
  endfacet
  facet normal 0 0 -1
    outer loop
      vertex 16.5 -72.116 0
      vertex 16.51 72.1168 0
      vertex 16.51 -72.1168 0
    endloop
  endfacet
  facet normal 0 0 -1
    outer loop
      vertex 16.5 -72.116 0
      vertex 16.5 72.116 0
      vertex 16.51 72.1168 0
    endloop
  endfacet
  facet normal 0 0 -1
    outer loop
      vertex 16.49 -72.1168 0
      vertex 16.5 72.116 0
      vertex 16.5 -72.116 0
    endloop
  endfacet
  facet normal 0 0 -1
    outer loop
      vertex 16.49 -72.1168 0
      vertex 16.49 72.1168 0
      vertex 16.5 72.116 0
    endloop
  endfacet
  facet normal 0 0 -1
    outer loop
      vertex 16.0019 -72.1552 0
      vertex 16.49 72.1168 0
      vertex 16.49 -72.1168 0
    endloop
  endfacet
  facet normal 0 0 -1
    outer loop
      vertex 16.0019 -72.1552 0
      vertex 16.0019 72.1552 0
      vertex 16.49 72.1168 0
    endloop
  endfacet
  facet normal 0 0 -1
    outer loop
      vertex 15.5259 -72.2695 0
      vertex 16.0019 72.1552 0
      vertex 16.0019 -72.1552 0
    endloop
  endfacet
  facet normal 0 0 -1
    outer loop
      vertex 15.5259 -72.2695 0
      vertex 15.5259 72.2695 0
      vertex 16.0019 72.1552 0
    endloop
  endfacet
  facet normal 0 0 -1
    outer loop
      vertex 15.5161 -72.2718 0
      vertex 15.5259 72.2695 0
      vertex 15.5259 -72.2695 0
    endloop
  endfacet
  facet normal 0 0 -1
    outer loop
      vertex 15.5161 -72.2718 0
      vertex 15.5161 72.2718 0
      vertex 15.5259 72.2695 0
    endloop
  endfacet
  facet normal 0 0 -1
    outer loop
      vertex 15.5068 -72.2757 0
      vertex 15.5161 72.2718 0
      vertex 15.5161 -72.2718 0
    endloop
  endfacet
  facet normal 0 0 -1
    outer loop
      vertex 15.5068 -72.2757 0
      vertex 15.5068 72.2757 0
      vertex 15.5161 72.2718 0
    endloop
  endfacet
  facet normal 0 0 -1
    outer loop
      vertex 15.0545 -72.463 0
      vertex 15.5068 72.2757 0
      vertex 15.5068 -72.2757 0
    endloop
  endfacet
  facet normal 0 0 -1
    outer loop
      vertex 15.0545 -72.463 0
      vertex 15.0545 72.463 0
      vertex 15.5068 72.2757 0
    endloop
  endfacet
  facet normal 0 0 -1
    outer loop
      vertex 15.0459 -72.4683 0
      vertex 15.0545 72.463 0
      vertex 15.0545 -72.463 0
    endloop
  endfacet
  facet normal 0 0 -1
    outer loop
      vertex 15.0459 -72.4683 0
      vertex 15.0459 72.4683 0
      vertex 15.0545 72.463 0
    endloop
  endfacet
  facet normal 0 0 -1
    outer loop
      vertex 14.6285 -72.7241 0
      vertex 15.0459 72.4683 0
      vertex 15.0459 -72.4683 0
    endloop
  endfacet
  facet normal 0 0 -1
    outer loop
      vertex 14.6285 -72.7241 0
      vertex 14.6285 72.7241 0
      vertex 15.0459 72.4683 0
    endloop
  endfacet
  facet normal 0 0 -1
    outer loop
      vertex 14.2562 -73.042 0
      vertex 14.6285 72.7241 0
      vertex 14.6285 -72.7241 0
    endloop
  endfacet
  facet normal 0 0 -1
    outer loop
      vertex 14.2562 -73.042 0
      vertex 14.2562 73.042 0
      vertex 14.6285 72.7241 0
    endloop
  endfacet
  facet normal 0 0 -1
    outer loop
      vertex 14.2486 -73.0486 0
      vertex 14.2562 73.042 0
      vertex 14.2562 -73.042 0
    endloop
  endfacet
  facet normal 0 0 -1
    outer loop
      vertex 14.2486 -73.0486 0
      vertex 14.2486 73.0486 0
      vertex 14.2562 73.042 0
    endloop
  endfacet
  facet normal 0 0 -1
    outer loop
      vertex 14.2421 -73.0562 0
      vertex 14.2486 73.0486 0
      vertex 14.2486 -73.0486 0
    endloop
  endfacet
  facet normal 0 0 -1
    outer loop
      vertex 14.2421 -73.0562 0
      vertex 14.2421 73.0562 0
      vertex 14.2486 73.0486 0
    endloop
  endfacet
  facet normal 0 0 -1
    outer loop
      vertex 13.9241 -73.4285 0
      vertex 14.2421 73.0562 0
      vertex 14.2421 -73.0562 0
    endloop
  endfacet
  facet normal 0 0 -1
    outer loop
      vertex 13.9241 -73.4285 0
      vertex 13.9241 73.4285 0
      vertex 14.2421 73.0562 0
    endloop
  endfacet
  facet normal 0 0 -1
    outer loop
      vertex 10 -77.8 0
      vertex 13.9241 -73.4285 0
      vertex 13.6683 -73.8459 0
    endloop
  endfacet
  facet normal -0 0 -1
    outer loop
      vertex 13.9241 -73.4285 0
      vertex 10 -77.8 0
      vertex 13.9241 73.4285 0
    endloop
  endfacet
  facet normal 0 0 -1
    outer loop
      vertex 10 -77.8 0
      vertex 13.6683 -73.8459 0
      vertex 13.663 -73.8545 0
    endloop
  endfacet
  facet normal 0 0 -1
    outer loop
      vertex 10 77.8 0
      vertex 13.9241 73.4285 0
      vertex 10 -77.8 0
    endloop
  endfacet
  facet normal 0 0 -1
    outer loop
      vertex 10 -77.8 0
      vertex 13.663 -73.8545 0
      vertex 13.6592 -73.8638 0
    endloop
  endfacet
  facet normal 0 0 -1
    outer loop
      vertex 13.9241 73.4285 0
      vertex 10 77.8 0
      vertex 13.6683 73.8459 0
    endloop
  endfacet
  facet normal 0 0 -1
    outer loop
      vertex 10 -77.8 0
      vertex 13.6592 -73.8638 0
      vertex 13.4718 -74.3161 0
    endloop
  endfacet
  facet normal 0 0 -1
    outer loop
      vertex 13.6683 73.8459 0
      vertex 10 77.8 0
      vertex 13.663 73.8545 0
    endloop
  endfacet
  facet normal 0 0 -1
    outer loop
      vertex 10 -77.8 0
      vertex 13.4718 -74.3161 0
      vertex 13.3575 -74.7921 0
    endloop
  endfacet
  facet normal 0 0 -1
    outer loop
      vertex 13.663 73.8545 0
      vertex 10 77.8 0
      vertex 13.6592 73.8638 0
    endloop
  endfacet
  facet normal 0 0 -1
    outer loop
      vertex 10 -77.8 0
      vertex 13.3575 -74.7921 0
      vertex 13.3552 -74.8019 0
    endloop
  endfacet
  facet normal 0 0 -1
    outer loop
      vertex 13.6592 73.8638 0
      vertex 10 77.8 0
      vertex 13.4718 74.3161 0
    endloop
  endfacet
  facet normal 0 0 -1
    outer loop
      vertex 10 -77.8 0
      vertex 13.3552 -74.8019 0
      vertex 13.3168 -75.29 0
    endloop
  endfacet
  facet normal 0 0 -1
    outer loop
      vertex 13.4718 74.3161 0
      vertex 10 77.8 0
      vertex 13.3575 74.7921 0
    endloop
  endfacet
  facet normal 0 0 -1
    outer loop
      vertex 10 -77.8 0
      vertex 13.3168 -75.29 0
      vertex 13.316 -75.3 0
    endloop
  endfacet
  facet normal 0 0 -1
    outer loop
      vertex 13.3575 74.7921 0
      vertex 10 77.8 0
      vertex 13.3552 74.8019 0
    endloop
  endfacet
  facet normal 0 0 -1
    outer loop
      vertex 220.642 -74.7921 0
      vertex 224 -77.8 0
      vertex 220.645 -74.8019 0
    endloop
  endfacet
  facet normal 0 0 -1
    outer loop
      vertex 224 77.8 0
      vertex 220.683 75.29 0
      vertex 220.684 75.3 0
    endloop
  endfacet
  facet normal 0 0 -1
    outer loop
      vertex 220.528 -74.3161 0
      vertex 224 -77.8 0
      vertex 220.642 -74.7921 0
    endloop
  endfacet
  facet normal 0 0 -1
    outer loop
      vertex 224 77.8 0
      vertex 220.645 74.8019 0
      vertex 220.683 75.29 0
    endloop
  endfacet
  facet normal 0 0 -1
    outer loop
      vertex 220.341 -73.8638 0
      vertex 224 -77.8 0
      vertex 220.528 -74.3161 0
    endloop
  endfacet
  facet normal 0 0 -1
    outer loop
      vertex 224 77.8 0
      vertex 220.642 74.7921 0
      vertex 220.645 74.8019 0
    endloop
  endfacet
  facet normal 0 0 -1
    outer loop
      vertex 220.337 -73.8545 0
      vertex 224 -77.8 0
      vertex 220.341 -73.8638 0
    endloop
  endfacet
  facet normal 0 0 -1
    outer loop
      vertex 224 77.8 0
      vertex 220.528 74.3161 0
      vertex 220.642 74.7921 0
    endloop
  endfacet
  facet normal 0 0 -1
    outer loop
      vertex 220.332 -73.8459 0
      vertex 224 -77.8 0
      vertex 220.337 -73.8545 0
    endloop
  endfacet
  facet normal 0 0 -1
    outer loop
      vertex 224 77.8 0
      vertex 220.341 73.8638 0
      vertex 220.528 74.3161 0
    endloop
  endfacet
  facet normal 0 0 -1
    outer loop
      vertex 220.076 -73.4285 0
      vertex 224 -77.8 0
      vertex 220.332 -73.8459 0
    endloop
  endfacet
  facet normal 0 0 -1
    outer loop
      vertex 224 77.8 0
      vertex 220.337 73.8545 0
      vertex 220.341 73.8638 0
    endloop
  endfacet
  facet normal 0 0 -1
    outer loop
      vertex 224 -77.8 0
      vertex 220.076 -73.4285 0
      vertex 224 77.8 0
    endloop
  endfacet
  facet normal 0 0 -1
    outer loop
      vertex 224 77.8 0
      vertex 220.332 73.8459 0
      vertex 220.337 73.8545 0
    endloop
  endfacet
  facet normal 0 0 -1
    outer loop
      vertex 220.076 73.4285 0
      vertex 224 77.8 0
      vertex 220.076 -73.4285 0
    endloop
  endfacet
  facet normal 0 0 -1
    outer loop
      vertex 224 77.8 0
      vertex 220.076 73.4285 0
      vertex 220.332 73.8459 0
    endloop
  endfacet
  facet normal 0 0 -1
    outer loop
      vertex 219.758 -73.0562 0
      vertex 220.076 73.4285 0
      vertex 220.076 -73.4285 0
    endloop
  endfacet
  facet normal 0 0 -1
    outer loop
      vertex 219.758 -73.0562 0
      vertex 219.758 73.0562 0
      vertex 220.076 73.4285 0
    endloop
  endfacet
  facet normal 0 0 -1
    outer loop
      vertex 219.751 -73.0486 0
      vertex 219.758 73.0562 0
      vertex 219.758 -73.0562 0
    endloop
  endfacet
  facet normal 0 0 -1
    outer loop
      vertex 219.751 -73.0486 0
      vertex 219.751 73.0486 0
      vertex 219.758 73.0562 0
    endloop
  endfacet
  facet normal 0 0 -1
    outer loop
      vertex 219.744 -73.042 0
      vertex 219.751 73.0486 0
      vertex 219.751 -73.0486 0
    endloop
  endfacet
  facet normal 0 0 -1
    outer loop
      vertex 219.744 -73.042 0
      vertex 219.744 73.042 0
      vertex 219.751 73.0486 0
    endloop
  endfacet
  facet normal 0 0 -1
    outer loop
      vertex 219.372 -72.7241 0
      vertex 219.744 73.042 0
      vertex 219.744 -73.042 0
    endloop
  endfacet
  facet normal 0 0 -1
    outer loop
      vertex 219.372 -72.7241 0
      vertex 219.372 72.7241 0
      vertex 219.744 73.042 0
    endloop
  endfacet
  facet normal 0 0 -1
    outer loop
      vertex 218.954 -72.4683 0
      vertex 219.372 72.7241 0
      vertex 219.372 -72.7241 0
    endloop
  endfacet
  facet normal 0 0 -1
    outer loop
      vertex 218.954 -72.4683 0
      vertex 218.954 72.4683 0
      vertex 219.372 72.7241 0
    endloop
  endfacet
  facet normal 0 0 -1
    outer loop
      vertex 218.946 -72.463 0
      vertex 218.954 72.4683 0
      vertex 218.954 -72.4683 0
    endloop
  endfacet
  facet normal 0 0 -1
    outer loop
      vertex 218.946 -72.463 0
      vertex 218.946 72.463 0
      vertex 218.954 72.4683 0
    endloop
  endfacet
  facet normal 0 0 -1
    outer loop
      vertex 218.493 -72.2757 0
      vertex 218.946 72.463 0
      vertex 218.946 -72.463 0
    endloop
  endfacet
  facet normal 0 0 -1
    outer loop
      vertex 218.493 -72.2757 0
      vertex 218.493 72.2757 0
      vertex 218.946 72.463 0
    endloop
  endfacet
  facet normal 0 0 -1
    outer loop
      vertex 218.484 -72.2718 0
      vertex 218.493 72.2757 0
      vertex 218.493 -72.2757 0
    endloop
  endfacet
  facet normal 0 0 -1
    outer loop
      vertex 218.484 -72.2718 0
      vertex 218.484 72.2718 0
      vertex 218.493 72.2757 0
    endloop
  endfacet
  facet normal 0 0 -1
    outer loop
      vertex 218.474 -72.2695 0
      vertex 218.484 72.2718 0
      vertex 218.484 -72.2718 0
    endloop
  endfacet
  facet normal 0 0 -1
    outer loop
      vertex 218.474 -72.2695 0
      vertex 218.474 72.2695 0
      vertex 218.484 72.2718 0
    endloop
  endfacet
  facet normal 0 0 -1
    outer loop
      vertex 217.998 -72.1552 0
      vertex 218.474 72.2695 0
      vertex 218.474 -72.2695 0
    endloop
  endfacet
  facet normal 0 0 -1
    outer loop
      vertex 217.998 -72.1552 0
      vertex 217.998 72.1552 0
      vertex 218.474 72.2695 0
    endloop
  endfacet
  facet normal 0 0 -1
    outer loop
      vertex 217.51 -72.1168 0
      vertex 217.998 72.1552 0
      vertex 217.998 -72.1552 0
    endloop
  endfacet
  facet normal 0 0 -1
    outer loop
      vertex 217.51 -72.1168 0
      vertex 217.51 72.1168 0
      vertex 217.998 72.1552 0
    endloop
  endfacet
  facet normal 0 0 -1
    outer loop
      vertex 217.5 -72.116 0
      vertex 217.51 72.1168 0
      vertex 217.51 -72.1168 0
    endloop
  endfacet
  facet normal 0 0 -1
    outer loop
      vertex 217.5 -72.116 0
      vertex 217.5 72.116 0
      vertex 217.51 72.1168 0
    endloop
  endfacet
  facet normal 0 0 -1
    outer loop
      vertex 217.49 -72.1168 0
      vertex 217.5 72.116 0
      vertex 217.5 -72.116 0
    endloop
  endfacet
  facet normal 0 0 -1
    outer loop
      vertex 217.49 -72.1168 0
      vertex 217.49 72.1168 0
      vertex 217.5 72.116 0
    endloop
  endfacet
  facet normal 0 0 -1
    outer loop
      vertex 217.002 -72.1552 0
      vertex 217.49 72.1168 0
      vertex 217.49 -72.1168 0
    endloop
  endfacet
  facet normal 0 0 -1
    outer loop
      vertex 217.002 -72.1552 0
      vertex 217.002 72.1552 0
      vertex 217.49 72.1168 0
    endloop
  endfacet
  facet normal 0 0 -1
    outer loop
      vertex 216.526 -72.2695 0
      vertex 217.002 72.1552 0
      vertex 217.002 -72.1552 0
    endloop
  endfacet
  facet normal 0 0 -1
    outer loop
      vertex 216.526 -72.2695 0
      vertex 216.526 72.2695 0
      vertex 217.002 72.1552 0
    endloop
  endfacet
  facet normal 0 0 -1
    outer loop
      vertex 216.516 -72.2718 0
      vertex 216.526 72.2695 0
      vertex 216.526 -72.2695 0
    endloop
  endfacet
  facet normal 0 0 -1
    outer loop
      vertex 216.516 -72.2718 0
      vertex 216.516 72.2718 0
      vertex 216.526 72.2695 0
    endloop
  endfacet
  facet normal 0 0 -1
    outer loop
      vertex 216.507 -72.2757 0
      vertex 216.516 72.2718 0
      vertex 216.516 -72.2718 0
    endloop
  endfacet
  facet normal 0 0 -1
    outer loop
      vertex 216.507 -72.2757 0
      vertex 216.507 72.2757 0
      vertex 216.516 72.2718 0
    endloop
  endfacet
  facet normal 0 0 -1
    outer loop
      vertex 216.054 -72.463 0
      vertex 216.507 72.2757 0
      vertex 216.507 -72.2757 0
    endloop
  endfacet
  facet normal 0 0 -1
    outer loop
      vertex 216.054 -72.463 0
      vertex 216.054 72.463 0
      vertex 216.507 72.2757 0
    endloop
  endfacet
  facet normal 0 0 -1
    outer loop
      vertex 216.046 -72.4683 0
      vertex 216.054 72.463 0
      vertex 216.054 -72.463 0
    endloop
  endfacet
  facet normal 0 0 -1
    outer loop
      vertex 216.046 -72.4683 0
      vertex 216.046 72.4683 0
      vertex 216.054 72.463 0
    endloop
  endfacet
  facet normal 0 0 -1
    outer loop
      vertex 215.628 -72.7241 0
      vertex 216.046 72.4683 0
      vertex 216.046 -72.4683 0
    endloop
  endfacet
  facet normal 0 0 -1
    outer loop
      vertex 215.628 -72.7241 0
      vertex 215.628 72.7241 0
      vertex 216.046 72.4683 0
    endloop
  endfacet
  facet normal 0 0 -1
    outer loop
      vertex 215.256 -73.042 0
      vertex 215.628 72.7241 0
      vertex 215.628 -72.7241 0
    endloop
  endfacet
  facet normal 0 0 -1
    outer loop
      vertex 215.256 -73.042 0
      vertex 215.256 73.042 0
      vertex 215.628 72.7241 0
    endloop
  endfacet
  facet normal 0 0 -1
    outer loop
      vertex 215.249 -73.0486 0
      vertex 215.256 73.042 0
      vertex 215.256 -73.042 0
    endloop
  endfacet
  facet normal 0 0 -1
    outer loop
      vertex 215.249 -73.0486 0
      vertex 215.249 73.0486 0
      vertex 215.256 73.042 0
    endloop
  endfacet
  facet normal 0 0 -1
    outer loop
      vertex 215.242 -73.0562 0
      vertex 215.249 73.0486 0
      vertex 215.249 -73.0486 0
    endloop
  endfacet
  facet normal 0 0 -1
    outer loop
      vertex 215.242 -73.0562 0
      vertex 215.242 73.0562 0
      vertex 215.249 73.0486 0
    endloop
  endfacet
  facet normal 0 0 -1
    outer loop
      vertex 214.924 -73.4285 0
      vertex 215.242 73.0562 0
      vertex 215.242 -73.0562 0
    endloop
  endfacet
  facet normal 0 0 -1
    outer loop
      vertex 214.924 -73.4285 0
      vertex 214.924 73.4285 0
      vertex 215.242 73.0562 0
    endloop
  endfacet
  facet normal 0 0 -1
    outer loop
      vertex 19.5282 -74.3161 0
      vertex 214.472 -74.3161 0
      vertex 19.6425 -74.7921 0
    endloop
  endfacet
  facet normal 0 0 -1
    outer loop
      vertex 214.472 -74.3161 0
      vertex 19.5282 -74.3161 0
      vertex 214.659 -73.8638 0
    endloop
  endfacet
  facet normal 0 0 -1
    outer loop
      vertex 19.6425 -74.7921 0
      vertex 214.472 -74.3161 0
      vertex 19.6448 -74.8019 0
    endloop
  endfacet
  facet normal -0 0 -1
    outer loop
      vertex 214.659 -73.8638 0
      vertex 19.5282 -74.3161 0
      vertex 214.663 -73.8545 0
    endloop
  endfacet
  facet normal -0 0 -1
    outer loop
      vertex 214.358 -74.7921 0
      vertex 19.6448 -74.8019 0
      vertex 214.472 -74.3161 0
    endloop
  endfacet
  facet normal 0 0 -1
    outer loop
      vertex 214.924 73.4285 0
      vertex 19.684 75.3 0
      vertex 214.668 73.8459 0
    endloop
  endfacet
  facet normal 0 0 -1
    outer loop
      vertex 214.355 -74.8019 0
      vertex 19.6448 -74.8019 0
      vertex 214.358 -74.7921 0
    endloop
  endfacet
  facet normal 0 0 -1
    outer loop
      vertex 214.668 73.8459 0
      vertex 19.684 75.3 0
      vertex 214.663 73.8545 0
    endloop
  endfacet
  facet normal 0 0 -1
    outer loop
      vertex 19.6448 -74.8019 0
      vertex 214.355 -74.8019 0
      vertex 19.6832 -75.29 0
    endloop
  endfacet
  facet normal 0 0 -1
    outer loop
      vertex 214.663 73.8545 0
      vertex 19.684 75.3 0
      vertex 214.659 73.8638 0
    endloop
  endfacet
  facet normal 0 0 -1
    outer loop
      vertex 19.6832 -75.29 0
      vertex 214.355 -74.8019 0
      vertex 19.684 -75.3 0
    endloop
  endfacet
  facet normal 0 0 -1
    outer loop
      vertex 214.659 73.8638 0
      vertex 19.684 75.3 0
      vertex 214.472 74.3161 0
    endloop
  endfacet
  facet normal 0 0 -1
    outer loop
      vertex 19.684 -75.3 0
      vertex 214.355 -74.8019 0
      vertex 214.317 -75.29 0
    endloop
  endfacet
  facet normal 0 0 -1
    outer loop
      vertex 214.472 74.3161 0
      vertex 19.684 75.3 0
      vertex 214.358 74.7921 0
    endloop
  endfacet
  facet normal 0 0 -1
    outer loop
      vertex 19.684 -75.3 0
      vertex 214.317 -75.29 0
      vertex 214.316 -75.3 0
    endloop
  endfacet
  facet normal 0 0 -1
    outer loop
      vertex 214.358 74.7921 0
      vertex 19.684 75.3 0
      vertex 214.355 74.8019 0
    endloop
  endfacet
  facet normal 0 0 -1
    outer loop
      vertex 220.332 -76.7541 0
      vertex 224 -77.8 0
      vertex 223.951 -78.4257 0
    endloop
  endfacet
  facet normal 0 0 -1
    outer loop
      vertex 220.683 -75.29 0
      vertex 224 -77.8 0
      vertex 220.684 -75.3 0
    endloop
  endfacet
  facet normal 0 0 -1
    outer loop
      vertex 220.076 -77.1715 0
      vertex 223.951 -78.4257 0
      vertex 223.804 -79.0361 0
    endloop
  endfacet
  facet normal 0 0 -1
    outer loop
      vertex 220.645 -74.8019 0
      vertex 224 -77.8 0
      vertex 220.683 -75.29 0
    endloop
  endfacet
  facet normal 0 0 -1
    outer loop
      vertex 220.076 -77.1715 0
      vertex 223.804 -79.0361 0
      vertex 223.564 -79.616 0
    endloop
  endfacet
  facet normal 0 0 -1
    outer loop
      vertex 220.683 75.31 0
      vertex 224 77.8 0
      vertex 220.684 75.3 0
    endloop
  endfacet
  facet normal 0 0 -1
    outer loop
      vertex 220.069 -77.1791 0
      vertex 223.564 -79.616 0
      vertex 223.236 -80.1511 0
    endloop
  endfacet
  facet normal 0 0 -1
    outer loop
      vertex 220.645 75.7981 0
      vertex 224 77.8 0
      vertex 220.683 75.31 0
    endloop
  endfacet
  facet normal 0 0 -1
    outer loop
      vertex 219.751 -77.5514 0
      vertex 223.236 -80.1511 0
      vertex 222.828 -80.6284 0
    endloop
  endfacet
  facet normal 0 0 -1
    outer loop
      vertex 220.642 75.8079 0
      vertex 224 77.8 0
      vertex 220.645 75.7981 0
    endloop
  endfacet
  facet normal 0 0 -1
    outer loop
      vertex 219.751 -77.5514 0
      vertex 222.828 -80.6284 0
      vertex 222.351 -81.0361 0
    endloop
  endfacet
  facet normal 0 0 -1
    outer loop
      vertex 220.528 76.2839 0
      vertex 224 77.8 0
      vertex 220.642 75.8079 0
    endloop
  endfacet
  facet normal 0 0 -1
    outer loop
      vertex 219.744 -77.558 0
      vertex 222.351 -81.0361 0
      vertex 221.816 -81.364 0
    endloop
  endfacet
  facet normal 0 0 -1
    outer loop
      vertex 220.341 76.7362 0
      vertex 224 77.8 0
      vertex 220.528 76.2839 0
    endloop
  endfacet
  facet normal 0 0 -1
    outer loop
      vertex 219.372 -77.8759 0
      vertex 221.816 -81.364 0
      vertex 221.236 -81.6042 0
    endloop
  endfacet
  facet normal 0 0 -1
    outer loop
      vertex 220.337 76.7455 0
      vertex 224 77.8 0
      vertex 220.341 76.7362 0
    endloop
  endfacet
  facet normal 0 0 -1
    outer loop
      vertex 220.332 76.7541 0
      vertex 224 77.8 0
      vertex 220.337 76.7455 0
    endloop
  endfacet
  facet normal 0 0 -1
    outer loop
      vertex 224 -77.8 0
      vertex 220.683 -75.31 0
      vertex 220.684 -75.3 0
    endloop
  endfacet
  facet normal 0 0 -1
    outer loop
      vertex 224 -77.8 0
      vertex 220.645 -75.7981 0
      vertex 220.683 -75.31 0
    endloop
  endfacet
  facet normal 0 0 -1
    outer loop
      vertex 224 -77.8 0
      vertex 220.642 -75.8079 0
      vertex 220.645 -75.7981 0
    endloop
  endfacet
  facet normal 0 0 -1
    outer loop
      vertex 219.372 -77.8759 0
      vertex 221.236 -81.6042 0
      vertex 220.626 -81.7508 0
    endloop
  endfacet
  facet normal 0 0 -1
    outer loop
      vertex 224 -77.8 0
      vertex 220.528 -76.2839 0
      vertex 220.642 -75.8079 0
    endloop
  endfacet
  facet normal 0 0 -1
    outer loop
      vertex 224 -77.8 0
      vertex 220.341 -76.7362 0
      vertex 220.528 -76.2839 0
    endloop
  endfacet
  facet normal 0 0 -1
    outer loop
      vertex 224 -77.8 0
      vertex 220.337 -76.7455 0
      vertex 220.341 -76.7362 0
    endloop
  endfacet
  facet normal 0 0 -1
    outer loop
      vertex 224 -77.8 0
      vertex 220.332 -76.7541 0
      vertex 220.337 -76.7455 0
    endloop
  endfacet
  facet normal 0 0 -1
    outer loop
      vertex 223.951 -78.4257 0
      vertex 220.076 -77.1715 0
      vertex 220.332 -76.7541 0
    endloop
  endfacet
  facet normal 0 0 -1
    outer loop
      vertex 223.564 -79.616 0
      vertex 220.069 -77.1791 0
      vertex 220.076 -77.1715 0
    endloop
  endfacet
  facet normal 0 0 -1
    outer loop
      vertex 218.954 -78.1317 0
      vertex 220.626 -81.7508 0
      vertex 220 -81.8 0
    endloop
  endfacet
  facet normal 0 0 -1
    outer loop
      vertex 223.236 -80.1511 0
      vertex 219.751 -77.5514 0
      vertex 220.069 -77.1791 0
    endloop
  endfacet
  facet normal 0 0 -1
    outer loop
      vertex 222.351 -81.0361 0
      vertex 219.744 -77.558 0
      vertex 219.751 -77.5514 0
    endloop
  endfacet
  facet normal 0 0 -1
    outer loop
      vertex 221.816 -81.364 0
      vertex 219.372 -77.8759 0
      vertex 219.744 -77.558 0
    endloop
  endfacet
  facet normal 0 0 -1
    outer loop
      vertex 220.626 -81.7508 0
      vertex 218.954 -78.1317 0
      vertex 219.372 -77.8759 0
    endloop
  endfacet
  facet normal 0 0 -1
    outer loop
      vertex 220 -81.8 0
      vertex 218.946 -78.137 0
      vertex 218.954 -78.1317 0
    endloop
  endfacet
  facet normal 0 0 -1
    outer loop
      vertex 220 -81.8 0
      vertex 218.493 -78.3243 0
      vertex 218.946 -78.137 0
    endloop
  endfacet
  facet normal 0 0 -1
    outer loop
      vertex 220 -81.8 0
      vertex 218.484 -78.3282 0
      vertex 218.493 -78.3243 0
    endloop
  endfacet
  facet normal 0 0 -1
    outer loop
      vertex 220 -81.8 0
      vertex 218.008 -78.4425 0
      vertex 218.484 -78.3282 0
    endloop
  endfacet
  facet normal 0 0 -1
    outer loop
      vertex 220 -81.8 0
      vertex 217.998 -78.4448 0
      vertex 218.008 -78.4425 0
    endloop
  endfacet
  facet normal 0 0 -1
    outer loop
      vertex 220 -81.8 0
      vertex 217.988 -78.4456 0
      vertex 217.998 -78.4448 0
    endloop
  endfacet
  facet normal 0 0 -1
    outer loop
      vertex 220 -81.8 0
      vertex 217.5 -78.484 0
      vertex 217.988 -78.4456 0
    endloop
  endfacet
  facet normal 0 0 -1
    outer loop
      vertex 220 -81.8 0
      vertex 217.012 -78.4456 0
      vertex 217.5 -78.484 0
    endloop
  endfacet
  facet normal 0 0 -1
    outer loop
      vertex 220 -81.8 0
      vertex 217.002 -78.4448 0
      vertex 217.012 -78.4456 0
    endloop
  endfacet
  facet normal 0 0 -1
    outer loop
      vertex 220 -81.8 0
      vertex 216.992 -78.4425 0
      vertex 217.002 -78.4448 0
    endloop
  endfacet
  facet normal 0 0 -1
    outer loop
      vertex 220 -81.8 0
      vertex 216.516 -78.3282 0
      vertex 216.992 -78.4425 0
    endloop
  endfacet
  facet normal 0 0 -1
    outer loop
      vertex 220 -81.8 0
      vertex 216.507 -78.3243 0
      vertex 216.516 -78.3282 0
    endloop
  endfacet
  facet normal 0 0 -1
    outer loop
      vertex 220 -81.8 0
      vertex 216.054 -78.137 0
      vertex 216.507 -78.3243 0
    endloop
  endfacet
  facet normal 0 0 -1
    outer loop
      vertex 220 -81.8 0
      vertex 216.046 -78.1317 0
      vertex 216.054 -78.137 0
    endloop
  endfacet
  facet normal 0 0 -1
    outer loop
      vertex 220 -81.8 0
      vertex 215.628 -77.8759 0
      vertex 216.046 -78.1317 0
    endloop
  endfacet
  facet normal 0 0 -1
    outer loop
      vertex 220 -81.8 0
      vertex 215.256 -77.558 0
      vertex 215.628 -77.8759 0
    endloop
  endfacet
  facet normal 0 0 1
    outer loop
      vertex 220 -81.8 0
      vertex 215.249 -77.5514 0
      vertex 215.256 -77.558 0
    endloop
  endfacet
  facet normal 0 0 -1
    outer loop
      vertex 215.249 -77.5514 0
      vertex 214.924 -77.1715 0
      vertex 214.931 -77.1791 0
    endloop
  endfacet
  facet normal 0 0 -1
    outer loop
      vertex 214.472 -76.2839 0
      vertex 214.355 -75.7981 0
      vertex 214.358 -75.8079 0
    endloop
  endfacet
  facet normal 0 0 -1
    outer loop
      vertex 214.355 -75.7981 0
      vertex 214.316 -75.3 0
      vertex 214.317 -75.31 0
    endloop
  endfacet
  facet normal 0 0 -1
    outer loop
      vertex 214.355 74.8019 0
      vertex 19.684 75.3 0
      vertex 214.317 75.29 0
    endloop
  endfacet
  facet normal 0 0 -1
    outer loop
      vertex 214.355 -75.7981 0
      vertex 19.684 -75.3 0
      vertex 214.316 -75.3 0
    endloop
  endfacet
  facet normal 0 0 -1
    outer loop
      vertex 19.6448 -75.7981 0
      vertex 214.355 -75.7981 0
      vertex 214.472 -76.2839 0
    endloop
  endfacet
  facet normal 0 0 -1
    outer loop
      vertex 19.5282 -76.2839 0
      vertex 214.472 -76.2839 0
      vertex 214.659 -76.7362 0
    endloop
  endfacet
  facet normal 0 0 -1
    outer loop
      vertex 19.5282 -76.2839 0
      vertex 214.659 -76.7362 0
      vertex 214.663 -76.7455 0
    endloop
  endfacet
  facet normal 0 0 -1
    outer loop
      vertex 19.337 -76.7455 0
      vertex 214.663 -76.7455 0
      vertex 214.668 -76.7541 0
    endloop
  endfacet
  facet normal 0 0 -1
    outer loop
      vertex 19.337 -76.7455 0
      vertex 214.668 -76.7541 0
      vertex 214.924 -77.1715 0
    endloop
  endfacet
  facet normal 0 0 -1
    outer loop
      vertex 19.0759 -77.1715 0
      vertex 214.924 -77.1715 0
      vertex 215.249 -77.5514 0
    endloop
  endfacet
  facet normal 0 0 -1
    outer loop
      vertex 18.7514 -77.5514 0
      vertex 215.249 -77.5514 0
      vertex 220 -81.8 0
    endloop
  endfacet
  facet normal 0 0 -1
    outer loop
      vertex 214.355 -75.7981 0
      vertex 19.6832 -75.31 0
      vertex 19.684 -75.3 0
    endloop
  endfacet
  facet normal 0 0 -1
    outer loop
      vertex 214.355 -75.7981 0
      vertex 19.6448 -75.7981 0
      vertex 19.6832 -75.31 0
    endloop
  endfacet
  facet normal 0 0 -1
    outer loop
      vertex 214.472 -76.2839 0
      vertex 19.6425 -75.8079 0
      vertex 19.6448 -75.7981 0
    endloop
  endfacet
  facet normal 0 0 -1
    outer loop
      vertex 214.472 -76.2839 0
      vertex 19.5282 -76.2839 0
      vertex 19.6425 -75.8079 0
    endloop
  endfacet
  facet normal 0 0 -1
    outer loop
      vertex 214.663 -76.7455 0
      vertex 19.3408 -76.7362 0
      vertex 19.5282 -76.2839 0
    endloop
  endfacet
  facet normal 0 0 -1
    outer loop
      vertex 214.663 -76.7455 0
      vertex 19.337 -76.7455 0
      vertex 19.3408 -76.7362 0
    endloop
  endfacet
  facet normal 0 0 -1
    outer loop
      vertex 214.924 -77.1715 0
      vertex 19.3317 -76.7541 0
      vertex 19.337 -76.7455 0
    endloop
  endfacet
  facet normal 0 0 -1
    outer loop
      vertex 214.924 -77.1715 0
      vertex 19.0759 -77.1715 0
      vertex 19.3317 -76.7541 0
    endloop
  endfacet
  facet normal 0 0 -1
    outer loop
      vertex 215.249 -77.5514 0
      vertex 19.0694 -77.1791 0
      vertex 19.0759 -77.1715 0
    endloop
  endfacet
  facet normal 0 0 -1
    outer loop
      vertex 215.249 -77.5514 0
      vertex 18.7514 -77.5514 0
      vertex 19.0694 -77.1791 0
    endloop
  endfacet
  facet normal 0 0 -1
    outer loop
      vertex 220 -81.8 0
      vertex 18.7438 -77.558 0
      vertex 18.7514 -77.5514 0
    endloop
  endfacet
  facet normal 0 0 -1
    outer loop
      vertex 220 -81.8 0
      vertex 18.3715 -77.8759 0
      vertex 18.7438 -77.558 0
    endloop
  endfacet
  facet normal 0 0 -1
    outer loop
      vertex 14 -81.8 0
      vertex 18.3715 -77.8759 0
      vertex 220 -81.8 0
    endloop
  endfacet
  facet normal 0 0 -1
    outer loop
      vertex 18.3715 -77.8759 0
      vertex 14 -81.8 0
      vertex 17.9541 -78.1317 0
    endloop
  endfacet
  facet normal 0 0 -1
    outer loop
      vertex 17.9541 -78.1317 0
      vertex 14 -81.8 0
      vertex 17.9455 -78.137 0
    endloop
  endfacet
  facet normal 0 0 -1
    outer loop
      vertex 17.9455 -78.137 0
      vertex 14 -81.8 0
      vertex 17.4932 -78.3243 0
    endloop
  endfacet
  facet normal 0 0 -1
    outer loop
      vertex 17.4932 -78.3243 0
      vertex 14 -81.8 0
      vertex 17.4839 -78.3282 0
    endloop
  endfacet
  facet normal 0 0 -1
    outer loop
      vertex 17.4839 -78.3282 0
      vertex 14 -81.8 0
      vertex 17.0079 -78.4425 0
    endloop
  endfacet
  facet normal 0 0 -1
    outer loop
      vertex 17.0079 -78.4425 0
      vertex 14 -81.8 0
      vertex 16.9981 -78.4448 0
    endloop
  endfacet
  facet normal 0 0 -1
    outer loop
      vertex 16.9981 -78.4448 0
      vertex 14 -81.8 0
      vertex 16.9881 -78.4456 0
    endloop
  endfacet
  facet normal 0 0 -1
    outer loop
      vertex 14 -81.8 0
      vertex 16.0119 -78.4456 0
      vertex 16.5 -78.484 0
    endloop
  endfacet
  facet normal 0 0 -1
    outer loop
      vertex 14 -81.8 0
      vertex 15.5068 -78.3243 0
      vertex 15.5161 -78.3282 0
    endloop
  endfacet
  facet normal 0 0 -1
    outer loop
      vertex 14 -81.8 0
      vertex 15.0459 -78.1317 0
      vertex 15.0545 -78.137 0
    endloop
  endfacet
  facet normal 0 0 -1
    outer loop
      vertex 16.9881 -78.4456 0
      vertex 14 -81.8 0
      vertex 16.5 -78.484 0
    endloop
  endfacet
  facet normal -0 0 -1
    outer loop
      vertex 16.0119 -78.4456 0
      vertex 14 -81.8 0
      vertex 16.0019 -78.4448 0
    endloop
  endfacet
  facet normal 0 0 -1
    outer loop
      vertex 14 -81.8 0
      vertex 15.9921 -78.4425 0
      vertex 16.0019 -78.4448 0
    endloop
  endfacet
  facet normal 0 0 -1
    outer loop
      vertex 14 -81.8 0
      vertex 15.5161 -78.3282 0
      vertex 15.9921 -78.4425 0
    endloop
  endfacet
  facet normal -0 0 -1
    outer loop
      vertex 15.5068 -78.3243 0
      vertex 14 -81.8 0
      vertex 15.0545 -78.137 0
    endloop
  endfacet
  facet normal 0 0 -1
    outer loop
      vertex 15.0459 -78.1317 0
      vertex 14 -81.8 0
      vertex 13.3743 -81.7508 0
    endloop
  endfacet
  facet normal -0 0 -1
    outer loop
      vertex 15.0459 -78.1317 0
      vertex 13.3743 -81.7508 0
      vertex 14.6285 -77.8759 0
    endloop
  endfacet
  facet normal 0 0 -1
    outer loop
      vertex 12.7639 -81.6042 0
      vertex 14.6285 -77.8759 0
      vertex 13.3743 -81.7508 0
    endloop
  endfacet
  facet normal 0 0 -1
    outer loop
      vertex 12.184 -81.364 0
      vertex 14.6285 -77.8759 0
      vertex 12.7639 -81.6042 0
    endloop
  endfacet
  facet normal -0 0 -1
    outer loop
      vertex 14.6285 -77.8759 0
      vertex 12.184 -81.364 0
      vertex 14.2562 -77.558 0
    endloop
  endfacet
  facet normal 0 0 -1
    outer loop
      vertex 11.6489 -81.0361 0
      vertex 14.2562 -77.558 0
      vertex 12.184 -81.364 0
    endloop
  endfacet
  facet normal -0 0 -1
    outer loop
      vertex 14.2562 -77.558 0
      vertex 11.6489 -81.0361 0
      vertex 14.2486 -77.5514 0
    endloop
  endfacet
  facet normal 0 0 -1
    outer loop
      vertex 11.1716 -80.6284 0
      vertex 14.2486 -77.5514 0
      vertex 11.6489 -81.0361 0
    endloop
  endfacet
  facet normal 0 0 -1
    outer loop
      vertex 10.7639 -80.1511 0
      vertex 14.2486 -77.5514 0
      vertex 11.1716 -80.6284 0
    endloop
  endfacet
  facet normal -0 0 -1
    outer loop
      vertex 14.2486 -77.5514 0
      vertex 10.7639 -80.1511 0
      vertex 13.9306 -77.1791 0
    endloop
  endfacet
  facet normal 0 0 -1
    outer loop
      vertex 10.436 -79.616 0
      vertex 13.9306 -77.1791 0
      vertex 10.7639 -80.1511 0
    endloop
  endfacet
  facet normal -0 0 -1
    outer loop
      vertex 13.9306 -77.1791 0
      vertex 10.436 -79.616 0
      vertex 13.9241 -77.1715 0
    endloop
  endfacet
  facet normal 0 0 -1
    outer loop
      vertex 10.1958 -79.0361 0
      vertex 13.9241 -77.1715 0
      vertex 10.436 -79.616 0
    endloop
  endfacet
  facet normal 0 0 -1
    outer loop
      vertex 10.0492 -78.4257 0
      vertex 13.9241 -77.1715 0
      vertex 10.1958 -79.0361 0
    endloop
  endfacet
  facet normal 0 0 -1
    outer loop
      vertex 10 -77.8 0
      vertex 13.6683 -76.7541 0
      vertex 10.0492 -78.4257 0
    endloop
  endfacet
  facet normal -0 0 -1
    outer loop
      vertex 13.9241 -77.1715 0
      vertex 10.0492 -78.4257 0
      vertex 13.6683 -76.7541 0
    endloop
  endfacet
  facet normal -0 0 -1
    outer loop
      vertex 224 77.8 0
      vertex 220.332 76.7541 0
      vertex 223.951 78.4257 0
    endloop
  endfacet
  facet normal 0 0 -1
    outer loop
      vertex 220.076 77.1715 0
      vertex 223.951 78.4257 0
      vertex 220.332 76.7541 0
    endloop
  endfacet
  facet normal -0 0 -1
    outer loop
      vertex 223.951 78.4257 0
      vertex 220.076 77.1715 0
      vertex 223.804 79.0361 0
    endloop
  endfacet
  facet normal -0 0 -1
    outer loop
      vertex 223.804 79.0361 0
      vertex 220.076 77.1715 0
      vertex 223.564 79.616 0
    endloop
  endfacet
  facet normal 0 0 -1
    outer loop
      vertex 220.069 77.1791 0
      vertex 223.564 79.616 0
      vertex 220.076 77.1715 0
    endloop
  endfacet
  facet normal -0 0 -1
    outer loop
      vertex 223.564 79.616 0
      vertex 220.069 77.1791 0
      vertex 223.236 80.1511 0
    endloop
  endfacet
  facet normal 0 0 -1
    outer loop
      vertex 219.751 77.5514 0
      vertex 223.236 80.1511 0
      vertex 220.069 77.1791 0
    endloop
  endfacet
  facet normal -0 0 -1
    outer loop
      vertex 223.236 80.1511 0
      vertex 219.751 77.5514 0
      vertex 222.828 80.6284 0
    endloop
  endfacet
  facet normal -0 0 -1
    outer loop
      vertex 222.828 80.6284 0
      vertex 219.751 77.5514 0
      vertex 222.351 81.0361 0
    endloop
  endfacet
  facet normal 0 0 -1
    outer loop
      vertex 219.744 77.558 0
      vertex 222.351 81.0361 0
      vertex 219.751 77.5514 0
    endloop
  endfacet
  facet normal -0 0 -1
    outer loop
      vertex 222.351 81.0361 0
      vertex 219.744 77.558 0
      vertex 221.816 81.364 0
    endloop
  endfacet
  facet normal 0 0 -1
    outer loop
      vertex 219.372 77.8759 0
      vertex 221.816 81.364 0
      vertex 219.744 77.558 0
    endloop
  endfacet
  facet normal -0 0 -1
    outer loop
      vertex 221.816 81.364 0
      vertex 219.372 77.8759 0
      vertex 221.236 81.6042 0
    endloop
  endfacet
  facet normal -0 0 -1
    outer loop
      vertex 221.236 81.6042 0
      vertex 219.372 77.8759 0
      vertex 220.626 81.7508 0
    endloop
  endfacet
  facet normal 0 0 -1
    outer loop
      vertex 218.954 78.1317 0
      vertex 220.626 81.7508 0
      vertex 219.372 77.8759 0
    endloop
  endfacet
  facet normal -0 0 -1
    outer loop
      vertex 220.626 81.7508 0
      vertex 218.954 78.1317 0
      vertex 220 81.8 0
    endloop
  endfacet
  facet normal 0 0 -1
    outer loop
      vertex 218.946 78.137 0
      vertex 220 81.8 0
      vertex 218.954 78.1317 0
    endloop
  endfacet
  facet normal 0 0 -1
    outer loop
      vertex 218.493 78.3243 0
      vertex 220 81.8 0
      vertex 218.946 78.137 0
    endloop
  endfacet
  facet normal 0 0 -1
    outer loop
      vertex 218.484 78.3282 0
      vertex 220 81.8 0
      vertex 218.493 78.3243 0
    endloop
  endfacet
  facet normal 0 0 -1
    outer loop
      vertex 218.008 78.4425 0
      vertex 220 81.8 0
      vertex 218.484 78.3282 0
    endloop
  endfacet
  facet normal 0 0 -1
    outer loop
      vertex 217.998 78.4448 0
      vertex 220 81.8 0
      vertex 218.008 78.4425 0
    endloop
  endfacet
  facet normal 0 0 -1
    outer loop
      vertex 217.988 78.4456 0
      vertex 220 81.8 0
      vertex 217.998 78.4448 0
    endloop
  endfacet
  facet normal 0 0 -1
    outer loop
      vertex 217.5 78.484 0
      vertex 220 81.8 0
      vertex 217.988 78.4456 0
    endloop
  endfacet
  facet normal 0 0 -1
    outer loop
      vertex 217.012 78.4456 0
      vertex 220 81.8 0
      vertex 217.5 78.484 0
    endloop
  endfacet
  facet normal 0 0 -1
    outer loop
      vertex 217.002 78.4448 0
      vertex 220 81.8 0
      vertex 217.012 78.4456 0
    endloop
  endfacet
  facet normal 0 0 -1
    outer loop
      vertex 216.992 78.4425 0
      vertex 220 81.8 0
      vertex 217.002 78.4448 0
    endloop
  endfacet
  facet normal 0 0 -1
    outer loop
      vertex 216.516 78.3282 0
      vertex 220 81.8 0
      vertex 216.992 78.4425 0
    endloop
  endfacet
  facet normal 0 0 -1
    outer loop
      vertex 216.507 78.3243 0
      vertex 220 81.8 0
      vertex 216.516 78.3282 0
    endloop
  endfacet
  facet normal 0 0 -1
    outer loop
      vertex 216.054 78.137 0
      vertex 220 81.8 0
      vertex 216.507 78.3243 0
    endloop
  endfacet
  facet normal 0 0 -1
    outer loop
      vertex 216.046 78.1317 0
      vertex 220 81.8 0
      vertex 216.054 78.137 0
    endloop
  endfacet
  facet normal 0 0 -1
    outer loop
      vertex 215.628 77.8759 0
      vertex 220 81.8 0
      vertex 216.046 78.1317 0
    endloop
  endfacet
  facet normal 0 0 -1
    outer loop
      vertex 215.256 77.558 0
      vertex 220 81.8 0
      vertex 215.628 77.8759 0
    endloop
  endfacet
  facet normal 0 0 1
    outer loop
      vertex 215.249 77.5514 0
      vertex 220 81.8 0
      vertex 215.256 77.558 0
    endloop
  endfacet
  facet normal 0 0 -1
    outer loop
      vertex 214.924 77.1715 0
      vertex 215.249 77.5514 0
      vertex 214.931 77.1791 0
    endloop
  endfacet
  facet normal 0 0 -1
    outer loop
      vertex 214.355 75.7981 0
      vertex 214.472 76.2839 0
      vertex 214.358 75.8079 0
    endloop
  endfacet
  facet normal 0 0 -1
    outer loop
      vertex 214.316 75.3 0
      vertex 214.355 75.7981 0
      vertex 214.317 75.31 0
    endloop
  endfacet
  facet normal 0 0 -1
    outer loop
      vertex 214.317 75.29 0
      vertex 19.684 75.3 0
      vertex 214.316 75.3 0
    endloop
  endfacet
  facet normal 0 0 -1
    outer loop
      vertex 214.316 75.3 0
      vertex 19.684 75.3 0
      vertex 214.355 75.7981 0
    endloop
  endfacet
  facet normal 0 0 -1
    outer loop
      vertex 19.6832 75.31 0
      vertex 214.355 75.7981 0
      vertex 19.684 75.3 0
    endloop
  endfacet
  facet normal 0 0 -1
    outer loop
      vertex 19.6448 75.7981 0
      vertex 214.355 75.7981 0
      vertex 19.6832 75.31 0
    endloop
  endfacet
  facet normal 0 0 -1
    outer loop
      vertex 214.355 75.7981 0
      vertex 19.6448 75.7981 0
      vertex 214.472 76.2839 0
    endloop
  endfacet
  facet normal 0 0 -1
    outer loop
      vertex 19.6425 75.8079 0
      vertex 214.472 76.2839 0
      vertex 19.6448 75.7981 0
    endloop
  endfacet
  facet normal 0 0 -1
    outer loop
      vertex 19.5282 76.2839 0
      vertex 214.472 76.2839 0
      vertex 19.6425 75.8079 0
    endloop
  endfacet
  facet normal 0 0 -1
    outer loop
      vertex 214.472 76.2839 0
      vertex 19.5282 76.2839 0
      vertex 214.659 76.7362 0
    endloop
  endfacet
  facet normal -0 0 -1
    outer loop
      vertex 214.659 76.7362 0
      vertex 19.5282 76.2839 0
      vertex 214.663 76.7455 0
    endloop
  endfacet
  facet normal 0 0 -1
    outer loop
      vertex 19.3408 76.7362 0
      vertex 214.663 76.7455 0
      vertex 19.5282 76.2839 0
    endloop
  endfacet
  facet normal 0 0 -1
    outer loop
      vertex 19.337 76.7455 0
      vertex 214.663 76.7455 0
      vertex 19.3408 76.7362 0
    endloop
  endfacet
  facet normal 0 0 -1
    outer loop
      vertex 214.663 76.7455 0
      vertex 19.337 76.7455 0
      vertex 214.668 76.7541 0
    endloop
  endfacet
  facet normal -0 0 -1
    outer loop
      vertex 214.668 76.7541 0
      vertex 19.337 76.7455 0
      vertex 214.924 77.1715 0
    endloop
  endfacet
  facet normal 0 0 -1
    outer loop
      vertex 19.3317 76.7541 0
      vertex 214.924 77.1715 0
      vertex 19.337 76.7455 0
    endloop
  endfacet
  facet normal 0 0 -1
    outer loop
      vertex 19.0759 77.1715 0
      vertex 214.924 77.1715 0
      vertex 19.3317 76.7541 0
    endloop
  endfacet
  facet normal 0 0 -1
    outer loop
      vertex 214.924 77.1715 0
      vertex 19.0759 77.1715 0
      vertex 215.249 77.5514 0
    endloop
  endfacet
  facet normal 0 0 -1
    outer loop
      vertex 19.0694 77.1791 0
      vertex 215.249 77.5514 0
      vertex 19.0759 77.1715 0
    endloop
  endfacet
  facet normal 0 0 -1
    outer loop
      vertex 18.7514 77.5514 0
      vertex 215.249 77.5514 0
      vertex 19.0694 77.1791 0
    endloop
  endfacet
  facet normal 0 0 -1
    outer loop
      vertex 215.249 77.5514 0
      vertex 18.7514 77.5514 0
      vertex 220 81.8 0
    endloop
  endfacet
  facet normal 0 0 -1
    outer loop
      vertex 18.7438 77.558 0
      vertex 220 81.8 0
      vertex 18.7514 77.5514 0
    endloop
  endfacet
  facet normal 0 0 -1
    outer loop
      vertex 18.3715 77.8759 0
      vertex 220 81.8 0
      vertex 18.7438 77.558 0
    endloop
  endfacet
  facet normal 0 0 -1
    outer loop
      vertex 14 81.8 0
      vertex 18.3715 77.8759 0
      vertex 17.9541 78.1317 0
    endloop
  endfacet
  facet normal 0 0 -1
    outer loop
      vertex 14 81.8 0
      vertex 17.9541 78.1317 0
      vertex 17.9455 78.137 0
    endloop
  endfacet
  facet normal 0 0 -1
    outer loop
      vertex 14 81.8 0
      vertex 17.9455 78.137 0
      vertex 17.4932 78.3243 0
    endloop
  endfacet
  facet normal 0 0 -1
    outer loop
      vertex 14 81.8 0
      vertex 17.4932 78.3243 0
      vertex 17.4839 78.3282 0
    endloop
  endfacet
  facet normal 0 0 -1
    outer loop
      vertex 14 81.8 0
      vertex 17.4839 78.3282 0
      vertex 17.0079 78.4425 0
    endloop
  endfacet
  facet normal 0 0 -1
    outer loop
      vertex 14 81.8 0
      vertex 17.0079 78.4425 0
      vertex 16.9981 78.4448 0
    endloop
  endfacet
  facet normal 0 0 -1
    outer loop
      vertex 14 81.8 0
      vertex 16.9981 78.4448 0
      vertex 16.9881 78.4456 0
    endloop
  endfacet
  facet normal 0 0 -1
    outer loop
      vertex 14 81.8 0
      vertex 16.9881 78.4456 0
      vertex 16.5 78.484 0
    endloop
  endfacet
  facet normal 0 0 -1
    outer loop
      vertex 14 81.8 0
      vertex 16.0119 78.4456 0
      vertex 16.0019 78.4448 0
    endloop
  endfacet
  facet normal 0 0 -1
    outer loop
      vertex 14 81.8 0
      vertex 15.5068 78.3243 0
      vertex 15.0545 78.137 0
    endloop
  endfacet
  facet normal 0 0 -1
    outer loop
      vertex 13.3743 81.7508 0
      vertex 15.0459 78.1317 0
      vertex 14.6285 77.8759 0
    endloop
  endfacet
  facet normal 0 0 -1
    outer loop
      vertex 18.3715 77.8759 0
      vertex 14 81.8 0
      vertex 220 81.8 0
    endloop
  endfacet
  facet normal 0 0 -1
    outer loop
      vertex 16.0119 78.4456 0
      vertex 14 81.8 0
      vertex 16.5 78.484 0
    endloop
  endfacet
  facet normal 0 0 -1
    outer loop
      vertex 15.9921 78.4425 0
      vertex 14 81.8 0
      vertex 16.0019 78.4448 0
    endloop
  endfacet
  facet normal 0 0 -1
    outer loop
      vertex 15.5161 78.3282 0
      vertex 14 81.8 0
      vertex 15.9921 78.4425 0
    endloop
  endfacet
  facet normal 0 0 -1
    outer loop
      vertex 15.5068 78.3243 0
      vertex 14 81.8 0
      vertex 15.5161 78.3282 0
    endloop
  endfacet
  facet normal 0 -0 -1
    outer loop
      vertex 14 81.8 0
      vertex 15.0459 78.1317 0
      vertex 13.3743 81.7508 0
    endloop
  endfacet
  facet normal 0 0 -1
    outer loop
      vertex 12.184 81.364 0
      vertex 14.6285 77.8759 0
      vertex 14.2562 77.558 0
    endloop
  endfacet
  facet normal 0 0 -1
    outer loop
      vertex 11.6489 81.0361 0
      vertex 14.2562 77.558 0
      vertex 14.2486 77.5514 0
    endloop
  endfacet
  facet normal 0 0 -1
    outer loop
      vertex 10.7639 80.1511 0
      vertex 14.2486 77.5514 0
      vertex 13.9306 77.1791 0
    endloop
  endfacet
  facet normal 0 0 -1
    outer loop
      vertex 10.436 79.616 0
      vertex 13.9306 77.1791 0
      vertex 13.9241 77.1715 0
    endloop
  endfacet
  facet normal 0 0 -1
    outer loop
      vertex 10.0492 78.4257 0
      vertex 13.9241 77.1715 0
      vertex 13.6683 76.7541 0
    endloop
  endfacet
  facet normal 0 0 -1
    outer loop
      vertex 10 77.8 0
      vertex 13.6683 76.7541 0
      vertex 13.663 76.7455 0
    endloop
  endfacet
  facet normal 0 0 -1
    outer loop
      vertex 10 77.8 0
      vertex 13.663 76.7455 0
      vertex 13.6592 76.7362 0
    endloop
  endfacet
  facet normal 0 0 -1
    outer loop
      vertex 10 77.8 0
      vertex 13.6592 76.7362 0
      vertex 13.4718 76.2839 0
    endloop
  endfacet
  facet normal 0 0 -1
    outer loop
      vertex 15.0459 78.1317 0
      vertex 14 81.8 0
      vertex 15.0545 78.137 0
    endloop
  endfacet
  facet normal 0 0 -1
    outer loop
      vertex 10 77.8 0
      vertex 13.4718 76.2839 0
      vertex 13.3575 75.8079 0
    endloop
  endfacet
  facet normal 0 0 -1
    outer loop
      vertex 10 77.8 0
      vertex 13.3575 75.8079 0
      vertex 13.3552 75.7981 0
    endloop
  endfacet
  facet normal 0 0 -1
    outer loop
      vertex 10 77.8 0
      vertex 13.3552 75.7981 0
      vertex 13.3168 75.31 0
    endloop
  endfacet
  facet normal 0 0 -1
    outer loop
      vertex 10 77.8 0
      vertex 13.3168 75.31 0
      vertex 13.316 75.3 0
    endloop
  endfacet
  facet normal 0 0 -1
    outer loop
      vertex 14.6285 77.8759 0
      vertex 12.7639 81.6042 0
      vertex 13.3743 81.7508 0
    endloop
  endfacet
  facet normal 0 0 -1
    outer loop
      vertex 13.3552 74.8019 0
      vertex 10 77.8 0
      vertex 13.3168 75.29 0
    endloop
  endfacet
  facet normal -0 0 -1
    outer loop
      vertex 13.6683 -76.7541 0
      vertex 10 -77.8 0
      vertex 13.663 -76.7455 0
    endloop
  endfacet
  facet normal 0 0 -1
    outer loop
      vertex 13.3168 75.29 0
      vertex 10 77.8 0
      vertex 13.316 75.3 0
    endloop
  endfacet
  facet normal -0 0 -1
    outer loop
      vertex 13.663 -76.7455 0
      vertex 10 -77.8 0
      vertex 13.6592 -76.7362 0
    endloop
  endfacet
  facet normal 0 0 -1
    outer loop
      vertex 13.6683 76.7541 0
      vertex 10 77.8 0
      vertex 10.0492 78.4257 0
    endloop
  endfacet
  facet normal -0 0 -1
    outer loop
      vertex 13.6592 -76.7362 0
      vertex 10 -77.8 0
      vertex 13.4718 -76.2839 0
    endloop
  endfacet
  facet normal 0 0 -1
    outer loop
      vertex 14.6285 77.8759 0
      vertex 12.184 81.364 0
      vertex 12.7639 81.6042 0
    endloop
  endfacet
  facet normal -0 0 -1
    outer loop
      vertex 13.4718 -76.2839 0
      vertex 10 -77.8 0
      vertex 13.3575 -75.8079 0
    endloop
  endfacet
  facet normal 0 0 -1
    outer loop
      vertex 14.2562 77.558 0
      vertex 11.6489 81.0361 0
      vertex 12.184 81.364 0
    endloop
  endfacet
  facet normal -0 0 -1
    outer loop
      vertex 13.3575 -75.8079 0
      vertex 10 -77.8 0
      vertex 13.3552 -75.7981 0
    endloop
  endfacet
  facet normal 0 0 -1
    outer loop
      vertex 14.2486 77.5514 0
      vertex 11.1716 80.6284 0
      vertex 11.6489 81.0361 0
    endloop
  endfacet
  facet normal -0 0 -1
    outer loop
      vertex 13.3552 -75.7981 0
      vertex 10 -77.8 0
      vertex 13.3168 -75.31 0
    endloop
  endfacet
  facet normal 0 0 -1
    outer loop
      vertex 14.2486 77.5514 0
      vertex 10.7639 80.1511 0
      vertex 11.1716 80.6284 0
    endloop
  endfacet
  facet normal -0 0 -1
    outer loop
      vertex 13.3168 -75.31 0
      vertex 10 -77.8 0
      vertex 13.316 -75.3 0
    endloop
  endfacet
  facet normal 0 0 -1
    outer loop
      vertex 13.9306 77.1791 0
      vertex 10.436 79.616 0
      vertex 10.7639 80.1511 0
    endloop
  endfacet
  facet normal 0 0 -1
    outer loop
      vertex 13.9241 77.1715 0
      vertex 10.1958 79.0361 0
      vertex 10.436 79.616 0
    endloop
  endfacet
  facet normal 0 0 -1
    outer loop
      vertex 13.9241 77.1715 0
      vertex 10.0492 78.4257 0
      vertex 10.1958 79.0361 0
    endloop
  endfacet
  facet normal -0.760369 -0.649492 0
    outer loop
      vertex 11.1716 -80.6284 0
      vertex 10.7639 -80.1511 26
      vertex 10.7639 -80.1511 0
    endloop
  endfacet
  facet normal -0.760369 -0.649492 0
    outer loop
      vertex 10.7639 -80.1511 26
      vertex 11.1716 -80.6284 0
      vertex 11.1716 -80.6284 26
    endloop
  endfacet
  facet normal -0.996923 0.07839 0
    outer loop
      vertex 10 77.8 0
      vertex 10.0492 78.4257 26
      vertex 10.0492 78.4257 0
    endloop
  endfacet
  facet normal -0.996923 0.07839 0
    outer loop
      vertex 10.0492 78.4257 26
      vertex 10 77.8 0
      vertex 10 77.8 26
    endloop
  endfacet
  facet normal -0.760369 0.649492 0
    outer loop
      vertex 10.7639 80.1511 0
      vertex 11.1716 80.6284 26
      vertex 11.1716 80.6284 0
    endloop
  endfacet
  facet normal -0.760369 0.649492 0
    outer loop
      vertex 11.1716 80.6284 26
      vertex 10.7639 80.1511 0
      vertex 10.7639 80.1511 26
    endloop
  endfacet
  facet normal -0.649492 0.760369 0
    outer loop
      vertex 11.6489 81.0361 0
      vertex 11.1716 80.6284 26
      vertex 11.6489 81.0361 26
    endloop
  endfacet
  facet normal -0.649492 0.760369 0
    outer loop
      vertex 11.1716 80.6284 26
      vertex 11.6489 81.0361 0
      vertex 11.1716 80.6284 0
    endloop
  endfacet
  facet normal -0.07839 0.996923 0
    outer loop
      vertex 14 81.8 0
      vertex 13.3743 81.7508 26
      vertex 14 81.8 26
    endloop
  endfacet
  facet normal -0.07839 0.996923 0
    outer loop
      vertex 13.3743 81.7508 26
      vertex 14 81.8 0
      vertex 13.3743 81.7508 0
    endloop
  endfacet
  facet normal 0.972205 0.234132 0
    outer loop
      vertex 223.951 78.4257 26
      vertex 223.804 79.0361 0
      vertex 223.804 79.0361 26
    endloop
  endfacet
  facet normal 0.972205 0.234132 0
    outer loop
      vertex 223.804 79.0361 0
      vertex 223.951 78.4257 26
      vertex 223.951 78.4257 0
    endloop
  endfacet
  facet normal -0.38268 -0.923881 0
    outer loop
      vertex 12.184 -81.364 0
      vertex 12.7639 -81.6042 26
      vertex 12.184 -81.364 26
    endloop
  endfacet
  facet normal -0.38268 -0.923881 -0
    outer loop
      vertex 12.7639 -81.6042 26
      vertex 12.184 -81.364 0
      vertex 12.7639 -81.6042 0
    endloop
  endfacet
  facet normal -0.522487 -0.852647 0
    outer loop
      vertex 11.6489 -81.0361 0
      vertex 12.184 -81.364 26
      vertex 11.6489 -81.0361 26
    endloop
  endfacet
  facet normal -0.522487 -0.852647 -0
    outer loop
      vertex 12.184 -81.364 26
      vertex 11.6489 -81.0361 0
      vertex 12.184 -81.364 0
    endloop
  endfacet
  facet normal -0.97235 -0.23353 0
    outer loop
      vertex 10.1958 -79.0361 0
      vertex 10.0492 -78.4257 26
      vertex 10.0492 -78.4257 0
    endloop
  endfacet
  facet normal -0.97235 -0.23353 0
    outer loop
      vertex 10.0492 -78.4257 26
      vertex 10.1958 -79.0361 0
      vertex 10.1958 -79.0361 26
    endloop
  endfacet
  facet normal -0.923881 -0.38268 0
    outer loop
      vertex 10.436 -79.616 0
      vertex 10.1958 -79.0361 26
      vertex 10.1958 -79.0361 0
    endloop
  endfacet
  facet normal -0.923881 -0.38268 0
    outer loop
      vertex 10.1958 -79.0361 26
      vertex 10.436 -79.616 0
      vertex 10.436 -79.616 26
    endloop
  endfacet
  facet normal -0.97235 0.23353 0
    outer loop
      vertex 10.0492 78.4257 0
      vertex 10.1958 79.0361 26
      vertex 10.1958 79.0361 0
    endloop
  endfacet
  facet normal -0.97235 0.23353 0
    outer loop
      vertex 10.1958 79.0361 26
      vertex 10.0492 78.4257 0
      vertex 10.0492 78.4257 26
    endloop
  endfacet
  facet normal -0.852647 0.522487 0
    outer loop
      vertex 10.436 79.616 0
      vertex 10.7639 80.1511 26
      vertex 10.7639 80.1511 0
    endloop
  endfacet
  facet normal -0.852647 0.522487 0
    outer loop
      vertex 10.7639 80.1511 26
      vertex 10.436 79.616 0
      vertex 10.436 79.616 26
    endloop
  endfacet
  facet normal -0.522487 0.852647 0
    outer loop
      vertex 12.184 81.364 0
      vertex 11.6489 81.0361 26
      vertex 12.184 81.364 26
    endloop
  endfacet
  facet normal -0.522487 0.852647 0
    outer loop
      vertex 11.6489 81.0361 26
      vertex 12.184 81.364 0
      vertex 11.6489 81.0361 0
    endloop
  endfacet
  facet normal -0.23353 0.97235 0
    outer loop
      vertex 13.3743 81.7508 0
      vertex 12.7639 81.6042 26
      vertex 13.3743 81.7508 26
    endloop
  endfacet
  facet normal -0.23353 0.97235 0
    outer loop
      vertex 12.7639 81.6042 26
      vertex 13.3743 81.7508 0
      vertex 12.7639 81.6042 0
    endloop
  endfacet
  facet normal 0.996948 0.0780733 0
    outer loop
      vertex 224 77.8 26
      vertex 223.951 78.4257 0
      vertex 223.951 78.4257 26
    endloop
  endfacet
  facet normal 0.996948 0.0780733 0
    outer loop
      vertex 223.951 78.4257 0
      vertex 224 77.8 26
      vertex 224 77.8 0
    endloop
  endfacet
  facet normal 0.760133 0.649768 0
    outer loop
      vertex 223.236 80.1511 26
      vertex 222.828 80.6284 0
      vertex 222.828 80.6284 26
    endloop
  endfacet
  facet normal 0.760133 0.649768 0
    outer loop
      vertex 222.828 80.6284 0
      vertex 223.236 80.1511 26
      vertex 223.236 80.1511 0
    endloop
  endfacet
  facet normal 0.0783526 0.996926 -0
    outer loop
      vertex 220.626 81.7508 0
      vertex 220 81.8 26
      vertex 220.626 81.7508 26
    endloop
  endfacet
  facet normal 0.0783526 0.996926 0
    outer loop
      vertex 220 81.8 26
      vertex 220.626 81.7508 0
      vertex 220 81.8 0
    endloop
  endfacet
  facet normal 0.382624 -0.923904 0
    outer loop
      vertex 221.236 -81.6042 0
      vertex 221.816 -81.364 26
      vertex 221.236 -81.6042 26
    endloop
  endfacet
  facet normal 0.382624 -0.923904 0
    outer loop
      vertex 221.816 -81.364 26
      vertex 221.236 -81.6042 0
      vertex 221.816 -81.364 0
    endloop
  endfacet
  facet normal 0.649728 -0.760167 0
    outer loop
      vertex 222.351 -81.0361 0
      vertex 222.828 -80.6284 26
      vertex 222.351 -81.0361 26
    endloop
  endfacet
  facet normal 0.649728 -0.760167 0
    outer loop
      vertex 222.828 -80.6284 26
      vertex 222.351 -81.0361 0
      vertex 222.828 -80.6284 0
    endloop
  endfacet
  facet normal 1 -0 0
    outer loop
      vertex 224 -77.8 26
      vertex 224 77.8 0
      vertex 224 77.8 26
    endloop
  endfacet
  facet normal 1 0 0
    outer loop
      vertex 224 77.8 0
      vertex 224 -77.8 26
      vertex 224 -77.8 0
    endloop
  endfacet
  facet normal 0.923994 -0.382408 0
    outer loop
      vertex 223.564 -79.616 26
      vertex 223.804 -79.0361 0
      vertex 223.804 -79.0361 26
    endloop
  endfacet
  facet normal 0.923994 -0.382408 0
    outer loop
      vertex 223.804 -79.0361 0
      vertex 223.564 -79.616 26
      vertex 223.564 -79.616 0
    endloop
  endfacet
  facet normal -0.23353 -0.97235 0
    outer loop
      vertex 12.7639 -81.6042 0
      vertex 13.3743 -81.7508 26
      vertex 12.7639 -81.6042 26
    endloop
  endfacet
  facet normal -0.23353 -0.97235 -0
    outer loop
      vertex 13.3743 -81.7508 26
      vertex 12.7639 -81.6042 0
      vertex 13.3743 -81.7508 0
    endloop
  endfacet
  facet normal -0.852647 -0.522487 0
    outer loop
      vertex 10.7639 -80.1511 0
      vertex 10.436 -79.616 26
      vertex 10.436 -79.616 0
    endloop
  endfacet
  facet normal -0.852647 -0.522487 0
    outer loop
      vertex 10.436 -79.616 26
      vertex 10.7639 -80.1511 0
      vertex 10.7639 -80.1511 26
    endloop
  endfacet
  facet normal 0.522558 0.852604 -0
    outer loop
      vertex 222.351 81.0361 0
      vertex 221.816 81.364 26
      vertex 222.351 81.0361 26
    endloop
  endfacet
  facet normal 0.522558 0.852604 0
    outer loop
      vertex 221.816 81.364 26
      vertex 222.351 81.0361 0
      vertex 221.816 81.364 0
    endloop
  endfacet
  facet normal 0.649728 0.760167 -0
    outer loop
      vertex 222.828 80.6284 0
      vertex 222.351 81.0361 26
      vertex 222.828 80.6284 26
    endloop
  endfacet
  facet normal 0.649728 0.760167 0
    outer loop
      vertex 222.351 81.0361 26
      vertex 222.828 80.6284 0
      vertex 222.351 81.0361 0
    endloop
  endfacet
  facet normal 0.852576 0.522603 0
    outer loop
      vertex 223.564 79.616 26
      vertex 223.236 80.1511 0
      vertex 223.236 80.1511 26
    endloop
  endfacet
  facet normal 0.852576 0.522603 0
    outer loop
      vertex 223.236 80.1511 0
      vertex 223.564 79.616 26
      vertex 223.564 79.616 0
    endloop
  endfacet
  facet normal 0.923994 0.382408 0
    outer loop
      vertex 223.804 79.0361 26
      vertex 223.564 79.616 0
      vertex 223.564 79.616 26
    endloop
  endfacet
  facet normal 0.923994 0.382408 0
    outer loop
      vertex 223.564 79.616 0
      vertex 223.804 79.0361 26
      vertex 223.804 79.0361 0
    endloop
  endfacet
  facet normal 0.233674 0.972315 -0
    outer loop
      vertex 221.236 81.6042 0
      vertex 220.626 81.7508 26
      vertex 221.236 81.6042 26
    endloop
  endfacet
  facet normal 0.233674 0.972315 0
    outer loop
      vertex 220.626 81.7508 26
      vertex 221.236 81.6042 0
      vertex 220.626 81.7508 0
    endloop
  endfacet
  facet normal 0.382624 0.923904 -0
    outer loop
      vertex 221.816 81.364 0
      vertex 221.236 81.6042 26
      vertex 221.816 81.364 26
    endloop
  endfacet
  facet normal 0.382624 0.923904 0
    outer loop
      vertex 221.236 81.6042 26
      vertex 221.816 81.364 0
      vertex 221.236 81.6042 0
    endloop
  endfacet
  facet normal 0.522558 -0.852604 0
    outer loop
      vertex 221.816 -81.364 0
      vertex 222.351 -81.0361 26
      vertex 221.816 -81.364 26
    endloop
  endfacet
  facet normal 0.522558 -0.852604 0
    outer loop
      vertex 222.351 -81.0361 26
      vertex 221.816 -81.364 0
      vertex 222.351 -81.0361 0
    endloop
  endfacet
  facet normal 0.852576 -0.522603 0
    outer loop
      vertex 223.236 -80.1511 26
      vertex 223.564 -79.616 0
      vertex 223.564 -79.616 26
    endloop
  endfacet
  facet normal 0.852576 -0.522603 0
    outer loop
      vertex 223.564 -79.616 0
      vertex 223.236 -80.1511 26
      vertex 223.236 -80.1511 0
    endloop
  endfacet
  facet normal 0.972205 -0.234132 0
    outer loop
      vertex 223.804 -79.0361 26
      vertex 223.951 -78.4257 0
      vertex 223.951 -78.4257 26
    endloop
  endfacet
  facet normal 0.972205 -0.234132 0
    outer loop
      vertex 223.951 -78.4257 0
      vertex 223.804 -79.0361 26
      vertex 223.804 -79.0361 0
    endloop
  endfacet
  facet normal 0.996948 -0.0780733 0
    outer loop
      vertex 223.951 -78.4257 26
      vertex 224 -77.8 0
      vertex 224 -77.8 26
    endloop
  endfacet
  facet normal 0.996948 -0.0780733 0
    outer loop
      vertex 224 -77.8 0
      vertex 223.951 -78.4257 26
      vertex 223.951 -78.4257 0
    endloop
  endfacet
  facet normal 0.233674 -0.972315 0
    outer loop
      vertex 220.626 -81.7508 0
      vertex 221.236 -81.6042 26
      vertex 220.626 -81.7508 26
    endloop
  endfacet
  facet normal 0.233674 -0.972315 0
    outer loop
      vertex 221.236 -81.6042 26
      vertex 220.626 -81.7508 0
      vertex 221.236 -81.6042 0
    endloop
  endfacet
  facet normal 0.0783526 -0.996926 0
    outer loop
      vertex 220 -81.8 0
      vertex 220.626 -81.7508 26
      vertex 220 -81.8 26
    endloop
  endfacet
  facet normal 0.0783526 -0.996926 0
    outer loop
      vertex 220.626 -81.7508 26
      vertex 220 -81.8 0
      vertex 220.626 -81.7508 0
    endloop
  endfacet
  facet normal 0.760133 -0.649768 0
    outer loop
      vertex 222.828 -80.6284 26
      vertex 223.236 -80.1511 0
      vertex 223.236 -80.1511 26
    endloop
  endfacet
  facet normal 0.760133 -0.649768 0
    outer loop
      vertex 223.236 -80.1511 0
      vertex 222.828 -80.6284 26
      vertex 222.828 -80.6284 0
    endloop
  endfacet
  facet normal 0.760575 0.64925 0
    outer loop
      vertex 12.9393 -78.8607 26
      vertex 12.7865 -78.6817 2.5
      vertex 12.7865 -78.6817 26
    endloop
  endfacet
  facet normal 0.760575 0.64925 0
    outer loop
      vertex 12.7865 -78.6817 2.5
      vertex 12.9393 -78.8607 26
      vertex 12.9393 -78.8607 2.5
    endloop
  endfacet
  facet normal -0.997072 -0.0764691 0
    outer loop
      vertex 221.5 77.8 2.5
      vertex 221.482 78.0347 26
      vertex 221.482 78.0347 2.5
    endloop
  endfacet
  facet normal -0.997072 -0.0764691 0
    outer loop
      vertex 221.482 78.0347 26
      vertex 221.5 77.8 2.5
      vertex 221.5 77.8 26
    endloop
  endfacet
  facet normal 0 1 -0
    outer loop
      vertex 220 -79.3 2.5
      vertex 14 -79.3 26
      vertex 220 -79.3 26
    endloop
  endfacet
  facet normal 0 1 0
    outer loop
      vertex 14 -79.3 26
      vertex 220 -79.3 2.5
      vertex 14 -79.3 2.5
    endloop
  endfacet
  facet normal 0.64925 -0.760575 0
    outer loop
      vertex 12.9393 78.8607 2.5
      vertex 13.1183 79.0135 26
      vertex 12.9393 78.8607 26
    endloop
  endfacet
  facet normal 0.64925 -0.760575 0
    outer loop
      vertex 13.1183 79.0135 26
      vertex 12.9393 78.8607 2.5
      vertex 13.1183 79.0135 2.5
    endloop
  endfacet
  facet normal 1 -0 0
    outer loop
      vertex 12.5 -77.8 26
      vertex 12.5 77.8 2.5
      vertex 12.5 77.8 26
    endloop
  endfacet
  facet normal 1 0 0
    outer loop
      vertex 12.5 77.8 2.5
      vertex 12.5 -77.8 26
      vertex 12.5 -77.8 2.5
    endloop
  endfacet
  facet normal 0 -1 0
    outer loop
      vertex 14 79.3 2.5
      vertex 220 79.3 26
      vertex 14 79.3 26
    endloop
  endfacet
  facet normal 0 -1 -0
    outer loop
      vertex 220 79.3 26
      vertex 14 79.3 2.5
      vertex 220 79.3 2.5
    endloop
  endfacet
  facet normal -0.64925 0.760575 0
    outer loop
      vertex 221.061 -78.8607 2.5
      vertex 220.882 -79.0135 26
      vertex 221.061 -78.8607 26
    endloop
  endfacet
  facet normal -0.64925 0.760575 0
    outer loop
      vertex 220.882 -79.0135 26
      vertex 221.061 -78.8607 2.5
      vertex 220.882 -79.0135 2.5
    endloop
  endfacet
  facet normal -0.924017 0.382352 0
    outer loop
      vertex 221.337 -78.481 2.5
      vertex 221.427 -78.2635 26
      vertex 221.427 -78.2635 2.5
    endloop
  endfacet
  facet normal -0.924017 0.382352 0
    outer loop
      vertex 221.427 -78.2635 26
      vertex 221.337 -78.481 2.5
      vertex 221.337 -78.481 26
    endloop
  endfacet
  facet normal -1 0 0
    outer loop
      vertex 221.5 -77.8 2.5
      vertex 221.5 77.8 26
      vertex 221.5 77.8 2.5
    endloop
  endfacet
  facet normal -1 -0 0
    outer loop
      vertex 221.5 77.8 26
      vertex 221.5 -77.8 2.5
      vertex 221.5 -77.8 26
    endloop
  endfacet
  facet normal 0.0785803 0.996908 -0
    outer loop
      vertex 14 -79.3 2.5
      vertex 13.7653 -79.2815 26
      vertex 14 -79.3 26
    endloop
  endfacet
  facet normal 0.0785803 0.996908 0
    outer loop
      vertex 13.7653 -79.2815 26
      vertex 14 -79.3 2.5
      vertex 13.7653 -79.2815 2.5
    endloop
  endfacet
  facet normal -0.521965 0.852967 0
    outer loop
      vertex 220.882 -79.0135 2.5
      vertex 220.681 -79.1365 26
      vertex 220.882 -79.0135 26
    endloop
  endfacet
  facet normal -0.521965 0.852967 0
    outer loop
      vertex 220.681 -79.1365 26
      vertex 220.882 -79.0135 2.5
      vertex 220.681 -79.1365 2.5
    endloop
  endfacet
  facet normal 0.996908 -0.0785803 0
    outer loop
      vertex 12.5 77.8 26
      vertex 12.5185 78.0347 2.5
      vertex 12.5185 78.0347 26
    endloop
  endfacet
  facet normal 0.996908 -0.0785803 0
    outer loop
      vertex 12.5185 78.0347 2.5
      vertex 12.5 77.8 26
      vertex 12.5 77.8 2.5
    endloop
  endfacet
  facet normal 0 0 1
    outer loop
      vertex 216.074 74.5736 2.5
      vertex 17.9256 74.5736 2.5
      vertex 216.206 74.3595 2.5
    endloop
  endfacet
  facet normal 0 0 1
    outer loop
      vertex 216.206 -74.3595 2.5
      vertex 18.0803 -75.0497 2.5
      vertex 18.1 -75.3 2.5
    endloop
  endfacet
  facet normal 0 0 1
    outer loop
      vertex 17.7944 74.3595 2.5
      vertex 216.206 74.3595 2.5
      vertex 17.9256 74.5736 2.5
    endloop
  endfacet
  facet normal 0 0 1
    outer loop
      vertex 216.206 -74.3595 2.5
      vertex 18.0217 -74.8056 2.5
      vertex 18.0803 -75.0497 2.5
    endloop
  endfacet
  facet normal 0 0 1
    outer loop
      vertex 216.206 74.3595 2.5
      vertex 17.7944 74.3595 2.5
      vertex 216.206 -74.3595 2.5
    endloop
  endfacet
  facet normal 0 0 1
    outer loop
      vertex 216.206 -74.3595 2.5
      vertex 17.9256 -74.5736 2.5
      vertex 18.0217 -74.8056 2.5
    endloop
  endfacet
  facet normal 0 0 1
    outer loop
      vertex 17.7944 -74.3595 2.5
      vertex 216.206 -74.3595 2.5
      vertex 17.7944 74.3595 2.5
    endloop
  endfacet
  facet normal 0 0 1
    outer loop
      vertex 216.206 -74.3595 2.5
      vertex 17.7944 -74.3595 2.5
      vertex 17.9256 -74.5736 2.5
    endloop
  endfacet
  facet normal -0 0 1
    outer loop
      vertex 17.6314 74.1686 2.5
      vertex 17.7944 -74.3595 2.5
      vertex 17.7944 74.3595 2.5
    endloop
  endfacet
  facet normal 0 0 1
    outer loop
      vertex 17.6314 74.1686 2.5
      vertex 17.6314 -74.1686 2.5
      vertex 17.7944 -74.3595 2.5
    endloop
  endfacet
  facet normal -0 0 1
    outer loop
      vertex 17.4405 74.0056 2.5
      vertex 17.6314 -74.1686 2.5
      vertex 17.6314 74.1686 2.5
    endloop
  endfacet
  facet normal 0 0 1
    outer loop
      vertex 17.4405 74.0056 2.5
      vertex 17.4405 -74.0056 2.5
      vertex 17.6314 -74.1686 2.5
    endloop
  endfacet
  facet normal -0 0 1
    outer loop
      vertex 17.2264 73.8744 2.5
      vertex 17.4405 -74.0056 2.5
      vertex 17.4405 74.0056 2.5
    endloop
  endfacet
  facet normal 0 0 1
    outer loop
      vertex 17.2264 73.8744 2.5
      vertex 17.2264 -73.8744 2.5
      vertex 17.4405 -74.0056 2.5
    endloop
  endfacet
  facet normal -0 0 1
    outer loop
      vertex 16.9944 73.7783 2.5
      vertex 17.2264 -73.8744 2.5
      vertex 17.2264 73.8744 2.5
    endloop
  endfacet
  facet normal 0 0 1
    outer loop
      vertex 16.9944 73.7783 2.5
      vertex 16.9944 -73.7783 2.5
      vertex 17.2264 -73.8744 2.5
    endloop
  endfacet
  facet normal -0 0 1
    outer loop
      vertex 16.7503 73.7197 2.5
      vertex 16.9944 -73.7783 2.5
      vertex 16.9944 73.7783 2.5
    endloop
  endfacet
  facet normal 0 0 1
    outer loop
      vertex 16.7503 73.7197 2.5
      vertex 16.7503 -73.7197 2.5
      vertex 16.9944 -73.7783 2.5
    endloop
  endfacet
  facet normal -0 0 1
    outer loop
      vertex 16.5 73.7 2.5
      vertex 16.7503 -73.7197 2.5
      vertex 16.7503 73.7197 2.5
    endloop
  endfacet
  facet normal 0 0 1
    outer loop
      vertex 16.5 73.7 2.5
      vertex 16.5 -73.7 2.5
      vertex 16.7503 -73.7197 2.5
    endloop
  endfacet
  facet normal 0 0 1
    outer loop
      vertex 16.2497 73.7197 2.5
      vertex 16.5 -73.7 2.5
      vertex 16.5 73.7 2.5
    endloop
  endfacet
  facet normal 0 0 1
    outer loop
      vertex 16.2497 73.7197 2.5
      vertex 16.2497 -73.7197 2.5
      vertex 16.5 -73.7 2.5
    endloop
  endfacet
  facet normal 0 0 1
    outer loop
      vertex 16.0056 73.7783 2.5
      vertex 16.2497 -73.7197 2.5
      vertex 16.2497 73.7197 2.5
    endloop
  endfacet
  facet normal 0 0 1
    outer loop
      vertex 16.0056 73.7783 2.5
      vertex 16.0056 -73.7783 2.5
      vertex 16.2497 -73.7197 2.5
    endloop
  endfacet
  facet normal 0 0 1
    outer loop
      vertex 15.7736 73.8744 2.5
      vertex 16.0056 -73.7783 2.5
      vertex 16.0056 73.7783 2.5
    endloop
  endfacet
  facet normal 0 0 1
    outer loop
      vertex 15.7736 73.8744 2.5
      vertex 15.7736 -73.8744 2.5
      vertex 16.0056 -73.7783 2.5
    endloop
  endfacet
  facet normal 0 0 1
    outer loop
      vertex 15.5595 74.0056 2.5
      vertex 15.7736 -73.8744 2.5
      vertex 15.7736 73.8744 2.5
    endloop
  endfacet
  facet normal 0 0 1
    outer loop
      vertex 15.5595 74.0056 2.5
      vertex 15.5595 -74.0056 2.5
      vertex 15.7736 -73.8744 2.5
    endloop
  endfacet
  facet normal 0 0 1
    outer loop
      vertex 15.3686 74.1686 2.5
      vertex 15.5595 -74.0056 2.5
      vertex 15.5595 74.0056 2.5
    endloop
  endfacet
  facet normal 0 0 1
    outer loop
      vertex 15.3686 74.1686 2.5
      vertex 15.3686 -74.1686 2.5
      vertex 15.5595 -74.0056 2.5
    endloop
  endfacet
  facet normal 0 0 1
    outer loop
      vertex 15.2056 74.3595 2.5
      vertex 15.3686 -74.1686 2.5
      vertex 15.3686 74.1686 2.5
    endloop
  endfacet
  facet normal 0 0 1
    outer loop
      vertex 15.2056 74.3595 2.5
      vertex 15.2056 -74.3595 2.5
      vertex 15.3686 -74.1686 2.5
    endloop
  endfacet
  facet normal 0 0 1
    outer loop
      vertex 12.5 77.8 2.5
      vertex 15.2056 74.3595 2.5
      vertex 15.0744 74.5736 2.5
    endloop
  endfacet
  facet normal 0 0 1
    outer loop
      vertex 15.2056 74.3595 2.5
      vertex 12.5 77.8 2.5
      vertex 15.2056 -74.3595 2.5
    endloop
  endfacet
  facet normal 0 0 1
    outer loop
      vertex 12.5 77.8 2.5
      vertex 15.0744 74.5736 2.5
      vertex 14.9783 74.8056 2.5
    endloop
  endfacet
  facet normal 0 0 1
    outer loop
      vertex 12.5 -77.8 2.5
      vertex 15.2056 -74.3595 2.5
      vertex 12.5 77.8 2.5
    endloop
  endfacet
  facet normal 0 0 1
    outer loop
      vertex 12.5 77.8 2.5
      vertex 14.9783 74.8056 2.5
      vertex 14.9197 75.0497 2.5
    endloop
  endfacet
  facet normal 0 0 1
    outer loop
      vertex 15.2056 -74.3595 2.5
      vertex 12.5 -77.8 2.5
      vertex 15.0744 -74.5736 2.5
    endloop
  endfacet
  facet normal 0 0 1
    outer loop
      vertex 12.5 77.8 2.5
      vertex 14.9197 75.0497 2.5
      vertex 14.9 75.3 2.5
    endloop
  endfacet
  facet normal 0 0 1
    outer loop
      vertex 15.0744 -74.5736 2.5
      vertex 12.5 -77.8 2.5
      vertex 14.9783 -74.8056 2.5
    endloop
  endfacet
  facet normal 0 0 1
    outer loop
      vertex 218.926 74.5736 2.5
      vertex 221.5 77.8 2.5
      vertex 219.022 74.8056 2.5
    endloop
  endfacet
  facet normal 0 0 1
    outer loop
      vertex 221.5 -77.8 2.5
      vertex 219.08 -75.0497 2.5
      vertex 219.1 -75.3 2.5
    endloop
  endfacet
  facet normal 0 0 1
    outer loop
      vertex 218.794 74.3595 2.5
      vertex 221.5 77.8 2.5
      vertex 218.926 74.5736 2.5
    endloop
  endfacet
  facet normal 0 0 1
    outer loop
      vertex 221.5 -77.8 2.5
      vertex 219.022 -74.8056 2.5
      vertex 219.08 -75.0497 2.5
    endloop
  endfacet
  facet normal 0 0 1
    outer loop
      vertex 221.5 77.8 2.5
      vertex 218.794 74.3595 2.5
      vertex 221.5 -77.8 2.5
    endloop
  endfacet
  facet normal 0 0 1
    outer loop
      vertex 221.5 -77.8 2.5
      vertex 218.926 -74.5736 2.5
      vertex 219.022 -74.8056 2.5
    endloop
  endfacet
  facet normal -0 0 1
    outer loop
      vertex 218.794 -74.3595 2.5
      vertex 221.5 -77.8 2.5
      vertex 218.794 74.3595 2.5
    endloop
  endfacet
  facet normal 0 0 1
    outer loop
      vertex 221.5 -77.8 2.5
      vertex 218.794 -74.3595 2.5
      vertex 218.926 -74.5736 2.5
    endloop
  endfacet
  facet normal -0 0 1
    outer loop
      vertex 218.631 74.1686 2.5
      vertex 218.794 -74.3595 2.5
      vertex 218.794 74.3595 2.5
    endloop
  endfacet
  facet normal 0 0 1
    outer loop
      vertex 218.631 74.1686 2.5
      vertex 218.631 -74.1686 2.5
      vertex 218.794 -74.3595 2.5
    endloop
  endfacet
  facet normal -0 0 1
    outer loop
      vertex 218.44 74.0056 2.5
      vertex 218.631 -74.1686 2.5
      vertex 218.631 74.1686 2.5
    endloop
  endfacet
  facet normal 0 0 1
    outer loop
      vertex 218.44 74.0056 2.5
      vertex 218.44 -74.0056 2.5
      vertex 218.631 -74.1686 2.5
    endloop
  endfacet
  facet normal -0 0 1
    outer loop
      vertex 218.226 73.8744 2.5
      vertex 218.44 -74.0056 2.5
      vertex 218.44 74.0056 2.5
    endloop
  endfacet
  facet normal 0 0 1
    outer loop
      vertex 218.226 73.8744 2.5
      vertex 218.226 -73.8744 2.5
      vertex 218.44 -74.0056 2.5
    endloop
  endfacet
  facet normal -0 0 1
    outer loop
      vertex 217.994 73.7783 2.5
      vertex 218.226 -73.8744 2.5
      vertex 218.226 73.8744 2.5
    endloop
  endfacet
  facet normal 0 0 1
    outer loop
      vertex 217.994 73.7783 2.5
      vertex 217.994 -73.7783 2.5
      vertex 218.226 -73.8744 2.5
    endloop
  endfacet
  facet normal -0 0 1
    outer loop
      vertex 217.75 73.7197 2.5
      vertex 217.994 -73.7783 2.5
      vertex 217.994 73.7783 2.5
    endloop
  endfacet
  facet normal 0 0 1
    outer loop
      vertex 217.75 73.7197 2.5
      vertex 217.75 -73.7197 2.5
      vertex 217.994 -73.7783 2.5
    endloop
  endfacet
  facet normal -0 0 1
    outer loop
      vertex 217.5 73.7 2.5
      vertex 217.75 -73.7197 2.5
      vertex 217.75 73.7197 2.5
    endloop
  endfacet
  facet normal 0 0 1
    outer loop
      vertex 217.5 73.7 2.5
      vertex 217.5 -73.7 2.5
      vertex 217.75 -73.7197 2.5
    endloop
  endfacet
  facet normal 0 0 1
    outer loop
      vertex 217.25 73.7197 2.5
      vertex 217.5 -73.7 2.5
      vertex 217.5 73.7 2.5
    endloop
  endfacet
  facet normal 0 0 1
    outer loop
      vertex 217.25 73.7197 2.5
      vertex 217.25 -73.7197 2.5
      vertex 217.5 -73.7 2.5
    endloop
  endfacet
  facet normal 0 0 1
    outer loop
      vertex 217.006 73.7783 2.5
      vertex 217.25 -73.7197 2.5
      vertex 217.25 73.7197 2.5
    endloop
  endfacet
  facet normal 0 0 1
    outer loop
      vertex 217.006 73.7783 2.5
      vertex 217.006 -73.7783 2.5
      vertex 217.25 -73.7197 2.5
    endloop
  endfacet
  facet normal 0 0 1
    outer loop
      vertex 216.774 73.8744 2.5
      vertex 217.006 -73.7783 2.5
      vertex 217.006 73.7783 2.5
    endloop
  endfacet
  facet normal 0 0 1
    outer loop
      vertex 216.774 73.8744 2.5
      vertex 216.774 -73.8744 2.5
      vertex 217.006 -73.7783 2.5
    endloop
  endfacet
  facet normal 0 0 1
    outer loop
      vertex 216.56 74.0056 2.5
      vertex 216.774 -73.8744 2.5
      vertex 216.774 73.8744 2.5
    endloop
  endfacet
  facet normal 0 0 1
    outer loop
      vertex 216.56 74.0056 2.5
      vertex 216.56 -74.0056 2.5
      vertex 216.774 -73.8744 2.5
    endloop
  endfacet
  facet normal 0 0 1
    outer loop
      vertex 216.369 74.1686 2.5
      vertex 216.56 -74.0056 2.5
      vertex 216.56 74.0056 2.5
    endloop
  endfacet
  facet normal 0 0 1
    outer loop
      vertex 216.369 74.1686 2.5
      vertex 216.369 -74.1686 2.5
      vertex 216.56 -74.0056 2.5
    endloop
  endfacet
  facet normal 0 0 1
    outer loop
      vertex 216.206 74.3595 2.5
      vertex 216.369 -74.1686 2.5
      vertex 216.369 74.1686 2.5
    endloop
  endfacet
  facet normal 0 0 1
    outer loop
      vertex 216.206 74.3595 2.5
      vertex 216.206 -74.3595 2.5
      vertex 216.369 -74.1686 2.5
    endloop
  endfacet
  facet normal 0 0 1
    outer loop
      vertex 18.0217 74.8056 2.5
      vertex 215.978 74.8056 2.5
      vertex 18.0803 75.0497 2.5
    endloop
  endfacet
  facet normal 0 0 1
    outer loop
      vertex 215.978 74.8056 2.5
      vertex 18.0217 74.8056 2.5
      vertex 216.074 74.5736 2.5
    endloop
  endfacet
  facet normal 0 0 1
    outer loop
      vertex 215.92 75.0497 2.5
      vertex 18.0803 75.0497 2.5
      vertex 215.978 74.8056 2.5
    endloop
  endfacet
  facet normal 0 0 1
    outer loop
      vertex 17.9256 74.5736 2.5
      vertex 216.074 74.5736 2.5
      vertex 18.0217 74.8056 2.5
    endloop
  endfacet
  facet normal 0 0 1
    outer loop
      vertex 18.0803 75.0497 2.5
      vertex 215.92 75.0497 2.5
      vertex 18.1 75.3 2.5
    endloop
  endfacet
  facet normal 0 0 1
    outer loop
      vertex 216.206 -74.3595 2.5
      vertex 18.1 -75.3 2.5
      vertex 216.074 -74.5736 2.5
    endloop
  endfacet
  facet normal -0 0 1
    outer loop
      vertex 18.1 75.3 2.5
      vertex 215.92 75.0497 2.5
      vertex 215.9 75.3 2.5
    endloop
  endfacet
  facet normal 0 0 1
    outer loop
      vertex 216.074 -74.5736 2.5
      vertex 18.1 -75.3 2.5
      vertex 215.978 -74.8056 2.5
    endloop
  endfacet
  facet normal 0 0 1
    outer loop
      vertex 220 79.3 2.5
      vertex 221.5 77.8 2.5
      vertex 221.482 78.0347 2.5
    endloop
  endfacet
  facet normal 0 0 1
    outer loop
      vertex 219.08 75.0497 2.5
      vertex 221.5 77.8 2.5
      vertex 219.1 75.3 2.5
    endloop
  endfacet
  facet normal 0 0 1
    outer loop
      vertex 220 79.3 2.5
      vertex 221.482 78.0347 2.5
      vertex 221.427 78.2635 2.5
    endloop
  endfacet
  facet normal 0 0 1
    outer loop
      vertex 219.022 74.8056 2.5
      vertex 221.5 77.8 2.5
      vertex 219.08 75.0497 2.5
    endloop
  endfacet
  facet normal 0 0 1
    outer loop
      vertex 220 79.3 2.5
      vertex 221.427 78.2635 2.5
      vertex 221.337 78.481 2.5
    endloop
  endfacet
  facet normal -0 0 1
    outer loop
      vertex 219.08 -75.5503 2.5
      vertex 221.5 -77.8 2.5
      vertex 219.1 -75.3 2.5
    endloop
  endfacet
  facet normal 0 0 1
    outer loop
      vertex 220 79.3 2.5
      vertex 221.337 78.481 2.5
      vertex 221.214 78.6817 2.5
    endloop
  endfacet
  facet normal -0 0 1
    outer loop
      vertex 219.022 -75.7944 2.5
      vertex 221.5 -77.8 2.5
      vertex 219.08 -75.5503 2.5
    endloop
  endfacet
  facet normal 0 0 1
    outer loop
      vertex 220 79.3 2.5
      vertex 221.214 78.6817 2.5
      vertex 221.061 78.8607 2.5
    endloop
  endfacet
  facet normal -0 0 1
    outer loop
      vertex 218.926 -76.0264 2.5
      vertex 221.5 -77.8 2.5
      vertex 219.022 -75.7944 2.5
    endloop
  endfacet
  facet normal 0 0 1
    outer loop
      vertex 220 79.3 2.5
      vertex 221.061 78.8607 2.5
      vertex 220.882 79.0135 2.5
    endloop
  endfacet
  facet normal -0 0 1
    outer loop
      vertex 218.794 -76.2405 2.5
      vertex 221.5 -77.8 2.5
      vertex 218.926 -76.0264 2.5
    endloop
  endfacet
  facet normal 0 0 1
    outer loop
      vertex 220 79.3 2.5
      vertex 220.882 79.0135 2.5
      vertex 220.681 79.1365 2.5
    endloop
  endfacet
  facet normal -0 0 1
    outer loop
      vertex 218.631 -76.4314 2.5
      vertex 221.5 -77.8 2.5
      vertex 218.794 -76.2405 2.5
    endloop
  endfacet
  facet normal 0 0 1
    outer loop
      vertex 220 79.3 2.5
      vertex 220.681 79.1365 2.5
      vertex 220.464 79.2266 2.5
    endloop
  endfacet
  facet normal 0 -0 1
    outer loop
      vertex 220 -79.3 2.5
      vertex 221.5 -77.8 2.5
      vertex 218.631 -76.4314 2.5
    endloop
  endfacet
  facet normal 0 0 1
    outer loop
      vertex 220 79.3 2.5
      vertex 220.464 79.2266 2.5
      vertex 220.235 79.2815 2.5
    endloop
  endfacet
  facet normal 0 0 1
    outer loop
      vertex 221.5 -77.8 2.5
      vertex 220 -79.3 2.5
      vertex 221.482 -78.0347 2.5
    endloop
  endfacet
  facet normal 0 0 1
    outer loop
      vertex 221.5 77.8 2.5
      vertex 220 79.3 2.5
      vertex 218.631 76.4314 2.5
    endloop
  endfacet
  facet normal 0 0 1
    outer loop
      vertex 221.482 -78.0347 2.5
      vertex 220 -79.3 2.5
      vertex 221.427 -78.2635 2.5
    endloop
  endfacet
  facet normal 0 0 1
    outer loop
      vertex 221.427 -78.2635 2.5
      vertex 220 -79.3 2.5
      vertex 221.337 -78.481 2.5
    endloop
  endfacet
  facet normal 0 0 1
    outer loop
      vertex 221.5 77.8 2.5
      vertex 219.08 75.5503 2.5
      vertex 219.1 75.3 2.5
    endloop
  endfacet
  facet normal 0 0 1
    outer loop
      vertex 221.5 77.8 2.5
      vertex 219.022 75.7944 2.5
      vertex 219.08 75.5503 2.5
    endloop
  endfacet
  facet normal 0 0 1
    outer loop
      vertex 221.5 77.8 2.5
      vertex 218.926 76.0264 2.5
      vertex 219.022 75.7944 2.5
    endloop
  endfacet
  facet normal 0 0 1
    outer loop
      vertex 221.5 77.8 2.5
      vertex 218.794 76.2405 2.5
      vertex 218.926 76.0264 2.5
    endloop
  endfacet
  facet normal 0 0 1
    outer loop
      vertex 221.5 77.8 2.5
      vertex 218.631 76.4314 2.5
      vertex 218.794 76.2405 2.5
    endloop
  endfacet
  facet normal 0 0 1
    outer loop
      vertex 220 79.3 2.5
      vertex 218.44 76.5944 2.5
      vertex 218.631 76.4314 2.5
    endloop
  endfacet
  facet normal 0 0 1
    outer loop
      vertex 220 79.3 2.5
      vertex 218.226 76.7256 2.5
      vertex 218.44 76.5944 2.5
    endloop
  endfacet
  facet normal 0 0 1
    outer loop
      vertex 220 79.3 2.5
      vertex 217.994 76.8217 2.5
      vertex 218.226 76.7256 2.5
    endloop
  endfacet
  facet normal 0 0 1
    outer loop
      vertex 220 79.3 2.5
      vertex 217.75 76.8803 2.5
      vertex 217.994 76.8217 2.5
    endloop
  endfacet
  facet normal 0 0 1
    outer loop
      vertex 220 79.3 2.5
      vertex 217.5 76.9 2.5
      vertex 217.75 76.8803 2.5
    endloop
  endfacet
  facet normal 0 0 1
    outer loop
      vertex 220 79.3 2.5
      vertex 217.25 76.8803 2.5
      vertex 217.5 76.9 2.5
    endloop
  endfacet
  facet normal 0 0 1
    outer loop
      vertex 220 79.3 2.5
      vertex 217.006 76.8217 2.5
      vertex 217.25 76.8803 2.5
    endloop
  endfacet
  facet normal 0 0 1
    outer loop
      vertex 220 79.3 2.5
      vertex 216.774 76.7256 2.5
      vertex 217.006 76.8217 2.5
    endloop
  endfacet
  facet normal 0 0 1
    outer loop
      vertex 220 79.3 2.5
      vertex 216.56 76.5944 2.5
      vertex 216.774 76.7256 2.5
    endloop
  endfacet
  facet normal 0 0 1
    outer loop
      vertex 215.978 -74.8056 2.5
      vertex 18.1 -75.3 2.5
      vertex 215.92 -75.0497 2.5
    endloop
  endfacet
  facet normal 0 0 1
    outer loop
      vertex 215.92 75.5503 2.5
      vertex 18.1 75.3 2.5
      vertex 215.9 75.3 2.5
    endloop
  endfacet
  facet normal 0 0 1
    outer loop
      vertex 18.0803 75.5503 2.5
      vertex 215.92 75.5503 2.5
      vertex 215.978 75.7944 2.5
    endloop
  endfacet
  facet normal 0 0 1
    outer loop
      vertex 18.0217 75.7944 2.5
      vertex 215.978 75.7944 2.5
      vertex 216.074 76.0264 2.5
    endloop
  endfacet
  facet normal 0 0 1
    outer loop
      vertex 17.9256 76.0264 2.5
      vertex 216.074 76.0264 2.5
      vertex 216.206 76.2405 2.5
    endloop
  endfacet
  facet normal 0 0 1
    outer loop
      vertex 17.7944 76.2405 2.5
      vertex 216.206 76.2405 2.5
      vertex 216.369 76.4314 2.5
    endloop
  endfacet
  facet normal 0 0 1
    outer loop
      vertex 17.6314 76.4314 2.5
      vertex 216.369 76.4314 2.5
      vertex 216.56 76.5944 2.5
    endloop
  endfacet
  facet normal 0 0 1
    outer loop
      vertex 17.4405 76.5944 2.5
      vertex 216.56 76.5944 2.5
      vertex 220 79.3 2.5
    endloop
  endfacet
  facet normal 0 0 1
    outer loop
      vertex 215.92 75.5503 2.5
      vertex 18.0803 75.5503 2.5
      vertex 18.1 75.3 2.5
    endloop
  endfacet
  facet normal 0 0 1
    outer loop
      vertex 215.978 75.7944 2.5
      vertex 18.0217 75.7944 2.5
      vertex 18.0803 75.5503 2.5
    endloop
  endfacet
  facet normal 0 0 1
    outer loop
      vertex 216.074 76.0264 2.5
      vertex 17.9256 76.0264 2.5
      vertex 18.0217 75.7944 2.5
    endloop
  endfacet
  facet normal 0 0 1
    outer loop
      vertex 216.206 76.2405 2.5
      vertex 17.7944 76.2405 2.5
      vertex 17.9256 76.0264 2.5
    endloop
  endfacet
  facet normal 0 0 1
    outer loop
      vertex 216.369 76.4314 2.5
      vertex 17.6314 76.4314 2.5
      vertex 17.7944 76.2405 2.5
    endloop
  endfacet
  facet normal 0 0 1
    outer loop
      vertex 216.56 76.5944 2.5
      vertex 17.4405 76.5944 2.5
      vertex 17.6314 76.4314 2.5
    endloop
  endfacet
  facet normal -0 0 1
    outer loop
      vertex 14 79.3 2.5
      vertex 17.4405 76.5944 2.5
      vertex 220 79.3 2.5
    endloop
  endfacet
  facet normal 0 0 1
    outer loop
      vertex 17.4405 76.5944 2.5
      vertex 14 79.3 2.5
      vertex 17.2264 76.7256 2.5
    endloop
  endfacet
  facet normal 0 0 1
    outer loop
      vertex 17.2264 76.7256 2.5
      vertex 14 79.3 2.5
      vertex 16.9944 76.8217 2.5
    endloop
  endfacet
  facet normal 0 0 1
    outer loop
      vertex 16.9944 76.8217 2.5
      vertex 14 79.3 2.5
      vertex 16.7503 76.8803 2.5
    endloop
  endfacet
  facet normal 0 0 1
    outer loop
      vertex 14.9197 75.5503 2.5
      vertex 12.5 77.8 2.5
      vertex 14.9 75.3 2.5
    endloop
  endfacet
  facet normal 0 0 1
    outer loop
      vertex 14.9783 75.7944 2.5
      vertex 12.5 77.8 2.5
      vertex 14.9197 75.5503 2.5
    endloop
  endfacet
  facet normal 0 0 1
    outer loop
      vertex 15.0744 76.0264 2.5
      vertex 12.5 77.8 2.5
      vertex 14.9783 75.7944 2.5
    endloop
  endfacet
  facet normal 0 0 1
    outer loop
      vertex 15.2056 76.2405 2.5
      vertex 12.5 77.8 2.5
      vertex 15.0744 76.0264 2.5
    endloop
  endfacet
  facet normal 0 0 1
    outer loop
      vertex 15.3686 76.4314 2.5
      vertex 12.5 77.8 2.5
      vertex 15.2056 76.2405 2.5
    endloop
  endfacet
  facet normal -0 0 1
    outer loop
      vertex 12.5 77.8 2.5
      vertex 15.3686 76.4314 2.5
      vertex 14 79.3 2.5
    endloop
  endfacet
  facet normal 0 0 1
    outer loop
      vertex 15.5595 76.5944 2.5
      vertex 14 79.3 2.5
      vertex 15.3686 76.4314 2.5
    endloop
  endfacet
  facet normal 0 0 1
    outer loop
      vertex 15.7736 76.7256 2.5
      vertex 14 79.3 2.5
      vertex 15.5595 76.5944 2.5
    endloop
  endfacet
  facet normal 0 0 1
    outer loop
      vertex 16.0056 76.8217 2.5
      vertex 14 79.3 2.5
      vertex 15.7736 76.7256 2.5
    endloop
  endfacet
  facet normal 0 0 1
    outer loop
      vertex 16.2497 76.8803 2.5
      vertex 14 79.3 2.5
      vertex 16.0056 76.8217 2.5
    endloop
  endfacet
  facet normal 0 0 1
    outer loop
      vertex 16.5 76.9 2.5
      vertex 14 79.3 2.5
      vertex 16.2497 76.8803 2.5
    endloop
  endfacet
  facet normal 0 0 1
    outer loop
      vertex 16.7503 76.8803 2.5
      vertex 14 79.3 2.5
      vertex 16.5 76.9 2.5
    endloop
  endfacet
  facet normal 0 0 1
    outer loop
      vertex 221.337 -78.481 2.5
      vertex 220 -79.3 2.5
      vertex 221.214 -78.6817 2.5
    endloop
  endfacet
  facet normal 0 0 1
    outer loop
      vertex 221.214 -78.6817 2.5
      vertex 220 -79.3 2.5
      vertex 221.061 -78.8607 2.5
    endloop
  endfacet
  facet normal 0 0 1
    outer loop
      vertex 221.061 -78.8607 2.5
      vertex 220 -79.3 2.5
      vertex 220.882 -79.0135 2.5
    endloop
  endfacet
  facet normal 0 0 1
    outer loop
      vertex 220.882 -79.0135 2.5
      vertex 220 -79.3 2.5
      vertex 220.681 -79.1365 2.5
    endloop
  endfacet
  facet normal 0 0 1
    outer loop
      vertex 220.681 -79.1365 2.5
      vertex 220 -79.3 2.5
      vertex 220.464 -79.2266 2.5
    endloop
  endfacet
  facet normal 0 0 1
    outer loop
      vertex 220.464 -79.2266 2.5
      vertex 220 -79.3 2.5
      vertex 220.235 -79.2815 2.5
    endloop
  endfacet
  facet normal -0 0 1
    outer loop
      vertex 218.44 -76.5944 2.5
      vertex 220 -79.3 2.5
      vertex 218.631 -76.4314 2.5
    endloop
  endfacet
  facet normal -0 0 1
    outer loop
      vertex 218.226 -76.7256 2.5
      vertex 220 -79.3 2.5
      vertex 218.44 -76.5944 2.5
    endloop
  endfacet
  facet normal -0 0 1
    outer loop
      vertex 217.994 -76.8217 2.5
      vertex 220 -79.3 2.5
      vertex 218.226 -76.7256 2.5
    endloop
  endfacet
  facet normal -0 0 1
    outer loop
      vertex 217.75 -76.8803 2.5
      vertex 220 -79.3 2.5
      vertex 217.994 -76.8217 2.5
    endloop
  endfacet
  facet normal -0 0 1
    outer loop
      vertex 217.5 -76.9 2.5
      vertex 220 -79.3 2.5
      vertex 217.75 -76.8803 2.5
    endloop
  endfacet
  facet normal 0 0 1
    outer loop
      vertex 217.25 -76.8803 2.5
      vertex 220 -79.3 2.5
      vertex 217.5 -76.9 2.5
    endloop
  endfacet
  facet normal 0 0 1
    outer loop
      vertex 217.006 -76.8217 2.5
      vertex 220 -79.3 2.5
      vertex 217.25 -76.8803 2.5
    endloop
  endfacet
  facet normal 0 0 1
    outer loop
      vertex 216.774 -76.7256 2.5
      vertex 220 -79.3 2.5
      vertex 217.006 -76.8217 2.5
    endloop
  endfacet
  facet normal 0 0 1
    outer loop
      vertex 216.56 -76.5944 2.5
      vertex 220 -79.3 2.5
      vertex 216.774 -76.7256 2.5
    endloop
  endfacet
  facet normal 0 0 1
    outer loop
      vertex 215.92 -75.0497 2.5
      vertex 18.1 -75.3 2.5
      vertex 215.9 -75.3 2.5
    endloop
  endfacet
  facet normal 0 0 1
    outer loop
      vertex 215.9 -75.3 2.5
      vertex 18.1 -75.3 2.5
      vertex 215.92 -75.5503 2.5
    endloop
  endfacet
  facet normal 0 0 1
    outer loop
      vertex 18.0803 -75.5503 2.5
      vertex 215.92 -75.5503 2.5
      vertex 18.1 -75.3 2.5
    endloop
  endfacet
  facet normal 0 0 1
    outer loop
      vertex 215.92 -75.5503 2.5
      vertex 18.0803 -75.5503 2.5
      vertex 215.978 -75.7944 2.5
    endloop
  endfacet
  facet normal 0 0 1
    outer loop
      vertex 18.0217 -75.7944 2.5
      vertex 215.978 -75.7944 2.5
      vertex 18.0803 -75.5503 2.5
    endloop
  endfacet
  facet normal 0 0 1
    outer loop
      vertex 215.978 -75.7944 2.5
      vertex 18.0217 -75.7944 2.5
      vertex 216.074 -76.0264 2.5
    endloop
  endfacet
  facet normal 0 0 1
    outer loop
      vertex 17.9256 -76.0264 2.5
      vertex 216.074 -76.0264 2.5
      vertex 18.0217 -75.7944 2.5
    endloop
  endfacet
  facet normal 0 0 1
    outer loop
      vertex 216.074 -76.0264 2.5
      vertex 17.9256 -76.0264 2.5
      vertex 216.206 -76.2405 2.5
    endloop
  endfacet
  facet normal 0 0 1
    outer loop
      vertex 17.7944 -76.2405 2.5
      vertex 216.206 -76.2405 2.5
      vertex 17.9256 -76.0264 2.5
    endloop
  endfacet
  facet normal 0 0 1
    outer loop
      vertex 216.206 -76.2405 2.5
      vertex 17.7944 -76.2405 2.5
      vertex 216.369 -76.4314 2.5
    endloop
  endfacet
  facet normal 0 0 1
    outer loop
      vertex 17.6314 -76.4314 2.5
      vertex 216.369 -76.4314 2.5
      vertex 17.7944 -76.2405 2.5
    endloop
  endfacet
  facet normal 0 0 1
    outer loop
      vertex 216.369 -76.4314 2.5
      vertex 17.6314 -76.4314 2.5
      vertex 216.56 -76.5944 2.5
    endloop
  endfacet
  facet normal 0 0 1
    outer loop
      vertex 17.4405 -76.5944 2.5
      vertex 216.56 -76.5944 2.5
      vertex 17.6314 -76.4314 2.5
    endloop
  endfacet
  facet normal 0 0 1
    outer loop
      vertex 216.56 -76.5944 2.5
      vertex 17.4405 -76.5944 2.5
      vertex 220 -79.3 2.5
    endloop
  endfacet
  facet normal 0 0 1
    outer loop
      vertex 14 -79.3 2.5
      vertex 17.4405 -76.5944 2.5
      vertex 17.2264 -76.7256 2.5
    endloop
  endfacet
  facet normal 0 0 1
    outer loop
      vertex 14 -79.3 2.5
      vertex 17.2264 -76.7256 2.5
      vertex 16.9944 -76.8217 2.5
    endloop
  endfacet
  facet normal 0 0 1
    outer loop
      vertex 14 -79.3 2.5
      vertex 16.9944 -76.8217 2.5
      vertex 16.7503 -76.8803 2.5
    endloop
  endfacet
  facet normal 0 0 1
    outer loop
      vertex 14 -79.3 2.5
      vertex 16.7503 -76.8803 2.5
      vertex 16.5 -76.9 2.5
    endloop
  endfacet
  facet normal 0 0 1
    outer loop
      vertex 17.4405 -76.5944 2.5
      vertex 14 -79.3 2.5
      vertex 220 -79.3 2.5
    endloop
  endfacet
  facet normal 0 0 1
    outer loop
      vertex 16.2497 -76.8803 2.5
      vertex 14 -79.3 2.5
      vertex 16.5 -76.9 2.5
    endloop
  endfacet
  facet normal 0 0 1
    outer loop
      vertex 16.0056 -76.8217 2.5
      vertex 14 -79.3 2.5
      vertex 16.2497 -76.8803 2.5
    endloop
  endfacet
  facet normal 0 0 1
    outer loop
      vertex 15.7736 -76.7256 2.5
      vertex 14 -79.3 2.5
      vertex 16.0056 -76.8217 2.5
    endloop
  endfacet
  facet normal 0 0 1
    outer loop
      vertex 15.5595 -76.5944 2.5
      vertex 14 -79.3 2.5
      vertex 15.7736 -76.7256 2.5
    endloop
  endfacet
  facet normal 0 0 1
    outer loop
      vertex 15.3686 -76.4314 2.5
      vertex 14 -79.3 2.5
      vertex 15.5595 -76.5944 2.5
    endloop
  endfacet
  facet normal 0 0 1
    outer loop
      vertex 12.5 -77.8 2.5
      vertex 15.3686 -76.4314 2.5
      vertex 15.2056 -76.2405 2.5
    endloop
  endfacet
  facet normal 0 0 1
    outer loop
      vertex 12.5 -77.8 2.5
      vertex 15.2056 -76.2405 2.5
      vertex 15.0744 -76.0264 2.5
    endloop
  endfacet
  facet normal 0 0 1
    outer loop
      vertex 12.5 -77.8 2.5
      vertex 15.0744 -76.0264 2.5
      vertex 14.9783 -75.7944 2.5
    endloop
  endfacet
  facet normal 0 0 1
    outer loop
      vertex 12.5 -77.8 2.5
      vertex 14.9783 -75.7944 2.5
      vertex 14.9197 -75.5503 2.5
    endloop
  endfacet
  facet normal 0 0 1
    outer loop
      vertex 12.5 -77.8 2.5
      vertex 14.9197 -75.5503 2.5
      vertex 14.9 -75.3 2.5
    endloop
  endfacet
  facet normal 0 0 1
    outer loop
      vertex 14.9783 -74.8056 2.5
      vertex 12.5 -77.8 2.5
      vertex 14.9197 -75.0497 2.5
    endloop
  endfacet
  facet normal 0 0 1
    outer loop
      vertex 12.5 77.8 2.5
      vertex 14 79.3 2.5
      vertex 13.7653 79.2815 2.5
    endloop
  endfacet
  facet normal 0 0 1
    outer loop
      vertex 14.9197 -75.0497 2.5
      vertex 12.5 -77.8 2.5
      vertex 14.9 -75.3 2.5
    endloop
  endfacet
  facet normal 0 0 1
    outer loop
      vertex 12.5 77.8 2.5
      vertex 13.7653 79.2815 2.5
      vertex 13.5365 79.2266 2.5
    endloop
  endfacet
  facet normal 0 0 1
    outer loop
      vertex 15.3686 -76.4314 2.5
      vertex 12.5 -77.8 2.5
      vertex 14 -79.3 2.5
    endloop
  endfacet
  facet normal 0 0 1
    outer loop
      vertex 12.5 77.8 2.5
      vertex 13.5365 79.2266 2.5
      vertex 13.319 79.1365 2.5
    endloop
  endfacet
  facet normal 0 0 1
    outer loop
      vertex 14 -79.3 2.5
      vertex 12.5 -77.8 2.5
      vertex 13.7653 -79.2815 2.5
    endloop
  endfacet
  facet normal 0 0 1
    outer loop
      vertex 12.5 77.8 2.5
      vertex 13.319 79.1365 2.5
      vertex 13.1183 79.0135 2.5
    endloop
  endfacet
  facet normal 0 0 1
    outer loop
      vertex 13.7653 -79.2815 2.5
      vertex 12.5 -77.8 2.5
      vertex 13.5365 -79.2266 2.5
    endloop
  endfacet
  facet normal 0 0 1
    outer loop
      vertex 12.5 77.8 2.5
      vertex 13.1183 79.0135 2.5
      vertex 12.9393 78.8607 2.5
    endloop
  endfacet
  facet normal 0 0 1
    outer loop
      vertex 13.5365 -79.2266 2.5
      vertex 12.5 -77.8 2.5
      vertex 13.319 -79.1365 2.5
    endloop
  endfacet
  facet normal 0 0 1
    outer loop
      vertex 12.5 77.8 2.5
      vertex 12.9393 78.8607 2.5
      vertex 12.7865 78.6817 2.5
    endloop
  endfacet
  facet normal 0 0 1
    outer loop
      vertex 13.319 -79.1365 2.5
      vertex 12.5 -77.8 2.5
      vertex 13.1183 -79.0135 2.5
    endloop
  endfacet
  facet normal 0 0 1
    outer loop
      vertex 12.5 77.8 2.5
      vertex 12.7865 78.6817 2.5
      vertex 12.6635 78.481 2.5
    endloop
  endfacet
  facet normal 0 0 1
    outer loop
      vertex 13.1183 -79.0135 2.5
      vertex 12.5 -77.8 2.5
      vertex 12.9393 -78.8607 2.5
    endloop
  endfacet
  facet normal 0 0 1
    outer loop
      vertex 12.5 77.8 2.5
      vertex 12.6635 78.481 2.5
      vertex 12.5734 78.2635 2.5
    endloop
  endfacet
  facet normal 0 0 1
    outer loop
      vertex 12.9393 -78.8607 2.5
      vertex 12.5 -77.8 2.5
      vertex 12.7865 -78.6817 2.5
    endloop
  endfacet
  facet normal 0 0 1
    outer loop
      vertex 12.5 77.8 2.5
      vertex 12.5734 78.2635 2.5
      vertex 12.5185 78.0347 2.5
    endloop
  endfacet
  facet normal 0 0 1
    outer loop
      vertex 12.7865 -78.6817 2.5
      vertex 12.5 -77.8 2.5
      vertex 12.6635 -78.481 2.5
    endloop
  endfacet
  facet normal 0 0 1
    outer loop
      vertex 12.6635 -78.481 2.5
      vertex 12.5 -77.8 2.5
      vertex 12.5734 -78.2635 2.5
    endloop
  endfacet
  facet normal 0 0 1
    outer loop
      vertex 12.5734 -78.2635 2.5
      vertex 12.5 -77.8 2.5
      vertex 12.5185 -78.0347 2.5
    endloop
  endfacet
  facet normal 0.996908 0.0785803 0
    outer loop
      vertex 12.5185 -78.0347 26
      vertex 12.5 -77.8 2.5
      vertex 12.5 -77.8 26
    endloop
  endfacet
  facet normal 0.996908 0.0785803 0
    outer loop
      vertex 12.5 -77.8 2.5
      vertex 12.5185 -78.0347 26
      vertex 12.5185 -78.0347 2.5
    endloop
  endfacet
  facet normal -0.972302 -0.233727 0
    outer loop
      vertex 221.482 78.0347 2.5
      vertex 221.427 78.2635 26
      vertex 221.427 78.2635 2.5
    endloop
  endfacet
  facet normal -0.972302 -0.233727 0
    outer loop
      vertex 221.427 78.2635 26
      vertex 221.482 78.0347 2.5
      vertex 221.482 78.0347 26
    endloop
  endfacet
  facet normal 0.522532 -0.85262 0
    outer loop
      vertex 13.1183 79.0135 2.5
      vertex 13.319 79.1365 26
      vertex 13.1183 79.0135 26
    endloop
  endfacet
  facet normal 0.522532 -0.85262 0
    outer loop
      vertex 13.319 79.1365 26
      vertex 13.1183 79.0135 2.5
      vertex 13.319 79.1365 2.5
    endloop
  endfacet
  facet normal 0.382714 -0.923867 0
    outer loop
      vertex 13.319 79.1365 2.5
      vertex 13.5365 79.2266 26
      vertex 13.319 79.1365 26
    endloop
  endfacet
  facet normal 0.382714 -0.923867 0
    outer loop
      vertex 13.5365 79.2266 26
      vertex 13.319 79.1365 2.5
      vertex 13.5365 79.2266 2.5
    endloop
  endfacet
  facet normal -0.997072 0.0764691 0
    outer loop
      vertex 221.482 -78.0347 2.5
      vertex 221.5 -77.8 26
      vertex 221.5 -77.8 2.5
    endloop
  endfacet
  facet normal -0.997072 0.0764691 0
    outer loop
      vertex 221.5 -77.8 26
      vertex 221.482 -78.0347 2.5
      vertex 221.482 -78.0347 26
    endloop
  endfacet
  facet normal 0.522532 0.85262 -0
    outer loop
      vertex 13.319 -79.1365 2.5
      vertex 13.1183 -79.0135 26
      vertex 13.319 -79.1365 26
    endloop
  endfacet
  facet normal 0.522532 0.85262 0
    outer loop
      vertex 13.1183 -79.0135 26
      vertex 13.319 -79.1365 2.5
      vertex 13.1183 -79.0135 2.5
    endloop
  endfacet
  facet normal 0.233325 0.972399 -0
    outer loop
      vertex 13.7653 -79.2815 2.5
      vertex 13.5365 -79.2266 26
      vertex 13.7653 -79.2815 26
    endloop
  endfacet
  facet normal 0.233325 0.972399 0
    outer loop
      vertex 13.5365 -79.2266 26
      vertex 13.7653 -79.2815 2.5
      vertex 13.5365 -79.2266 2.5
    endloop
  endfacet
  facet normal 0.382714 0.923867 -0
    outer loop
      vertex 13.5365 -79.2266 2.5
      vertex 13.319 -79.1365 26
      vertex 13.5365 -79.2266 26
    endloop
  endfacet
  facet normal 0.382714 0.923867 0
    outer loop
      vertex 13.319 -79.1365 26
      vertex 13.5365 -79.2266 2.5
      vertex 13.319 -79.1365 2.5
    endloop
  endfacet
  facet normal 0.85262 0.522532 0
    outer loop
      vertex 12.7865 -78.6817 26
      vertex 12.6635 -78.481 2.5
      vertex 12.6635 -78.481 26
    endloop
  endfacet
  facet normal 0.85262 0.522532 0
    outer loop
      vertex 12.6635 -78.481 2.5
      vertex 12.7865 -78.6817 26
      vertex 12.7865 -78.6817 2.5
    endloop
  endfacet
  facet normal -0.0784806 0.996916 0
    outer loop
      vertex 220.235 -79.2815 2.5
      vertex 220 -79.3 26
      vertex 220.235 -79.2815 26
    endloop
  endfacet
  facet normal -0.0784806 0.996916 0
    outer loop
      vertex 220 -79.3 26
      vertex 220.235 -79.2815 2.5
      vertex 220 -79.3 2.5
    endloop
  endfacet
  facet normal -0.383467 0.923555 0
    outer loop
      vertex 220.681 -79.1365 2.5
      vertex 220.464 -79.2266 26
      vertex 220.681 -79.1365 26
    endloop
  endfacet
  facet normal -0.383467 0.923555 0
    outer loop
      vertex 220.464 -79.2266 26
      vertex 220.681 -79.1365 2.5
      vertex 220.464 -79.2266 2.5
    endloop
  endfacet
  facet normal -0.233132 0.972445 0
    outer loop
      vertex 220.464 -79.2266 2.5
      vertex 220.235 -79.2815 26
      vertex 220.464 -79.2266 26
    endloop
  endfacet
  facet normal -0.233132 0.972445 0
    outer loop
      vertex 220.235 -79.2815 26
      vertex 220.464 -79.2266 2.5
      vertex 220.235 -79.2815 2.5
    endloop
  endfacet
  facet normal 0.85262 -0.522532 0
    outer loop
      vertex 12.6635 78.481 26
      vertex 12.7865 78.6817 2.5
      vertex 12.7865 78.6817 26
    endloop
  endfacet
  facet normal 0.85262 -0.522532 0
    outer loop
      vertex 12.7865 78.6817 2.5
      vertex 12.6635 78.481 26
      vertex 12.6635 78.481 2.5
    endloop
  endfacet
  facet normal 0.760575 -0.64925 0
    outer loop
      vertex 12.7865 78.6817 26
      vertex 12.9393 78.8607 2.5
      vertex 12.9393 78.8607 26
    endloop
  endfacet
  facet normal 0.760575 -0.64925 0
    outer loop
      vertex 12.9393 78.8607 2.5
      vertex 12.7865 78.6817 26
      vertex 12.7865 78.6817 2.5
    endloop
  endfacet
  facet normal 0.972399 -0.233325 0
    outer loop
      vertex 12.5185 78.0347 26
      vertex 12.5734 78.2635 2.5
      vertex 12.5734 78.2635 26
    endloop
  endfacet
  facet normal 0.972399 -0.233325 0
    outer loop
      vertex 12.5734 78.2635 2.5
      vertex 12.5185 78.0347 26
      vertex 12.5185 78.0347 2.5
    endloop
  endfacet
  facet normal -0.760155 -0.649742 0
    outer loop
      vertex 221.214 78.6817 2.5
      vertex 221.061 78.8607 26
      vertex 221.061 78.8607 2.5
    endloop
  endfacet
  facet normal -0.760155 -0.649742 0
    outer loop
      vertex 221.061 78.8607 26
      vertex 221.214 78.6817 2.5
      vertex 221.214 78.6817 26
    endloop
  endfacet
  facet normal 0.233325 -0.972399 0
    outer loop
      vertex 13.5365 79.2266 2.5
      vertex 13.7653 79.2815 26
      vertex 13.5365 79.2266 26
    endloop
  endfacet
  facet normal 0.233325 -0.972399 0
    outer loop
      vertex 13.7653 79.2815 26
      vertex 13.5365 79.2266 2.5
      vertex 13.7653 79.2815 2.5
    endloop
  endfacet
  facet normal 0.0785803 -0.996908 0
    outer loop
      vertex 13.7653 79.2815 2.5
      vertex 14 79.3 26
      vertex 13.7653 79.2815 26
    endloop
  endfacet
  facet normal 0.0785803 -0.996908 0
    outer loop
      vertex 14 79.3 26
      vertex 13.7653 79.2815 2.5
      vertex 14 79.3 2.5
    endloop
  endfacet
  facet normal -0.0784806 -0.996916 0
    outer loop
      vertex 220 79.3 2.5
      vertex 220.235 79.2815 26
      vertex 220 79.3 26
    endloop
  endfacet
  facet normal -0.0784806 -0.996916 -0
    outer loop
      vertex 220.235 79.2815 26
      vertex 220 79.3 2.5
      vertex 220.235 79.2815 2.5
    endloop
  endfacet
  facet normal -0.85262 0.522532 0
    outer loop
      vertex 221.214 -78.6817 2.5
      vertex 221.337 -78.481 26
      vertex 221.337 -78.481 2.5
    endloop
  endfacet
  facet normal -0.85262 0.522532 0
    outer loop
      vertex 221.337 -78.481 26
      vertex 221.214 -78.6817 2.5
      vertex 221.214 -78.6817 26
    endloop
  endfacet
  facet normal -0.760155 0.649742 0
    outer loop
      vertex 221.061 -78.8607 2.5
      vertex 221.214 -78.6817 26
      vertex 221.214 -78.6817 2.5
    endloop
  endfacet
  facet normal -0.760155 0.649742 0
    outer loop
      vertex 221.214 -78.6817 26
      vertex 221.061 -78.8607 2.5
      vertex 221.061 -78.8607 26
    endloop
  endfacet
  facet normal 0.64925 0.760575 -0
    outer loop
      vertex 13.1183 -79.0135 2.5
      vertex 12.9393 -78.8607 26
      vertex 13.1183 -79.0135 26
    endloop
  endfacet
  facet normal 0.64925 0.760575 0
    outer loop
      vertex 12.9393 -78.8607 26
      vertex 13.1183 -79.0135 2.5
      vertex 12.9393 -78.8607 2.5
    endloop
  endfacet
  facet normal 0.972399 0.233325 0
    outer loop
      vertex 12.5734 -78.2635 26
      vertex 12.5185 -78.0347 2.5
      vertex 12.5185 -78.0347 26
    endloop
  endfacet
  facet normal 0.972399 0.233325 0
    outer loop
      vertex 12.5185 -78.0347 2.5
      vertex 12.5734 -78.2635 26
      vertex 12.5734 -78.2635 2.5
    endloop
  endfacet
  facet normal 0.923867 0.382714 0
    outer loop
      vertex 12.6635 -78.481 26
      vertex 12.5734 -78.2635 2.5
      vertex 12.5734 -78.2635 26
    endloop
  endfacet
  facet normal 0.923867 0.382714 0
    outer loop
      vertex 12.5734 -78.2635 2.5
      vertex 12.6635 -78.481 26
      vertex 12.6635 -78.481 2.5
    endloop
  endfacet
  facet normal 0.923867 -0.382714 0
    outer loop
      vertex 12.5734 78.2635 26
      vertex 12.6635 78.481 2.5
      vertex 12.6635 78.481 26
    endloop
  endfacet
  facet normal 0.923867 -0.382714 0
    outer loop
      vertex 12.6635 78.481 2.5
      vertex 12.5734 78.2635 26
      vertex 12.5734 78.2635 2.5
    endloop
  endfacet
  facet normal -0.233132 -0.972445 0
    outer loop
      vertex 220.235 79.2815 2.5
      vertex 220.464 79.2266 26
      vertex 220.235 79.2815 26
    endloop
  endfacet
  facet normal -0.233132 -0.972445 -0
    outer loop
      vertex 220.464 79.2266 26
      vertex 220.235 79.2815 2.5
      vertex 220.464 79.2266 2.5
    endloop
  endfacet
  facet normal -0.521965 -0.852967 0
    outer loop
      vertex 220.681 79.1365 2.5
      vertex 220.882 79.0135 26
      vertex 220.681 79.1365 26
    endloop
  endfacet
  facet normal -0.521965 -0.852967 -0
    outer loop
      vertex 220.882 79.0135 26
      vertex 220.681 79.1365 2.5
      vertex 220.882 79.0135 2.5
    endloop
  endfacet
  facet normal -0.383467 -0.923555 0
    outer loop
      vertex 220.464 79.2266 2.5
      vertex 220.681 79.1365 26
      vertex 220.464 79.2266 26
    endloop
  endfacet
  facet normal -0.383467 -0.923555 -0
    outer loop
      vertex 220.681 79.1365 26
      vertex 220.464 79.2266 2.5
      vertex 220.681 79.1365 2.5
    endloop
  endfacet
  facet normal -0.64925 -0.760575 0
    outer loop
      vertex 220.882 79.0135 2.5
      vertex 221.061 78.8607 26
      vertex 220.882 79.0135 26
    endloop
  endfacet
  facet normal -0.64925 -0.760575 -0
    outer loop
      vertex 221.061 78.8607 26
      vertex 220.882 79.0135 2.5
      vertex 221.061 78.8607 2.5
    endloop
  endfacet
  facet normal -0.972302 0.233727 0
    outer loop
      vertex 221.427 -78.2635 2.5
      vertex 221.482 -78.0347 26
      vertex 221.482 -78.0347 2.5
    endloop
  endfacet
  facet normal -0.972302 0.233727 0
    outer loop
      vertex 221.482 -78.0347 26
      vertex 221.427 -78.2635 2.5
      vertex 221.427 -78.2635 26
    endloop
  endfacet
  facet normal -0.924017 -0.382352 0
    outer loop
      vertex 221.427 78.2635 2.5
      vertex 221.337 78.481 26
      vertex 221.337 78.481 2.5
    endloop
  endfacet
  facet normal -0.924017 -0.382352 0
    outer loop
      vertex 221.337 78.481 26
      vertex 221.427 78.2635 2.5
      vertex 221.427 78.2635 26
    endloop
  endfacet
  facet normal -0.85262 -0.522532 0
    outer loop
      vertex 221.337 78.481 2.5
      vertex 221.214 78.6817 26
      vertex 221.214 78.6817 2.5
    endloop
  endfacet
  facet normal -0.85262 -0.522532 0
    outer loop
      vertex 221.214 78.6817 26
      vertex 221.337 78.481 2.5
      vertex 221.337 78.481 26
    endloop
  endfacet
endsolid OpenSCAD_Model
